2026-06-17T00:00:18.184+05:30  INFO 23988 --- [appverse-ai] [http-nio-8080-exec-1] c.w.service.impl.CategoryServiceImpl     : Fetching all categories
2026-06-17T00:00:18.184+05:30  INFO 23988 --- [appverse-ai] [http-nio-8080-exec-5] com.wipro.service.impl.AppServiceImpl    : Fetching all apps
2026-06-17T00:00:18.250+05:30  INFO 23988 --- [appverse-ai] [http-nio-8080-exec-4] c.w.service.impl.CategoryServiceImpl     : Fetching all categories
2026-06-17T00:00:18.265+05:30  INFO 23988 --- [appverse-ai] [http-nio-8080-exec-3] com.wipro.service.impl.AppServiceImpl    : Fetching all apps
2026-06-17T00:00:18.265+05:30  INFO 23988 --- [appverse-ai] [http-nio-8080-exec-9] c.w.s.impl.DeveloperProfileServiceImpl   : Fetching developer profile for user id: 1
2026-06-17T00:00:18.309+05:30  INFO 23988 --- [appverse-ai] [http-nio-8080-exec-8] c.w.s.impl.DeveloperProfileServiceImpl   : Fetching developer profile for user id: 1
2026-06-17T00:02:29.097+05:30  INFO 23988 --- [appverse-ai] [http-nio-8080-exec-3] com.wipro.service.impl.UserServiceImpl   : Login attempt for email: john@example.com
2026-06-17T00:02:29.178+05:30  INFO 23988 --- [appverse-ai] [http-nio-8080-exec-3] com.wipro.service.impl.UserServiceImpl   : Login successful for email: john@example.com
2026-06-17T00:02:29.194+05:30  INFO 23988 --- [appverse-ai] [http-nio-8080-exec-8] com.wipro.service.impl.UserServiceImpl   : Fetching all users
2026-06-17T00:02:29.261+05:30  INFO 23988 --- [appverse-ai] [http-nio-8080-exec-6] com.wipro.service.impl.AppServiceImpl    : Fetching all apps
2026-06-17T00:02:29.261+05:30  INFO 23988 --- [appverse-ai] [http-nio-8080-exec-7] c.w.service.impl.CategoryServiceImpl     : Fetching all categories
2026-06-17T00:02:29.275+05:30  INFO 23988 --- [appverse-ai] [http-nio-8080-exec-2] c.w.service.impl.CategoryServiceImpl     : Fetching all categories
2026-06-17T00:02:29.283+05:30  INFO 23988 --- [appverse-ai] [http-nio-8080-exec-10] com.wipro.service.impl.AppServiceImpl    : Fetching all apps
2026-06-17T00:02:32.839+05:30  INFO 23988 --- [appverse-ai] [http-nio-8080-exec-1] com.wipro.service.impl.AppServiceImpl    : Fetching all apps
2026-06-17T00:02:32.839+05:30  INFO 23988 --- [appverse-ai] [http-nio-8080-exec-5] c.w.service.impl.CategoryServiceImpl     : Fetching all categories
2026-06-17T00:02:32.858+05:30  INFO 23988 --- [appverse-ai] [http-nio-8080-exec-4] c.w.service.impl.CategoryServiceImpl     : Fetching all categories
2026-06-17T00:02:32.864+05:30  INFO 23988 --- [appverse-ai] [http-nio-8080-exec-9] com.wipro.service.impl.AppServiceImpl    : Fetching all apps
2026-06-17T00:02:32.868+05:30  INFO 23988 --- [appverse-ai] [http-nio-8080-exec-3] c.w.s.impl.DeveloperProfileServiceImpl   : Fetching developer profile for user id: 1
2026-06-17T00:02:32.889+05:30  INFO 23988 --- [appverse-ai] [http-nio-8080-exec-8] c.w.s.impl.DeveloperProfileServiceImpl   : Fetching developer profile for user id: 1
2026-06-17T00:02:40.706+05:30  INFO 23988 --- [appverse-ai] [http-nio-8080-exec-6] com.wipro.service.impl.AppServiceImpl    : Updating app with id: 12
2026-06-17T00:02:40.740+05:30  INFO 23988 --- [appverse-ai] [http-nio-8080-exec-2] com.wipro.service.impl.AppServiceImpl    : Fetching all apps
2026-06-17T00:02:40.740+05:30  INFO 23988 --- [appverse-ai] [http-nio-8080-exec-10] c.w.service.impl.CategoryServiceImpl     : Fetching all categories
2026-06-17T00:02:40.757+05:30  INFO 23988 --- [appverse-ai] [http-nio-8080-exec-5] c.w.s.impl.DeveloperProfileServiceImpl   : Fetching developer profile for user id: 1
2026-06-17T00:03:02.046+05:30  INFO 23988 --- [appverse-ai] [http-nio-8080-exec-4] com.wipro.service.impl.AppServiceImpl    : Updating app with id: 11
2026-06-17T00:03:02.064+05:30  INFO 23988 --- [appverse-ai] [http-nio-8080-exec-3] com.wipro.service.impl.AppServiceImpl    : Fetching all apps
2026-06-17T00:03:02.064+05:30  INFO 23988 --- [appverse-ai] [http-nio-8080-exec-9] c.w.service.impl.CategoryServiceImpl     : Fetching all categories
2026-06-17T00:03:02.080+05:30  INFO 23988 --- [appverse-ai] [http-nio-8080-exec-8] c.w.s.impl.DeveloperProfileServiceImpl   : Fetching developer profile for user id: 1
2026-06-17T00:03:19.830+05:30  INFO 23988 --- [appverse-ai] [http-nio-8080-exec-6] com.wipro.service.impl.AppServiceImpl    : Updating app with id: 13
2026-06-17T00:03:19.855+05:30  INFO 23988 --- [appverse-ai] [http-nio-8080-exec-10] com.wipro.service.impl.AppServiceImpl    : Fetching all apps
2026-06-17T00:03:19.855+05:30  INFO 23988 --- [appverse-ai] [http-nio-8080-exec-2] c.w.service.impl.CategoryServiceImpl     : Fetching all categories
2026-06-17T00:03:19.871+05:30  INFO 23988 --- [appverse-ai] [http-nio-8080-exec-5] c.w.s.impl.DeveloperProfileServiceImpl   : Fetching developer profile for user id: 1
2026-06-17T00:03:38.273+05:30  INFO 23988 --- [appverse-ai] [http-nio-8080-exec-9] c.w.service.impl.CategoryServiceImpl     : Fetching all categories
2026-06-17T00:03:38.273+05:30  INFO 23988 --- [appverse-ai] [http-nio-8080-exec-4] com.wipro.service.impl.AppServiceImpl    : Fetching all apps
2026-06-17T00:03:38.288+05:30  INFO 23988 --- [appverse-ai] [http-nio-8080-exec-3] c.w.service.impl.CategoryServiceImpl     : Fetching all categories
2026-06-17T00:03:38.288+05:30  INFO 23988 --- [appverse-ai] [http-nio-8080-exec-8] com.wipro.service.impl.AppServiceImpl    : Fetching all apps
2026-06-17T00:03:38.305+05:30  INFO 23988 --- [appverse-ai] [http-nio-8080-exec-7] c.w.s.impl.DeveloperProfileServiceImpl   : Fetching developer profile for user id: 1
2026-06-17T00:03:38.321+05:30  INFO 23988 --- [appverse-ai] [http-nio-8080-exec-6] c.w.s.impl.DeveloperProfileServiceImpl   : Fetching developer profile for user id: 1
2026-06-17T00:03:48.745+05:30  INFO 23988 --- [appverse-ai] [http-nio-8080-exec-2] com.wipro.service.impl.UserServiceImpl   : Login attempt for email: admin@example.com
2026-06-17T00:03:48.812+05:30  INFO 23988 --- [appverse-ai] [http-nio-8080-exec-2] com.wipro.service.impl.UserServiceImpl   : Login successful for email: admin@example.com
2026-06-17T00:03:48.830+05:30  INFO 23988 --- [appverse-ai] [http-nio-8080-exec-10] com.wipro.service.impl.UserServiceImpl   : Fetching all users
2026-06-17T00:03:48.866+05:30  INFO 23988 --- [appverse-ai] [http-nio-8080-exec-5] com.wipro.service.impl.AppServiceImpl    : Fetching all apps
2026-06-17T00:03:48.866+05:30  INFO 23988 --- [appverse-ai] [http-nio-8080-exec-1] c.w.service.impl.CategoryServiceImpl     : Fetching all categories
2026-06-17T00:03:48.879+05:30  INFO 23988 --- [appverse-ai] [http-nio-8080-exec-9] c.w.service.impl.CategoryServiceImpl     : Fetching all categories
2026-06-17T00:03:48.888+05:30  INFO 23988 --- [appverse-ai] [http-nio-8080-exec-4] com.wipro.service.impl.AppServiceImpl    : Fetching all apps
2026-06-17T00:03:54.147+05:30  INFO 23988 --- [appverse-ai] [http-nio-8080-exec-3] com.wipro.service.impl.UserServiceImpl   : Fetching all users
2026-06-17T00:03:54.147+05:30  INFO 23988 --- [appverse-ai] [http-nio-8080-exec-8] com.wipro.service.impl.AppServiceImpl    : Fetching all apps
2026-06-17T00:03:54.147+05:30  INFO 23988 --- [appverse-ai] [http-nio-8080-exec-6] c.w.service.impl.DownloadServiceImpl     : Fetching all downloads
2026-06-17T00:03:54.155+05:30  INFO 23988 --- [appverse-ai] [http-nio-8080-exec-7] c.w.service.impl.CategoryServiceImpl     : Fetching all categories
2026-06-17T00:03:54.155+05:30  INFO 23988 --- [appverse-ai] [http-nio-8080-exec-2] c.wipro.service.impl.ReviewServiceImpl   : Fetching all reviews
2026-06-17T00:03:54.169+05:30  INFO 23988 --- [appverse-ai] [http-nio-8080-exec-10] c.w.service.impl.CategoryServiceImpl     : Fetching all categories
2026-06-17T00:03:54.169+05:30  INFO 23988 --- [appverse-ai] [http-nio-8080-exec-1] c.wipro.service.impl.ReviewServiceImpl   : Fetching all reviews
2026-06-17T00:03:54.171+05:30  INFO 23988 --- [appverse-ai] [http-nio-8080-exec-5] com.wipro.service.impl.UserServiceImpl   : Fetching all users
2026-06-17T00:03:54.171+05:30  INFO 23988 --- [appverse-ai] [http-nio-8080-exec-9] c.w.service.impl.DownloadServiceImpl     : Fetching all downloads
2026-06-17T00:03:54.176+05:30  INFO 23988 --- [appverse-ai] [http-nio-8080-exec-4] com.wipro.service.impl.AppServiceImpl    : Fetching all apps
2026-06-17T00:03:54.976+05:30  INFO 23988 --- [appverse-ai] [http-nio-8080-exec-7] com.wipro.service.impl.AppServiceImpl    : Fetching all apps
2026-06-17T00:03:54.976+05:30  INFO 23988 --- [appverse-ai] [http-nio-8080-exec-2] c.w.service.impl.CategoryServiceImpl     : Fetching all categories
2026-06-17T00:03:54.988+05:30  INFO 23988 --- [appverse-ai] [http-nio-8080-exec-6] c.w.service.impl.CategoryServiceImpl     : Fetching all categories
2026-06-17T00:03:55.000+05:30  INFO 23988 --- [appverse-ai] [http-nio-8080-exec-3] com.wipro.service.impl.AppServiceImpl    : Fetching all apps
2026-06-17T00:03:55.000+05:30  INFO 23988 --- [appverse-ai] [http-nio-8080-exec-8] c.w.s.impl.DeveloperProfileServiceImpl   : Fetching developer profile for user id: 2
2026-06-17T00:03:55.013+05:30  INFO 23988 --- [appverse-ai] [http-nio-8080-exec-10] c.w.s.impl.DeveloperProfileServiceImpl   : Fetching developer profile for user id: 2
2026-06-17T00:04:53.995+05:30  INFO 23988 --- [appverse-ai] [http-nio-8080-exec-5] com.wipro.service.impl.AppServiceImpl    : Creating app: YouTube
2026-06-17T00:04:54.020+05:30  INFO 23988 --- [appverse-ai] [http-nio-8080-exec-9] com.wipro.service.impl.AppServiceImpl    : Fetching all apps
2026-06-17T00:04:54.020+05:30  INFO 23988 --- [appverse-ai] [http-nio-8080-exec-4] c.w.service.impl.CategoryServiceImpl     : Fetching all categories
2026-06-17T00:04:54.039+05:30  INFO 23988 --- [appverse-ai] [http-nio-8080-exec-2] c.w.s.impl.DeveloperProfileServiceImpl   : Fetching developer profile for user id: 1
2026-06-17T00:06:06.930+05:30  INFO 23988 --- [appverse-ai] [http-nio-8080-exec-5] com.wipro.service.impl.AppServiceImpl    : Creating app: Netflix
2026-06-17T00:06:06.955+05:30  INFO 23988 --- [appverse-ai] [http-nio-8080-exec-9] c.w.service.impl.CategoryServiceImpl     : Fetching all categories
2026-06-17T00:06:06.955+05:30  INFO 23988 --- [appverse-ai] [http-nio-8080-exec-4] com.wipro.service.impl.AppServiceImpl    : Fetching all apps
2026-06-17T00:06:06.972+05:30  INFO 23988 --- [appverse-ai] [http-nio-8080-exec-2] c.w.s.impl.DeveloperProfileServiceImpl   : Fetching developer profile for user id: 1
2026-06-17T00:06:19.752+05:30  INFO 23988 --- [appverse-ai] [http-nio-8080-exec-7] com.wipro.service.impl.AppServiceImpl    : Deleting app with id: 4
2026-06-17T00:06:19.805+05:30  INFO 23988 --- [appverse-ai] [http-nio-8080-exec-8] c.w.service.impl.CategoryServiceImpl     : Fetching all categories
2026-06-17T00:06:19.805+05:30  INFO 23988 --- [appverse-ai] [http-nio-8080-exec-6] com.wipro.service.impl.AppServiceImpl    : Fetching all apps
2026-06-17T00:06:19.830+05:30  INFO 23988 --- [appverse-ai] [http-nio-8080-exec-1] c.w.s.impl.DeveloperProfileServiceImpl   : Fetching developer profile for user id: 2
2026-06-17T00:06:50.036+05:30  INFO 23988 --- [appverse-ai] [http-nio-8080-exec-5] c.w.service.impl.CategoryServiceImpl     : Fetching all categories
2026-06-17T00:06:50.036+05:30  INFO 23988 --- [appverse-ai] [http-nio-8080-exec-10] com.wipro.service.impl.AppServiceImpl    : Fetching all apps
2026-06-17T00:06:50.053+05:30  INFO 23988 --- [appverse-ai] [http-nio-8080-exec-9] c.w.service.impl.CategoryServiceImpl     : Fetching all categories
2026-06-17T00:06:50.060+05:30  INFO 23988 --- [appverse-ai] [http-nio-8080-exec-4] com.wipro.service.impl.AppServiceImpl    : Fetching all apps
2026-06-17T00:07:14.450+05:30  INFO 23988 --- [appverse-ai] [http-nio-8080-exec-3] com.wipro.service.impl.AppServiceImpl    : Deleting app with id: 5
2026-06-17T00:07:14.471+05:30  INFO 23988 --- [appverse-ai] [http-nio-8080-exec-8] c.w.service.impl.CategoryServiceImpl     : Fetching all categories
2026-06-17T00:07:14.471+05:30  INFO 23988 --- [appverse-ai] [http-nio-8080-exec-7] com.wipro.service.impl.AppServiceImpl    : Fetching all apps
2026-06-17T00:07:14.488+05:30  INFO 23988 --- [appverse-ai] [http-nio-8080-exec-6] c.w.s.impl.DeveloperProfileServiceImpl   : Fetching developer profile for user id: 2
2026-06-17T00:07:27.211+05:30  INFO 23988 --- [appverse-ai] [http-nio-8080-exec-1] com.wipro.service.impl.AppServiceImpl    : Fetching all apps
2026-06-17T00:07:27.211+05:30  INFO 23988 --- [appverse-ai] [http-nio-8080-exec-5] c.w.service.impl.CategoryServiceImpl     : Fetching all categories
2026-06-17T00:07:27.227+05:30  INFO 23988 --- [appverse-ai] [http-nio-8080-exec-10] c.w.service.impl.CategoryServiceImpl     : Fetching all categories
2026-06-17T00:07:27.237+05:30  INFO 23988 --- [appverse-ai] [http-nio-8080-exec-9] com.wipro.service.impl.AppServiceImpl    : Fetching all apps
2026-06-17T00:07:57.710+05:30  INFO 23988 --- [appverse-ai] [http-nio-8080-exec-2] c.w.service.impl.CategoryServiceImpl     : Fetching all categories
2026-06-17T00:07:57.710+05:30  INFO 23988 --- [appverse-ai] [http-nio-8080-exec-4] com.wipro.service.impl.AppServiceImpl    : Fetching all apps
2026-06-17T00:07:57.719+05:30  INFO 23988 --- [appverse-ai] [http-nio-8080-exec-3] c.w.service.impl.CategoryServiceImpl     : Fetching all categories
2026-06-17T00:07:57.727+05:30  INFO 23988 --- [appverse-ai] [http-nio-8080-exec-8] com.wipro.service.impl.AppServiceImpl    : Fetching all apps
2026-06-17T00:07:57.727+05:30  INFO 23988 --- [appverse-ai] [http-nio-8080-exec-7] c.w.s.impl.DeveloperProfileServiceImpl   : Fetching developer profile for user id: 2
2026-06-17T00:07:57.744+05:30  INFO 23988 --- [appverse-ai] [http-nio-8080-exec-6] c.w.s.impl.DeveloperProfileServiceImpl   : Fetching developer profile for user id: 2
2026-06-17T00:08:12.568+05:30  INFO 23988 --- [appverse-ai] [http-nio-8080-exec-1] com.wipro.service.impl.AppServiceImpl    : Updating app with id: 6
2026-06-17T00:08:12.585+05:30  INFO 23988 --- [appverse-ai] [http-nio-8080-exec-9] c.w.service.impl.CategoryServiceImpl     : Fetching all categories
2026-06-17T00:08:12.585+05:30  INFO 23988 --- [appverse-ai] [http-nio-8080-exec-10] com.wipro.service.impl.AppServiceImpl    : Fetching all apps
2026-06-17T00:08:12.608+05:30  INFO 23988 --- [appverse-ai] [http-nio-8080-exec-2] c.w.s.impl.DeveloperProfileServiceImpl   : Fetching developer profile for user id: 2
2026-06-17T00:08:39.661+05:30  INFO 23988 --- [appverse-ai] [http-nio-8080-exec-4] com.wipro.service.impl.UserServiceImpl   : Login attempt for email: john@example.com
2026-06-17T00:08:39.726+05:30  INFO 23988 --- [appverse-ai] [http-nio-8080-exec-4] com.wipro.service.impl.UserServiceImpl   : Login successful for email: john@example.com
2026-06-17T00:08:39.741+05:30  INFO 23988 --- [appverse-ai] [http-nio-8080-exec-3] com.wipro.service.impl.UserServiceImpl   : Fetching all users
2026-06-17T00:08:39.774+05:30  INFO 23988 --- [appverse-ai] [http-nio-8080-exec-8] c.w.service.impl.CategoryServiceImpl     : Fetching all categories
2026-06-17T00:08:39.774+05:30  INFO 23988 --- [appverse-ai] [http-nio-8080-exec-7] com.wipro.service.impl.AppServiceImpl    : Fetching all apps
2026-06-17T00:08:39.793+05:30  INFO 23988 --- [appverse-ai] [http-nio-8080-exec-6] c.w.service.impl.CategoryServiceImpl     : Fetching all categories
2026-06-17T00:08:39.793+05:30  INFO 23988 --- [appverse-ai] [http-nio-8080-exec-5] com.wipro.service.impl.AppServiceImpl    : Fetching all apps
2026-06-17T00:08:47.171+05:30  INFO 23988 --- [appverse-ai] [http-nio-8080-exec-9] c.w.service.impl.CategoryServiceImpl     : Fetching all categories
2026-06-17T00:08:47.171+05:30  INFO 23988 --- [appverse-ai] [http-nio-8080-exec-1] com.wipro.service.impl.AppServiceImpl    : Fetching all apps
2026-06-17T00:08:47.185+05:30  INFO 23988 --- [appverse-ai] [http-nio-8080-exec-10] c.w.service.impl.CategoryServiceImpl     : Fetching all categories
2026-06-17T00:08:47.202+05:30  INFO 23988 --- [appverse-ai] [http-nio-8080-exec-2] com.wipro.service.impl.AppServiceImpl    : Fetching all apps
2026-06-17T00:08:47.202+05:30  INFO 23988 --- [appverse-ai] [http-nio-8080-exec-4] c.w.s.impl.DeveloperProfileServiceImpl   : Fetching developer profile for user id: 1
2026-06-17T00:08:47.226+05:30  INFO 23988 --- [appverse-ai] [http-nio-8080-exec-3] c.w.s.impl.DeveloperProfileServiceImpl   : Fetching developer profile for user id: 1
2026-06-17T00:09:27.760+05:30  INFO 23988 --- [appverse-ai] [http-nio-8080-exec-8] com.wipro.service.impl.AppServiceImpl    : Creating app:  WhatsApp
2026-06-17T00:09:27.785+05:30  INFO 23988 --- [appverse-ai] [http-nio-8080-exec-6] c.w.service.impl.CategoryServiceImpl     : Fetching all categories
2026-06-17T00:09:27.785+05:30  INFO 23988 --- [appverse-ai] [http-nio-8080-exec-7] com.wipro.service.impl.AppServiceImpl    : Fetching all apps
2026-06-17T00:09:27.805+05:30  INFO 23988 --- [appverse-ai] [http-nio-8080-exec-5] c.w.s.impl.DeveloperProfileServiceImpl   : Fetching developer profile for user id: 1
2026-06-17T00:09:35.142+05:30  INFO 23988 --- [appverse-ai] [http-nio-8080-exec-1] com.wipro.service.impl.AppServiceImpl    : Deleting app with id: 6
2026-06-17T00:09:35.169+05:30  INFO 23988 --- [appverse-ai] [http-nio-8080-exec-4] c.w.service.impl.CategoryServiceImpl     : Fetching all categories
2026-06-17T00:09:35.169+05:30  INFO 23988 --- [appverse-ai] [http-nio-8080-exec-10] com.wipro.service.impl.AppServiceImpl    : Fetching all apps
2026-06-17T00:09:35.186+05:30  INFO 23988 --- [appverse-ai] [http-nio-8080-exec-2] c.w.s.impl.DeveloperProfileServiceImpl   : Fetching developer profile for user id: 2
2026-06-17T00:10:58.445+05:30  INFO 23988 --- [appverse-ai] [http-nio-8080-exec-7] com.wipro.service.impl.AppServiceImpl    : Creating app: Instagram
2026-06-17T00:10:58.469+05:30  INFO 23988 --- [appverse-ai] [http-nio-8080-exec-5] com.wipro.service.impl.AppServiceImpl    : Fetching all apps
2026-06-17T00:10:58.469+05:30  INFO 23988 --- [appverse-ai] [http-nio-8080-exec-9] c.w.service.impl.CategoryServiceImpl     : Fetching all categories
2026-06-17T00:10:58.492+05:30  INFO 23988 --- [appverse-ai] [http-nio-8080-exec-1] c.w.s.impl.DeveloperProfileServiceImpl   : Fetching developer profile for user id: 1
2026-06-17T00:11:12.465+05:30  INFO 23988 --- [appverse-ai] [http-nio-8080-exec-10] com.wipro.service.impl.AppServiceImpl    : Deleting app with id: 7
2026-06-17T00:11:12.485+05:30  INFO 23988 --- [appverse-ai] [http-nio-8080-exec-2] com.wipro.service.impl.AppServiceImpl    : Fetching all apps
2026-06-17T00:11:12.485+05:30  INFO 23988 --- [appverse-ai] [http-nio-8080-exec-3] c.w.service.impl.CategoryServiceImpl     : Fetching all categories
2026-06-17T00:11:12.502+05:30  INFO 23988 --- [appverse-ai] [http-nio-8080-exec-8] c.w.s.impl.DeveloperProfileServiceImpl   : Fetching developer profile for user id: 2
2026-06-17T00:12:01.287+05:30  INFO 23988 --- [appverse-ai] [http-nio-8080-exec-6] com.wipro.service.impl.AppServiceImpl    : Creating app: Facebook
2026-06-17T00:12:01.299+05:30  INFO 23988 --- [appverse-ai] [http-nio-8080-exec-7] com.wipro.service.impl.AppServiceImpl    : Fetching all apps
2026-06-17T00:12:01.299+05:30  INFO 23988 --- [appverse-ai] [http-nio-8080-exec-9] c.w.service.impl.CategoryServiceImpl     : Fetching all categories
2026-06-17T00:12:01.318+05:30  INFO 23988 --- [appverse-ai] [http-nio-8080-exec-5] c.w.s.impl.DeveloperProfileServiceImpl   : Fetching developer profile for user id: 1
2026-06-17T00:12:08.079+05:30  INFO 23988 --- [appverse-ai] [http-nio-8080-exec-4] com.wipro.service.impl.AppServiceImpl    : Deleting app with id: 8
2026-06-17T00:12:08.100+05:30  INFO 23988 --- [appverse-ai] [http-nio-8080-exec-3] c.w.service.impl.CategoryServiceImpl     : Fetching all categories
2026-06-17T00:12:08.100+05:30  INFO 23988 --- [appverse-ai] [http-nio-8080-exec-10] com.wipro.service.impl.AppServiceImpl    : Fetching all apps
2026-06-17T00:12:08.116+05:30  INFO 23988 --- [appverse-ai] [http-nio-8080-exec-2] c.w.s.impl.DeveloperProfileServiceImpl   : Fetching developer profile for user id: 2
2026-06-17T00:12:52.737+05:30  INFO 23988 --- [appverse-ai] [http-nio-8080-exec-8] com.wipro.service.impl.AppServiceImpl    : Creating app: Udemy
2026-06-17T00:12:52.749+05:30  INFO 23988 --- [appverse-ai] [http-nio-8080-exec-9] c.w.service.impl.CategoryServiceImpl     : Fetching all categories
2026-06-17T00:12:52.749+05:30  INFO 23988 --- [appverse-ai] [http-nio-8080-exec-6] com.wipro.service.impl.AppServiceImpl    : Fetching all apps
2026-06-17T00:12:52.767+05:30  INFO 23988 --- [appverse-ai] [http-nio-8080-exec-7] c.w.s.impl.DeveloperProfileServiceImpl   : Fetching developer profile for user id: 1
2026-06-17T00:12:59.045+05:30  INFO 23988 --- [appverse-ai] [http-nio-8080-exec-1] com.wipro.service.impl.AppServiceImpl    : Deleting app with id: 9
2026-06-17T00:12:59.064+05:30  INFO 23988 --- [appverse-ai] [http-nio-8080-exec-3] c.w.service.impl.CategoryServiceImpl     : Fetching all categories
2026-06-17T00:12:59.064+05:30  INFO 23988 --- [appverse-ai] [http-nio-8080-exec-4] com.wipro.service.impl.AppServiceImpl    : Fetching all apps
2026-06-17T00:12:59.067+05:30  INFO 23988 --- [appverse-ai] [http-nio-8080-exec-10] c.w.s.impl.DeveloperProfileServiceImpl   : Fetching developer profile for user id: 2
2026-06-17T00:13:30.985+05:30  INFO 23988 --- [appverse-ai] [http-nio-8080-exec-2] com.wipro.service.impl.AppServiceImpl    : Creating app: Coursera
2026-06-17T00:13:31.002+05:30  INFO 23988 --- [appverse-ai] [http-nio-8080-exec-8] com.wipro.service.impl.AppServiceImpl    : Fetching all apps
2026-06-17T00:13:31.002+05:30  INFO 23988 --- [appverse-ai] [http-nio-8080-exec-9] c.w.service.impl.CategoryServiceImpl     : Fetching all categories
2026-06-17T00:13:31.023+05:30  INFO 23988 --- [appverse-ai] [http-nio-8080-exec-6] c.w.s.impl.DeveloperProfileServiceImpl   : Fetching developer profile for user id: 1
2026-06-17T00:13:34.996+05:30  INFO 23988 --- [appverse-ai] [http-nio-8080-exec-5] com.wipro.service.impl.AppServiceImpl    : Deleting app with id: 10
2026-06-17T00:13:35.017+05:30  INFO 23988 --- [appverse-ai] [http-nio-8080-exec-1] com.wipro.service.impl.AppServiceImpl    : Fetching all apps
2026-06-17T00:13:35.017+05:30  INFO 23988 --- [appverse-ai] [http-nio-8080-exec-3] c.w.service.impl.CategoryServiceImpl     : Fetching all categories
2026-06-17T00:13:35.033+05:30  INFO 23988 --- [appverse-ai] [http-nio-8080-exec-4] c.w.s.impl.DeveloperProfileServiceImpl   : Fetching developer profile for user id: 2
2026-06-17T00:13:40.382+05:30  INFO 23988 --- [appverse-ai] [http-nio-8080-exec-2] c.w.service.impl.CategoryServiceImpl     : Fetching all categories
2026-06-17T00:13:40.382+05:30  INFO 23988 --- [appverse-ai] [http-nio-8080-exec-10] com.wipro.service.impl.AppServiceImpl    : Fetching all apps
2026-06-17T00:13:40.382+05:30  INFO 23988 --- [appverse-ai] [http-nio-8080-exec-9] c.w.service.impl.CategoryServiceImpl     : Fetching all categories
2026-06-17T00:13:40.398+05:30  INFO 23988 --- [appverse-ai] [http-nio-8080-exec-8] com.wipro.service.impl.AppServiceImpl    : Fetching all apps
2026-06-17T00:13:40.401+05:30  INFO 23988 --- [appverse-ai] [http-nio-8080-exec-6] c.w.s.impl.DeveloperProfileServiceImpl   : Fetching developer profile for user id: 1
2026-06-17T00:13:40.420+05:30  INFO 23988 --- [appverse-ai] [http-nio-8080-exec-7] c.w.s.impl.DeveloperProfileServiceImpl   : Fetching developer profile for user id: 1
2026-06-17T00:13:43.055+05:30  INFO 23988 --- [appverse-ai] [http-nio-8080-exec-5] com.wipro.service.impl.AppServiceImpl    : Fetching all apps
2026-06-17T00:13:43.055+05:30  INFO 23988 --- [appverse-ai] [http-nio-8080-exec-3] c.w.service.impl.CategoryServiceImpl     : Fetching all categories
2026-06-17T00:13:43.072+05:30  INFO 23988 --- [appverse-ai] [http-nio-8080-exec-1] c.w.service.impl.CategoryServiceImpl     : Fetching all categories
2026-06-17T00:13:43.076+05:30  INFO 23988 --- [appverse-ai] [http-nio-8080-exec-4] com.wipro.service.impl.AppServiceImpl    : Fetching all apps
2026-06-17T00:14:42.500+05:30  INFO 23988 --- [appverse-ai] [http-nio-8080-exec-10] c.w.service.impl.CategoryServiceImpl     : Fetching all categories
2026-06-17T00:14:42.500+05:30  INFO 23988 --- [appverse-ai] [http-nio-8080-exec-2] com.wipro.service.impl.AppServiceImpl    : Fetching all apps
2026-06-17T00:14:42.510+05:30  INFO 23988 --- [appverse-ai] [http-nio-8080-exec-9] c.w.service.impl.CategoryServiceImpl     : Fetching all categories
2026-06-17T00:14:42.517+05:30  INFO 23988 --- [appverse-ai] [http-nio-8080-exec-6] com.wipro.service.impl.AppServiceImpl    : Fetching all apps
2026-06-17T00:14:42.520+05:30  INFO 23988 --- [appverse-ai] [http-nio-8080-exec-8] c.w.s.impl.DeveloperProfileServiceImpl   : Fetching developer profile for user id: 1
2026-06-17T00:14:42.536+05:30  INFO 23988 --- [appverse-ai] [http-nio-8080-exec-7] c.w.s.impl.DeveloperProfileServiceImpl   : Fetching developer profile for user id: 1
2026-06-17T00:14:56.635+05:30  INFO 23988 --- [appverse-ai] [http-nio-8080-exec-5] com.wipro.service.impl.AppServiceImpl    : Updating app with id: 45
2026-06-17T00:14:56.647+05:30  INFO 23988 --- [appverse-ai] [http-nio-8080-exec-1] com.wipro.service.impl.AppServiceImpl    : Fetching all apps
2026-06-17T00:14:56.647+05:30  INFO 23988 --- [appverse-ai] [http-nio-8080-exec-4] c.w.service.impl.CategoryServiceImpl     : Fetching all categories
2026-06-17T00:14:56.666+05:30  INFO 23988 --- [appverse-ai] [http-nio-8080-exec-10] c.w.s.impl.DeveloperProfileServiceImpl   : Fetching developer profile for user id: 1
2026-06-17T00:14:58.542+05:30  INFO 23988 --- [appverse-ai] [http-nio-8080-exec-2] com.wipro.service.impl.AppServiceImpl    : Fetching all apps
2026-06-17T00:14:58.542+05:30  INFO 23988 --- [appverse-ai] [http-nio-8080-exec-9] c.w.service.impl.CategoryServiceImpl     : Fetching all categories
2026-06-17T00:14:58.552+05:30  INFO 23988 --- [appverse-ai] [http-nio-8080-exec-8] c.w.service.impl.CategoryServiceImpl     : Fetching all categories
2026-06-17T00:14:58.556+05:30  INFO 23988 --- [appverse-ai] [http-nio-8080-exec-6] com.wipro.service.impl.AppServiceImpl    : Fetching all apps
2026-06-17T00:15:05.199+05:30  INFO 23988 --- [appverse-ai] [http-nio-8080-exec-5] com.wipro.service.impl.AppServiceImpl    : Fetching all apps
2026-06-17T00:15:05.202+05:30  INFO 23988 --- [appverse-ai] [http-nio-8080-exec-4] c.w.s.impl.RecommendationServiceImpl     : Fetching recommendations for user id: 1
2026-06-17T00:15:05.212+05:30  INFO 23988 --- [appverse-ai] [http-nio-8080-exec-1] c.w.s.impl.RecommendationServiceImpl     : Fetching recommendations for user id: 1
2026-06-17T00:15:05.212+05:30  INFO 23988 --- [appverse-ai] [http-nio-8080-exec-10] com.wipro.service.impl.AppServiceImpl    : Fetching all apps
2026-06-17T00:15:08.235+05:30  INFO 23988 --- [appverse-ai] [http-nio-8080-exec-8] c.w.service.impl.DownloadServiceImpl     : Fetching downloads for user id: 1
2026-06-17T00:15:08.253+05:30  INFO 23988 --- [appverse-ai] [http-nio-8080-exec-6] c.w.service.impl.DownloadServiceImpl     : Fetching downloads for user id: 1
2026-06-17T00:15:09.614+05:30  INFO 23988 --- [appverse-ai] [http-nio-8080-exec-4] com.wipro.service.impl.AppServiceImpl    : Fetching all apps
2026-06-17T00:15:09.614+05:30  INFO 23988 --- [appverse-ai] [http-nio-8080-exec-5] c.wipro.service.impl.ReviewServiceImpl   : Fetching all reviews
2026-06-17T00:15:09.614+05:30  INFO 23988 --- [appverse-ai] [http-nio-8080-exec-7] c.w.service.impl.DownloadServiceImpl     : Fetching downloads for user id: 1
2026-06-17T00:15:09.614+05:30  INFO 23988 --- [appverse-ai] [http-nio-8080-exec-3] c.w.s.impl.RecommendationServiceImpl     : Fetching recommendations for user id: 1
2026-06-17T00:15:09.626+05:30  INFO 23988 --- [appverse-ai] [http-nio-8080-exec-9] c.wipro.service.impl.ReviewServiceImpl   : Fetching all reviews
2026-06-17T00:15:09.626+05:30  INFO 23988 --- [appverse-ai] [http-nio-8080-exec-10] c.w.s.impl.RecommendationServiceImpl     : Fetching recommendations for user id: 1
2026-06-17T00:15:09.626+05:30  INFO 23988 --- [appverse-ai] [http-nio-8080-exec-1] c.w.service.impl.DownloadServiceImpl     : Fetching downloads for user id: 1
2026-06-17T00:15:09.634+05:30  INFO 23988 --- [appverse-ai] [http-nio-8080-exec-2] com.wipro.service.impl.AppServiceImpl    : Fetching all apps
2026-06-17T00:15:14.422+05:30  INFO 23988 --- [appverse-ai] [http-nio-8080-exec-8] com.wipro.service.impl.AppServiceImpl    : Fetching all apps
2026-06-17T00:15:14.422+05:30  INFO 23988 --- [appverse-ai] [http-nio-8080-exec-6] c.w.service.impl.CategoryServiceImpl     : Fetching all categories
2026-06-17T00:15:14.438+05:30  INFO 23988 --- [appverse-ai] [http-nio-8080-exec-3] c.w.service.impl.CategoryServiceImpl     : Fetching all categories
2026-06-17T00:15:14.442+05:30  INFO 23988 --- [appverse-ai] [http-nio-8080-exec-7] com.wipro.service.impl.AppServiceImpl    : Fetching all apps
2026-06-17T00:15:17.489+05:30  INFO 23988 --- [appverse-ai] [http-nio-8080-exec-8] c.wipro.service.impl.ReviewServiceImpl   : Fetching reviews for app id: 45
2026-06-17T00:15:17.489+05:30  INFO 23988 --- [appverse-ai] [http-nio-8080-exec-3] c.w.service.impl.DownloadServiceImpl     : Getting total downloads for app id: 45
2026-06-17T00:15:17.489+05:30  INFO 23988 --- [appverse-ai] [http-nio-8080-exec-7] c.w.service.impl.AppVersionServiceImpl   : Fetching versions for app id: 45
2026-06-17T00:15:17.489+05:30  INFO 23988 --- [appverse-ai] [http-nio-8080-exec-5] com.wipro.service.impl.AppServiceImpl    : Fetching app by id: 45
2026-06-17T00:15:17.507+05:30  INFO 23988 --- [appverse-ai] [http-nio-8080-exec-2] c.w.service.impl.DownloadServiceImpl     : Getting total downloads for app id: 45
2026-06-17T00:15:17.507+05:30  INFO 23988 --- [appverse-ai] [http-nio-8080-exec-1] c.w.service.impl.AppVersionServiceImpl   : Fetching versions for app id: 45
2026-06-17T00:15:17.507+05:30  INFO 23988 --- [appverse-ai] [http-nio-8080-exec-4] c.wipro.service.impl.ReviewServiceImpl   : Fetching reviews for app id: 45
2026-06-17T00:15:17.507+05:30  INFO 23988 --- [appverse-ai] [http-nio-8080-exec-9] com.wipro.service.impl.AppServiceImpl    : Fetching app by id: 45
2026-06-17T00:15:21.789+05:30  INFO 23988 --- [appverse-ai] [http-nio-8080-exec-10] com.wipro.service.impl.AppServiceImpl    : Fetching all apps
2026-06-17T00:15:21.789+05:30  INFO 23988 --- [appverse-ai] [http-nio-8080-exec-6] c.w.service.impl.CategoryServiceImpl     : Fetching all categories
2026-06-17T00:15:21.806+05:30  INFO 23988 --- [appverse-ai] [http-nio-8080-exec-8] c.w.service.impl.CategoryServiceImpl     : Fetching all categories
2026-06-17T00:15:21.810+05:30  INFO 23988 --- [appverse-ai] [http-nio-8080-exec-7] com.wipro.service.impl.AppServiceImpl    : Fetching all apps
2026-06-17T00:15:21.812+05:30  INFO 23988 --- [appverse-ai] [http-nio-8080-exec-3] c.w.s.impl.DeveloperProfileServiceImpl   : Fetching developer profile for user id: 1
2026-06-17T00:15:21.818+05:30  INFO 23988 --- [appverse-ai] [http-nio-8080-exec-5] c.w.s.impl.DeveloperProfileServiceImpl   : Fetching developer profile for user id: 1
2026-06-17T00:15:57.701+05:30  INFO 23988 --- [appverse-ai] [http-nio-8080-exec-1] com.wipro.service.impl.AppServiceImpl    : Updating app with id: 45
2026-06-17T00:15:57.719+05:30  INFO 23988 --- [appverse-ai] [http-nio-8080-exec-2] com.wipro.service.impl.AppServiceImpl    : Fetching all apps
2026-06-17T00:15:57.719+05:30  INFO 23988 --- [appverse-ai] [http-nio-8080-exec-4] c.w.service.impl.CategoryServiceImpl     : Fetching all categories
2026-06-17T00:15:57.741+05:30  INFO 23988 --- [appverse-ai] [http-nio-8080-exec-9] c.w.s.impl.DeveloperProfileServiceImpl   : Fetching developer profile for user id: 1
2026-06-17T00:16:00.008+05:30  INFO 23988 --- [appverse-ai] [http-nio-8080-exec-10] c.w.service.impl.CategoryServiceImpl     : Fetching all categories
2026-06-17T00:16:00.008+05:30  INFO 23988 --- [appverse-ai] [http-nio-8080-exec-6] com.wipro.service.impl.AppServiceImpl    : Fetching all apps
2026-06-17T00:16:00.020+05:30  INFO 23988 --- [appverse-ai] [http-nio-8080-exec-8] c.w.service.impl.CategoryServiceImpl     : Fetching all categories
2026-06-17T00:16:00.024+05:30  INFO 23988 --- [appverse-ai] [http-nio-8080-exec-3] com.wipro.service.impl.AppServiceImpl    : Fetching all apps
2026-06-17T00:16:28.820+05:30  INFO 23988 --- [appverse-ai] [http-nio-8080-exec-2] c.w.service.impl.CategoryServiceImpl     : Fetching all categories
2026-06-17T00:16:28.820+05:30  INFO 23988 --- [appverse-ai] [http-nio-8080-exec-4] com.wipro.service.impl.AppServiceImpl    : Fetching all apps
2026-06-17T00:16:28.837+05:30  INFO 23988 --- [appverse-ai] [http-nio-8080-exec-9] c.w.service.impl.CategoryServiceImpl     : Fetching all categories
2026-06-17T00:16:28.842+05:30  INFO 23988 --- [appverse-ai] [http-nio-8080-exec-10] com.wipro.service.impl.AppServiceImpl    : Fetching all apps
2026-06-17T00:16:28.844+05:30  INFO 23988 --- [appverse-ai] [http-nio-8080-exec-6] c.w.s.impl.DeveloperProfileServiceImpl   : Fetching developer profile for user id: 1
2026-06-17T00:16:28.860+05:30  INFO 23988 --- [appverse-ai] [http-nio-8080-exec-8] c.w.s.impl.DeveloperProfileServiceImpl   : Fetching developer profile for user id: 1
2026-06-17T00:17:22.257+05:30  INFO 23988 --- [appverse-ai] [http-nio-8080-exec-5] c.w.service.impl.AppVersionServiceImpl   : Creating app version: 2.3.1
2026-06-17T00:18:12.549+05:30  INFO 23988 --- [appverse-ai] [http-nio-8080-exec-2] c.w.service.impl.AppVersionServiceImpl   : Creating app version: 3.0.0
2026-06-17T00:19:31.815+05:30  INFO 23988 --- [appverse-ai] [http-nio-8080-exec-9] c.w.service.impl.AppVersionServiceImpl   : Creating app version: 2.2.4
2026-06-17T00:20:15.845+05:30  INFO 23988 --- [appverse-ai] [http-nio-8080-exec-6] c.w.service.impl.AppVersionServiceImpl   : Creating app version: 5.1.0
2026-06-17T00:20:42.417+05:30  INFO 23988 --- [appverse-ai] [http-nio-8080-exec-8] c.w.service.impl.CategoryServiceImpl     : Fetching all categories
2026-06-17T00:20:42.417+05:30  INFO 23988 --- [appverse-ai] [http-nio-8080-exec-10] com.wipro.service.impl.AppServiceImpl    : Fetching all apps
2026-06-17T00:20:42.434+05:30  INFO 23988 --- [appverse-ai] [http-nio-8080-exec-3] c.w.service.impl.CategoryServiceImpl     : Fetching all categories
2026-06-17T00:20:42.438+05:30  INFO 23988 --- [appverse-ai] [http-nio-8080-exec-5] com.wipro.service.impl.AppServiceImpl    : Fetching all apps
2026-06-17T00:20:52.848+05:30  INFO 23988 --- [appverse-ai] [http-nio-8080-exec-7] c.w.service.impl.DownloadServiceImpl     : Getting total downloads for app id: 41
2026-06-17T00:20:52.848+05:30  INFO 23988 --- [appverse-ai] [http-nio-8080-exec-1] c.w.service.impl.AppVersionServiceImpl   : Fetching versions for app id: 41
2026-06-17T00:20:52.848+05:30  INFO 23988 --- [appverse-ai] [http-nio-8080-exec-5] c.wipro.service.impl.ReviewServiceImpl   : Fetching reviews for app id: 41
2026-06-17T00:20:52.848+05:30  INFO 23988 --- [appverse-ai] [http-nio-8080-exec-3] com.wipro.service.impl.AppServiceImpl    : Fetching app by id: 41
2026-06-17T00:20:52.858+05:30  INFO 23988 --- [appverse-ai] [http-nio-8080-exec-2] c.wipro.service.impl.ReviewServiceImpl   : Fetching reviews for app id: 41
2026-06-17T00:20:52.858+05:30  INFO 23988 --- [appverse-ai] [http-nio-8080-exec-6] com.wipro.service.impl.AppServiceImpl    : Fetching app by id: 41
2026-06-17T00:20:52.858+05:30  INFO 23988 --- [appverse-ai] [http-nio-8080-exec-4] c.w.service.impl.DownloadServiceImpl     : Getting total downloads for app id: 41
2026-06-17T00:20:52.858+05:30  INFO 23988 --- [appverse-ai] [http-nio-8080-exec-9] c.w.service.impl.AppVersionServiceImpl   : Fetching versions for app id: 41
2026-06-17T00:20:58.854+05:30  INFO 23988 --- [appverse-ai] [http-nio-8080-exec-10] c.w.service.impl.CategoryServiceImpl     : Fetching all categories
2026-06-17T00:20:58.854+05:30  INFO 23988 --- [appverse-ai] [http-nio-8080-exec-8] com.wipro.service.impl.AppServiceImpl    : Fetching all apps
2026-06-17T00:20:58.868+05:30  INFO 23988 --- [appverse-ai] [http-nio-8080-exec-7] c.w.service.impl.CategoryServiceImpl     : Fetching all categories
2026-06-17T00:20:58.873+05:30  INFO 23988 --- [appverse-ai] [http-nio-8080-exec-5] com.wipro.service.impl.AppServiceImpl    : Fetching all apps
2026-06-17T00:21:08.015+05:30  INFO 23988 --- [appverse-ai] [http-nio-8080-exec-3] com.wipro.service.impl.AppServiceImpl    : Fetching all apps
2026-06-17T00:21:08.015+05:30  INFO 23988 --- [appverse-ai] [http-nio-8080-exec-1] c.w.s.impl.RecommendationServiceImpl     : Fetching recommendations for user id: 1
2026-06-17T00:21:08.033+05:30  INFO 23988 --- [appverse-ai] [http-nio-8080-exec-4] c.w.s.impl.RecommendationServiceImpl     : Fetching recommendations for user id: 1
2026-06-17T00:21:08.039+05:30  INFO 23988 --- [appverse-ai] [http-nio-8080-exec-2] com.wipro.service.impl.AppServiceImpl    : Fetching all apps
2026-06-17T00:21:09.890+05:30  INFO 23988 --- [appverse-ai] [http-nio-8080-exec-8] c.wipro.service.impl.ReviewServiceImpl   : Fetching all reviews
2026-06-17T00:21:09.890+05:30  INFO 23988 --- [appverse-ai] [http-nio-8080-exec-10] com.wipro.service.impl.AppServiceImpl    : Fetching all apps
2026-06-17T00:21:09.890+05:30  INFO 23988 --- [appverse-ai] [http-nio-8080-exec-9] c.w.service.impl.DownloadServiceImpl     : Fetching downloads for user id: 1
2026-06-17T00:21:09.890+05:30  INFO 23988 --- [appverse-ai] [http-nio-8080-exec-6] c.w.s.impl.RecommendationServiceImpl     : Fetching recommendations for user id: 1
2026-06-17T00:21:09.900+05:30  INFO 23988 --- [appverse-ai] [http-nio-8080-exec-1] c.wipro.service.impl.ReviewServiceImpl   : Fetching all reviews
2026-06-17T00:21:09.900+05:30  INFO 23988 --- [appverse-ai] [http-nio-8080-exec-5] c.w.s.impl.RecommendationServiceImpl     : Fetching recommendations for user id: 1
2026-06-17T00:21:09.900+05:30  INFO 23988 --- [appverse-ai] [http-nio-8080-exec-7] c.w.service.impl.DownloadServiceImpl     : Fetching downloads for user id: 1
2026-06-17T00:21:09.907+05:30  INFO 23988 --- [appverse-ai] [http-nio-8080-exec-3] com.wipro.service.impl.AppServiceImpl    : Fetching all apps
2026-06-17T00:21:37.612+05:30  INFO 23988 --- [appverse-ai] [http-nio-8080-exec-2] com.wipro.service.impl.AppServiceImpl    : Fetching all apps
2026-06-17T00:21:37.615+05:30  INFO 23988 --- [appverse-ai] [http-nio-8080-exec-6] c.w.service.impl.CategoryServiceImpl     : Fetching all categories
2026-06-17T00:21:37.627+05:30  INFO 23988 --- [appverse-ai] [http-nio-8080-exec-8] c.w.service.impl.CategoryServiceImpl     : Fetching all categories
2026-06-17T00:21:37.628+05:30  INFO 23988 --- [appverse-ai] [http-nio-8080-exec-10] com.wipro.service.impl.AppServiceImpl    : Fetching all apps
2026-06-17T00:21:37.631+05:30  INFO 23988 --- [appverse-ai] [http-nio-8080-exec-5] c.w.s.impl.DeveloperProfileServiceImpl   : Fetching developer profile for user id: 1
2026-06-17T00:21:37.650+05:30  INFO 23988 --- [appverse-ai] [http-nio-8080-exec-7] c.w.s.impl.DeveloperProfileServiceImpl   : Fetching developer profile for user id: 1
2026-06-17T00:22:17.696+05:30  INFO 23988 --- [appverse-ai] [http-nio-8080-exec-9] c.w.service.impl.AppVersionServiceImpl   : Creating app version: 3.1.3
2026-06-17T00:23:01.778+05:30  INFO 23988 --- [appverse-ai] [http-nio-8080-exec-8] c.w.service.impl.AppVersionServiceImpl   : Creating app version: 8.02
2026-06-17T00:23:36.878+05:30  INFO 23988 --- [appverse-ai] [http-nio-8080-exec-5] c.w.service.impl.AppVersionServiceImpl   : Creating app version: 2.1.0
2026-06-17T00:29:31.650+05:30  INFO 23988 --- [appverse-ai] [http-nio-8080-exec-1] c.w.s.impl.DeveloperProfileServiceImpl   : Creating developer profile for user id: 1
2026-06-17T00:29:31.674+05:30  INFO 23988 --- [appverse-ai] [http-nio-8080-exec-3] c.w.service.impl.CategoryServiceImpl     : Fetching all categories
2026-06-17T00:29:31.674+05:30  INFO 23988 --- [appverse-ai] [http-nio-8080-exec-4] com.wipro.service.impl.AppServiceImpl    : Fetching all apps
2026-06-17T00:29:31.689+05:30  INFO 23988 --- [appverse-ai] [http-nio-8080-exec-6] c.w.s.impl.DeveloperProfileServiceImpl   : Fetching developer profile for user id: 1
2026-06-17T00:29:58.630+05:30  INFO 23988 --- [appverse-ai] [http-nio-8080-exec-8] com.wipro.service.impl.AppServiceImpl    : Fetching all apps
2026-06-17T00:29:58.630+05:30  INFO 23988 --- [appverse-ai] [http-nio-8080-exec-2] c.w.s.impl.RecommendationServiceImpl     : Fetching recommendations for user id: 1
2026-06-17T00:29:58.645+05:30  INFO 23988 --- [appverse-ai] [http-nio-8080-exec-5] c.w.s.impl.RecommendationServiceImpl     : Fetching recommendations for user id: 1
2026-06-17T00:29:58.651+05:30  INFO 23988 --- [appverse-ai] [http-nio-8080-exec-10] com.wipro.service.impl.AppServiceImpl    : Fetching all apps
2026-06-17T00:30:46.178+05:30  INFO 23988 --- [appverse-ai] [http-nio-8080-exec-7] c.w.service.impl.DownloadServiceImpl     : Fetching downloads for user id: 1
2026-06-17T00:30:46.196+05:30  INFO 23988 --- [appverse-ai] [http-nio-8080-exec-1] c.w.service.impl.DownloadServiceImpl     : Fetching downloads for user id: 1
2026-06-17T00:31:03.906+05:30  INFO 23988 --- [appverse-ai] [http-nio-8080-exec-8] com.wipro.service.impl.AppServiceImpl    : Fetching all apps
2026-06-17T00:31:03.906+05:30  INFO 23988 --- [appverse-ai] [http-nio-8080-exec-6] c.w.service.impl.DownloadServiceImpl     : Fetching downloads for user id: 1
2026-06-17T00:31:03.906+05:30  INFO 23988 --- [appverse-ai] [http-nio-8080-exec-2] c.w.s.impl.RecommendationServiceImpl     : Fetching recommendations for user id: 1
2026-06-17T00:31:03.907+05:30  INFO 23988 --- [appverse-ai] [http-nio-8080-exec-10] c.wipro.service.impl.ReviewServiceImpl   : Fetching all reviews
2026-06-17T00:31:03.917+05:30  INFO 23988 --- [appverse-ai] [http-nio-8080-exec-4] c.wipro.service.impl.ReviewServiceImpl   : Fetching all reviews
2026-06-17T00:31:03.917+05:30  INFO 23988 --- [appverse-ai] [http-nio-8080-exec-1] c.w.service.impl.DownloadServiceImpl     : Fetching downloads for user id: 1
2026-06-17T00:31:03.917+05:30  INFO 23988 --- [appverse-ai] [http-nio-8080-exec-7] c.w.s.impl.RecommendationServiceImpl     : Fetching recommendations for user id: 1
2026-06-17T00:31:03.923+05:30  INFO 23988 --- [appverse-ai] [http-nio-8080-exec-3] com.wipro.service.impl.AppServiceImpl    : Fetching all apps
2026-06-17T00:31:09.541+05:30  INFO 23988 --- [appverse-ai] [http-nio-8080-exec-5] c.w.service.impl.CategoryServiceImpl     : Fetching all categories
2026-06-17T00:31:09.541+05:30  INFO 23988 --- [appverse-ai] [http-nio-8080-exec-9] com.wipro.service.impl.AppServiceImpl    : Fetching all apps
2026-06-17T00:31:09.558+05:30  INFO 23988 --- [appverse-ai] [http-nio-8080-exec-2] c.w.service.impl.CategoryServiceImpl     : Fetching all categories
2026-06-17T00:31:09.563+05:30  INFO 23988 --- [appverse-ai] [http-nio-8080-exec-6] com.wipro.service.impl.AppServiceImpl    : Fetching all apps
2026-06-17T00:31:58.905+05:30  INFO 23988 --- [appverse-ai] [http-nio-8080-exec-1] c.wipro.service.impl.ReviewServiceImpl   : Fetching all reviews
2026-06-17T00:31:58.905+05:30  INFO 23988 --- [appverse-ai] [http-nio-8080-exec-7] com.wipro.service.impl.AppServiceImpl    : Fetching all apps
2026-06-17T00:31:58.905+05:30  INFO 23988 --- [appverse-ai] [http-nio-8080-exec-10] c.w.service.impl.DownloadServiceImpl     : Fetching downloads for user id: 1
2026-06-17T00:31:58.905+05:30  INFO 23988 --- [appverse-ai] [http-nio-8080-exec-8] c.w.s.impl.RecommendationServiceImpl     : Fetching recommendations for user id: 1
2026-06-17T00:31:58.921+05:30  INFO 23988 --- [appverse-ai] [http-nio-8080-exec-5] c.wipro.service.impl.ReviewServiceImpl   : Fetching all reviews
2026-06-17T00:31:58.921+05:30  INFO 23988 --- [appverse-ai] [http-nio-8080-exec-4] c.w.s.impl.RecommendationServiceImpl     : Fetching recommendations for user id: 1
2026-06-17T00:31:58.921+05:30  INFO 23988 --- [appverse-ai] [http-nio-8080-exec-3] c.w.service.impl.DownloadServiceImpl     : Fetching downloads for user id: 1
2026-06-17T00:31:58.928+05:30  INFO 23988 --- [appverse-ai] [http-nio-8080-exec-9] com.wipro.service.impl.AppServiceImpl    : Fetching all apps
2026-06-17T00:32:09.591+05:30  INFO 23988 --- [appverse-ai] [http-nio-8080-exec-6] com.wipro.service.impl.AppServiceImpl    : Fetching all apps
2026-06-17T00:32:09.591+05:30  INFO 23988 --- [appverse-ai] [http-nio-8080-exec-2] c.w.s.impl.RecommendationServiceImpl     : Fetching recommendations for user id: 1
2026-06-17T00:32:09.622+05:30  INFO 23988 --- [appverse-ai] [http-nio-8080-exec-8] c.w.s.impl.RecommendationServiceImpl     : Fetching recommendations for user id: 1
2026-06-17T00:32:09.631+05:30  INFO 23988 --- [appverse-ai] [http-nio-8080-exec-1] com.wipro.service.impl.AppServiceImpl    : Fetching all apps
2026-06-17T00:32:12.796+05:30  INFO 23988 --- [appverse-ai] [http-nio-8080-exec-3] c.wipro.service.impl.ReviewServiceImpl   : Fetching all reviews
2026-06-17T00:32:12.796+05:30  INFO 23988 --- [appverse-ai] [http-nio-8080-exec-4] com.wipro.service.impl.AppServiceImpl    : Fetching all apps
2026-06-17T00:32:12.796+05:30  INFO 23988 --- [appverse-ai] [http-nio-8080-exec-10] c.w.service.impl.DownloadServiceImpl     : Fetching downloads for user id: 1
2026-06-17T00:32:12.796+05:30  INFO 23988 --- [appverse-ai] [http-nio-8080-exec-7] c.w.s.impl.RecommendationServiceImpl     : Fetching recommendations for user id: 1
2026-06-17T00:32:12.814+05:30  INFO 23988 --- [appverse-ai] [http-nio-8080-exec-2] c.wipro.service.impl.ReviewServiceImpl   : Fetching all reviews
2026-06-17T00:32:12.814+05:30  INFO 23988 --- [appverse-ai] [http-nio-8080-exec-5] c.w.s.impl.RecommendationServiceImpl     : Fetching recommendations for user id: 1
2026-06-17T00:32:12.814+05:30  INFO 23988 --- [appverse-ai] [http-nio-8080-exec-9] c.w.service.impl.DownloadServiceImpl     : Fetching downloads for user id: 1
2026-06-17T00:32:12.822+05:30  INFO 23988 --- [appverse-ai] [http-nio-8080-exec-6] com.wipro.service.impl.AppServiceImpl    : Fetching all apps
2026-06-17T00:33:40.411+05:30  INFO 23988 --- [appverse-ai] [http-nio-8080-exec-5] com.wipro.service.impl.UserServiceImpl   : Login attempt for email: mary@example.com
2026-06-17T00:33:40.483+05:30  INFO 23988 --- [appverse-ai] [http-nio-8080-exec-5] com.wipro.service.impl.UserServiceImpl   : Login successful for email: mary@example.com
2026-06-17T00:33:40.510+05:30  INFO 23988 --- [appverse-ai] [http-nio-8080-exec-2] com.wipro.service.impl.UserServiceImpl   : Fetching all users
2026-06-17T00:33:40.548+05:30  INFO 23988 --- [appverse-ai] [http-nio-8080-exec-6] com.wipro.service.impl.AppServiceImpl    : Fetching all apps
2026-06-17T00:33:40.548+05:30  INFO 23988 --- [appverse-ai] [http-nio-8080-exec-3] c.w.service.impl.CategoryServiceImpl     : Fetching all categories
2026-06-17T00:33:40.563+05:30  INFO 23988 --- [appverse-ai] [http-nio-8080-exec-7] c.w.service.impl.CategoryServiceImpl     : Fetching all categories
2026-06-17T00:33:40.568+05:30  INFO 23988 --- [appverse-ai] [http-nio-8080-exec-10] com.wipro.service.impl.AppServiceImpl    : Fetching all apps
2026-06-17T00:33:47.096+05:30  INFO 23988 --- [appverse-ai] [http-nio-8080-exec-9] com.wipro.service.impl.AppServiceImpl    : Fetching all apps
2026-06-17T00:33:47.096+05:30  INFO 23988 --- [appverse-ai] [http-nio-8080-exec-2] c.wipro.service.impl.ReviewServiceImpl   : Fetching all reviews
2026-06-17T00:33:47.101+05:30  INFO 23988 --- [appverse-ai] [http-nio-8080-exec-6] c.w.s.impl.RecommendationServiceImpl     : Fetching recommendations for user id: 3
2026-06-17T00:33:47.101+05:30  INFO 23988 --- [appverse-ai] [http-nio-8080-exec-3] c.w.service.impl.DownloadServiceImpl     : Fetching downloads for user id: 3
2026-06-17T00:33:47.111+05:30  INFO 23988 --- [appverse-ai] [http-nio-8080-exec-7] c.wipro.service.impl.ReviewServiceImpl   : Fetching all reviews
2026-06-17T00:33:47.114+05:30  INFO 23988 --- [appverse-ai] [http-nio-8080-exec-1] c.w.service.impl.DownloadServiceImpl     : Fetching downloads for user id: 3
2026-06-17T00:33:47.114+05:30  INFO 23988 --- [appverse-ai] [http-nio-8080-exec-10] c.w.s.impl.RecommendationServiceImpl     : Fetching recommendations for user id: 3
2026-06-17T00:33:47.117+05:30  INFO 23988 --- [appverse-ai] [http-nio-8080-exec-8] com.wipro.service.impl.AppServiceImpl    : Fetching all apps
2026-06-17T00:34:11.069+05:30  INFO 23988 --- [appverse-ai] [http-nio-8080-exec-4] c.w.service.impl.DownloadServiceImpl     : Fetching downloads for user id: 3
2026-06-17T00:34:11.079+05:30  INFO 23988 --- [appverse-ai] [http-nio-8080-exec-5] c.w.service.impl.DownloadServiceImpl     : Fetching downloads for user id: 3
2026-06-17T00:34:44.840+05:30  INFO 23988 --- [appverse-ai] [http-nio-8080-exec-2] com.wipro.service.impl.UserServiceImpl   : Login attempt for email: admin@example.com
2026-06-17T00:34:44.928+05:30  INFO 23988 --- [appverse-ai] [http-nio-8080-exec-2] com.wipro.service.impl.UserServiceImpl   : Login successful for email: admin@example.com
2026-06-17T00:34:44.938+05:30  INFO 23988 --- [appverse-ai] [http-nio-8080-exec-3] com.wipro.service.impl.UserServiceImpl   : Fetching all users
2026-06-17T00:34:44.991+05:30  INFO 23988 --- [appverse-ai] [http-nio-8080-exec-6] com.wipro.service.impl.AppServiceImpl    : Fetching all apps
2026-06-17T00:34:44.991+05:30  INFO 23988 --- [appverse-ai] [http-nio-8080-exec-9] c.w.service.impl.CategoryServiceImpl     : Fetching all categories
2026-06-17T00:34:45.005+05:30  INFO 23988 --- [appverse-ai] [http-nio-8080-exec-7] c.w.service.impl.CategoryServiceImpl     : Fetching all categories
2026-06-17T00:34:45.011+05:30  INFO 23988 --- [appverse-ai] [http-nio-8080-exec-10] com.wipro.service.impl.AppServiceImpl    : Fetching all apps
2026-06-17T00:48:06.487+05:30  INFO 23988 --- [appverse-ai] [http-nio-8080-exec-1] com.wipro.service.impl.AppServiceImpl    : Fetching all apps
2026-06-17T00:48:06.487+05:30  INFO 23988 --- [appverse-ai] [http-nio-8080-exec-4] c.w.s.impl.RecommendationServiceImpl     : Fetching recommendations for user id: 2
2026-06-17T00:48:06.499+05:30  INFO 23988 --- [appverse-ai] [http-nio-8080-exec-8] c.w.s.impl.RecommendationServiceImpl     : Fetching recommendations for user id: 2
2026-06-17T00:48:06.506+05:30  INFO 23988 --- [appverse-ai] [http-nio-8080-exec-2] com.wipro.service.impl.AppServiceImpl    : Fetching all apps
2026-06-17T00:48:35.381+05:30  INFO 23988 --- [appverse-ai] [http-nio-8080-exec-9] c.w.service.impl.DownloadServiceImpl     : Fetching downloads for user id: 2
2026-06-17T00:48:35.402+05:30  INFO 23988 --- [appverse-ai] [http-nio-8080-exec-6] c.w.service.impl.DownloadServiceImpl     : Fetching downloads for user id: 2
2026-06-17T00:48:44.758+05:30  INFO 23988 --- [appverse-ai] [http-nio-8080-exec-1] c.wipro.service.impl.ReviewServiceImpl   : Fetching all reviews
2026-06-17T00:48:44.758+05:30  INFO 23988 --- [appverse-ai] [http-nio-8080-exec-10] c.w.service.impl.DownloadServiceImpl     : Fetching downloads for user id: 2
2026-06-17T00:48:44.764+05:30  INFO 23988 --- [appverse-ai] [http-nio-8080-exec-7] com.wipro.service.impl.AppServiceImpl    : Fetching all apps
2026-06-17T00:48:44.765+05:30  INFO 23988 --- [appverse-ai] [http-nio-8080-exec-4] c.w.s.impl.RecommendationServiceImpl     : Fetching recommendations for user id: 2
2026-06-17T00:48:44.770+05:30  INFO 23988 --- [appverse-ai] [http-nio-8080-exec-8] c.wipro.service.impl.ReviewServiceImpl   : Fetching all reviews
2026-06-17T00:48:44.770+05:30  INFO 23988 --- [appverse-ai] [http-nio-8080-exec-2] c.w.service.impl.DownloadServiceImpl     : Fetching downloads for user id: 2
2026-06-17T00:48:44.776+05:30  INFO 23988 --- [appverse-ai] [http-nio-8080-exec-5] c.w.s.impl.RecommendationServiceImpl     : Fetching recommendations for user id: 2
2026-06-17T00:48:44.781+05:30  INFO 23988 --- [appverse-ai] [http-nio-8080-exec-3] com.wipro.service.impl.AppServiceImpl    : Fetching all apps
2026-06-17T00:48:48.915+05:30  INFO 23988 --- [appverse-ai] [http-nio-8080-exec-6] c.w.service.impl.CategoryServiceImpl     : Fetching all categories
2026-06-17T00:48:48.915+05:30  INFO 23988 --- [appverse-ai] [http-nio-8080-exec-9] com.wipro.service.impl.AppServiceImpl    : Fetching all apps
2026-06-17T00:48:48.936+05:30  INFO 23988 --- [appverse-ai] [http-nio-8080-exec-1] c.w.service.impl.CategoryServiceImpl     : Fetching all categories
2026-06-17T00:48:48.938+05:30  INFO 23988 --- [appverse-ai] [http-nio-8080-exec-10] com.wipro.service.impl.AppServiceImpl    : Fetching all apps
2026-06-17T00:58:27.663+05:30  INFO 23988 --- [appverse-ai] [RMI TCP Connection(280)-127.0.0.1] inMXBeanRegistrar$SpringApplicationAdmin : Application shutdown requested.
2026-06-17T00:58:27.713+05:30  INFO 23988 --- [appverse-ai] [RMI TCP Connection(280)-127.0.0.1] j.LocalContainerEntityManagerFactoryBean : Closing JPA EntityManagerFactory for persistence unit 'default'
2026-06-17T00:58:27.729+05:30  INFO 23988 --- [appverse-ai] [RMI TCP Connection(280)-127.0.0.1] com.zaxxer.hikari.HikariDataSource       : HikariPool-1 - Shutdown initiated...
2026-06-17T00:58:27.736+05:30  INFO 23988 --- [appverse-ai] [RMI TCP Connection(280)-127.0.0.1] com.zaxxer.hikari.HikariDataSource       : HikariPool-1 - Shutdown completed.
2026-06-17T08:48:52.848+05:30  INFO 12804 --- [appverse-ai] [main] com.wipro.AppverseAiApplication          : Starting AppverseAiApplication using Java 21.0.3 with PID 12804 (C:\Users\HA20695868\Documents\workspace-spring-tool-suite-4-4.23.1.RELEASE\appverse-ai\target\classes started by HA20695868 in C:\Users\HA20695868\Documents\workspace-spring-tool-suite-4-4.23.1.RELEASE\appverse-ai)
2026-06-17T08:48:52.853+05:30 DEBUG 12804 --- [appverse-ai] [main] com.wipro.AppverseAiApplication          : Running with Spring Boot v3.2.0, Spring v6.1.1
2026-06-17T08:48:52.854+05:30  INFO 12804 --- [appverse-ai] [main] com.wipro.AppverseAiApplication          : No active profile set, falling back to 1 default profile: "default"
2026-06-17T08:48:54.526+05:30  INFO 12804 --- [appverse-ai] [main] .s.d.r.c.RepositoryConfigurationDelegate : Bootstrapping Spring Data JPA repositories in DEFAULT mode.
2026-06-17T08:48:54.745+05:30  INFO 12804 --- [appverse-ai] [main] .s.d.r.c.RepositoryConfigurationDelegate : Finished Spring Data repository scanning in 197 ms. Found 8 JPA repository interfaces.
2026-06-17T08:48:55.718+05:30  INFO 12804 --- [appverse-ai] [main] o.s.b.w.embedded.tomcat.TomcatWebServer  : Tomcat initialized with port 8080 (http)
2026-06-17T08:48:55.736+05:30  INFO 12804 --- [appverse-ai] [main] o.apache.catalina.core.StandardService   : Starting service [Tomcat]
2026-06-17T08:48:55.736+05:30  INFO 12804 --- [appverse-ai] [main] o.apache.catalina.core.StandardEngine    : Starting Servlet engine: [Apache Tomcat/10.1.16]
2026-06-17T08:48:55.852+05:30  INFO 12804 --- [appverse-ai] [main] o.a.c.c.C.[Tomcat].[localhost].[/]       : Initializing Spring embedded WebApplicationContext
2026-06-17T08:48:55.852+05:30  INFO 12804 --- [appverse-ai] [main] w.s.c.ServletWebServerApplicationContext : Root WebApplicationContext: initialization completed in 2881 ms
2026-06-17T08:48:56.111+05:30  INFO 12804 --- [appverse-ai] [main] o.hibernate.jpa.internal.util.LogHelper  : HHH000204: Processing PersistenceUnitInfo [name: default]
2026-06-17T08:48:56.282+05:30  INFO 12804 --- [appverse-ai] [main] org.hibernate.Version                    : HHH000412: Hibernate ORM core version 6.3.1.Final
2026-06-17T08:48:56.372+05:30  INFO 12804 --- [appverse-ai] [main] o.h.c.internal.RegionFactoryInitiator    : HHH000026: Second-level cache disabled
2026-06-17T08:48:56.991+05:30  INFO 12804 --- [appverse-ai] [main] o.s.o.j.p.SpringPersistenceUnitInfo      : No LoadTimeWeaver setup: ignoring JPA class transformer
2026-06-17T08:48:57.062+05:30  INFO 12804 --- [appverse-ai] [main] com.zaxxer.hikari.HikariDataSource       : HikariPool-1 - Starting...
2026-06-17T08:48:57.544+05:30  INFO 12804 --- [appverse-ai] [main] com.zaxxer.hikari.pool.HikariPool        : HikariPool-1 - Added connection com.mysql.cj.jdbc.ConnectionImpl@428eb3d5
2026-06-17T08:48:57.549+05:30  INFO 12804 --- [appverse-ai] [main] com.zaxxer.hikari.HikariDataSource       : HikariPool-1 - Start completed.
2026-06-17T08:48:57.663+05:30  WARN 12804 --- [appverse-ai] [main] org.hibernate.orm.deprecation            : HHH90000025: MySQL8Dialect does not need to be specified explicitly using 'hibernate.dialect' (remove the property setting and it will be selected by default)
2026-06-17T08:48:57.666+05:30  WARN 12804 --- [appverse-ai] [main] org.hibernate.orm.deprecation            : HHH90000026: MySQL8Dialect has been deprecated; use org.hibernate.dialect.MySQLDialect instead
2026-06-17T08:48:59.833+05:30  INFO 12804 --- [appverse-ai] [main] o.h.e.t.j.p.i.JtaPlatformInitiator       : HHH000489: No JTA platform available (set 'hibernate.transaction.jta.platform' to enable JTA platform integration)
2026-06-17T08:49:00.050+05:30  INFO 12804 --- [appverse-ai] [main] j.LocalContainerEntityManagerFactoryBean : Initialized JPA EntityManagerFactory for persistence unit 'default'
2026-06-17T08:49:00.623+05:30 DEBUG 12804 --- [appverse-ai] [main] com.wipro.filter.JwtAuthFilter           : Filter 'jwtAuthFilter' configured for use
2026-06-17T08:49:00.894+05:30  WARN 12804 --- [appverse-ai] [main] JpaBaseConfiguration$JpaWebConfiguration : spring.jpa.open-in-view is enabled by default. Therefore, database queries may be performed during view rendering. Explicitly configure spring.jpa.open-in-view to disable this warning
2026-06-17T08:49:01.386+05:30  INFO 12804 --- [appverse-ai] [main] o.s.s.web.DefaultSecurityFilterChain     : Will secure any request with [org.springframework.security.web.session.DisableEncodeUrlFilter@73b71935, org.springframework.security.web.context.request.async.WebAsyncManagerIntegrationFilter@7d453075, org.springframework.security.web.context.SecurityContextHolderFilter@5069a91b, org.springframework.security.web.header.HeaderWriterFilter@6a2b6031, org.springframework.web.filter.CorsFilter@16df0ebd, org.springframework.security.web.authentication.logout.LogoutFilter@326d39fd, com.wipro.filter.JwtAuthFilter@679886ad, org.springframework.security.web.savedrequest.RequestCacheAwareFilter@322399e6, org.springframework.security.web.servletapi.SecurityContextHolderAwareRequestFilter@2b551e7b, org.springframework.security.web.authentication.AnonymousAuthenticationFilter@29becf8b, org.springframework.security.web.session.SessionManagementFilter@60be9fdf, org.springframework.security.web.access.ExceptionTranslationFilter@48064a5a, org.springframework.security.web.access.intercept.AuthorizationFilter@17e323fd]
2026-06-17T08:49:01.801+05:30  INFO 12804 --- [appverse-ai] [main] o.s.b.w.embedded.tomcat.TomcatWebServer  : Tomcat started on port 8080 (http) with context path ''
2026-06-17T08:49:01.807+05:30  INFO 12804 --- [appverse-ai] [main] com.wipro.AppverseAiApplication          : Started AppverseAiApplication in 9.928 seconds (process running for 11.274)
2026-06-17T08:51:22.487+05:30  INFO 12804 --- [appverse-ai] [http-nio-8080-exec-3] o.a.c.c.C.[Tomcat].[localhost].[/]       : Initializing Spring DispatcherServlet 'dispatcherServlet'
2026-06-17T08:51:22.487+05:30  INFO 12804 --- [appverse-ai] [http-nio-8080-exec-3] o.s.web.servlet.DispatcherServlet        : Initializing Servlet 'dispatcherServlet'
2026-06-17T08:51:22.492+05:30  INFO 12804 --- [appverse-ai] [http-nio-8080-exec-3] o.s.web.servlet.DispatcherServlet        : Completed initialization in 2 ms
2026-06-17T08:51:22.543+05:30  WARN 12804 --- [appverse-ai] [http-nio-8080-exec-4] o.s.w.s.h.HandlerMappingIntrospector     : Cache miss for REQUEST dispatch to '/api/categories' (previous null). Performing CorsConfiguration lookup. This is logged once only at WARN level, and every time at TRACE.
2026-06-17T08:51:23.821+05:30  WARN 12804 --- [appverse-ai] [http-nio-8080-exec-6] o.s.w.s.h.HandlerMappingIntrospector     : Cache miss for REQUEST dispatch to '/api/categories' (previous null). Performing MatchableHandlerMapping lookup. This is logged once only at WARN level, and every time at TRACE.
2026-06-17T08:51:23.868+05:30  INFO 12804 --- [appverse-ai] [http-nio-8080-exec-6] c.w.service.impl.CategoryServiceImpl     : Fetching all categories
2026-06-17T08:51:23.868+05:30  INFO 12804 --- [appverse-ai] [http-nio-8080-exec-5] com.wipro.service.impl.AppServiceImpl    : Fetching all apps
2026-06-17T08:51:24.278+05:30  INFO 12804 --- [appverse-ai] [http-nio-8080-exec-7] c.w.service.impl.CategoryServiceImpl     : Fetching all categories
2026-06-17T08:51:24.313+05:30  INFO 12804 --- [appverse-ai] [http-nio-8080-exec-8] com.wipro.service.impl.AppServiceImpl    : Fetching all apps
2026-06-17T08:51:54.479+05:30  INFO 12804 --- [appverse-ai] [http-nio-8080-exec-4] c.w.service.impl.DownloadServiceImpl     : Fetching downloads for user id: 2
2026-06-17T08:51:54.505+05:30  INFO 12804 --- [appverse-ai] [http-nio-8080-exec-3] c.w.service.impl.DownloadServiceImpl     : Fetching downloads for user id: 2
2026-06-17T08:51:56.613+05:30  INFO 12804 --- [appverse-ai] [http-nio-8080-exec-6] com.wipro.service.impl.AppServiceImpl    : Fetching all apps
2026-06-17T08:51:56.613+05:30  INFO 12804 --- [appverse-ai] [http-nio-8080-exec-2] c.w.service.impl.DownloadServiceImpl     : Fetching downloads for user id: 2
2026-06-17T08:51:56.622+05:30  INFO 12804 --- [appverse-ai] [http-nio-8080-exec-10] c.wipro.service.impl.ReviewServiceImpl   : Fetching all reviews
2026-06-17T08:51:56.622+05:30  INFO 12804 --- [appverse-ai] [http-nio-8080-exec-9] c.w.s.impl.RecommendationServiceImpl     : Fetching recommendations for user id: 2
2026-06-17T08:51:56.645+05:30  INFO 12804 --- [appverse-ai] [http-nio-8080-exec-4] c.w.service.impl.DownloadServiceImpl     : Fetching downloads for user id: 2
2026-06-17T08:51:56.645+05:30  INFO 12804 --- [appverse-ai] [http-nio-8080-exec-5] c.wipro.service.impl.ReviewServiceImpl   : Fetching all reviews
2026-06-17T08:51:56.645+05:30  INFO 12804 --- [appverse-ai] [http-nio-8080-exec-3] c.w.s.impl.RecommendationServiceImpl     : Fetching recommendations for user id: 2
2026-06-17T08:51:56.661+05:30  INFO 12804 --- [appverse-ai] [http-nio-8080-exec-1] com.wipro.service.impl.AppServiceImpl    : Fetching all apps
2026-06-17T08:53:59.585+05:30  INFO 12804 --- [appverse-ai] [http-nio-8080-exec-2] c.wipro.service.impl.ReviewServiceImpl   : Fetching all reviews
2026-06-17T08:53:59.585+05:30  INFO 12804 --- [appverse-ai] [http-nio-8080-exec-5] com.wipro.service.impl.AppServiceImpl    : Fetching all apps
2026-06-17T08:53:59.585+05:30  INFO 12804 --- [appverse-ai] [http-nio-8080-exec-1] c.w.service.impl.CategoryServiceImpl     : Fetching all categories
2026-06-17T08:53:59.589+05:30  INFO 12804 --- [appverse-ai] [http-nio-8080-exec-9] com.wipro.service.impl.UserServiceImpl   : Fetching all users
2026-06-17T08:53:59.589+05:30  INFO 12804 --- [appverse-ai] [http-nio-8080-exec-6] c.w.service.impl.DownloadServiceImpl     : Fetching all downloads
2026-06-17T08:53:59.609+05:30  INFO 12804 --- [appverse-ai] [http-nio-8080-exec-10] c.w.service.impl.CategoryServiceImpl     : Fetching all categories
2026-06-17T08:53:59.609+05:30  INFO 12804 --- [appverse-ai] [http-nio-8080-exec-4] c.wipro.service.impl.ReviewServiceImpl   : Fetching all reviews
2026-06-17T08:53:59.617+05:30  INFO 12804 --- [appverse-ai] [http-nio-8080-exec-3] c.w.service.impl.DownloadServiceImpl     : Fetching all downloads
2026-06-17T08:53:59.621+05:30  INFO 12804 --- [appverse-ai] [http-nio-8080-exec-5] com.wipro.service.impl.AppServiceImpl    : Fetching all apps
2026-06-17T08:53:59.625+05:30  INFO 12804 --- [appverse-ai] [http-nio-8080-exec-8] com.wipro.service.impl.UserServiceImpl   : Fetching all users
2026-06-17T08:54:12.929+05:30  INFO 12804 --- [appverse-ai] [http-nio-8080-exec-2] c.w.service.impl.CategoryServiceImpl     : Fetching all categories
2026-06-17T08:54:12.929+05:30  INFO 12804 --- [appverse-ai] [http-nio-8080-exec-1] com.wipro.service.impl.AppServiceImpl    : Fetching all apps
2026-06-17T08:54:12.945+05:30  INFO 12804 --- [appverse-ai] [http-nio-8080-exec-6] c.w.service.impl.CategoryServiceImpl     : Fetching all categories
2026-06-17T08:54:12.966+05:30  INFO 12804 --- [appverse-ai] [http-nio-8080-exec-7] com.wipro.service.impl.AppServiceImpl    : Fetching all apps
2026-06-17T08:54:12.981+05:30  INFO 12804 --- [appverse-ai] [http-nio-8080-exec-9] c.w.s.impl.DeveloperProfileServiceImpl   : Fetching developer profile for user id: 2
2026-06-17T08:54:13.009+05:30  INFO 12804 --- [appverse-ai] [http-nio-8080-exec-4] c.w.s.impl.DeveloperProfileServiceImpl   : Fetching developer profile for user id: 2
2026-06-17T08:54:24.837+05:30  INFO 12804 --- [appverse-ai] [http-nio-8080-exec-5] com.wipro.service.impl.AppServiceImpl    : Fetching all apps
2026-06-17T08:54:24.837+05:30  INFO 12804 --- [appverse-ai] [http-nio-8080-exec-3] c.w.s.impl.RecommendationServiceImpl     : Fetching recommendations for user id: 2
2026-06-17T08:54:24.853+05:30  INFO 12804 --- [appverse-ai] [http-nio-8080-exec-8] c.w.s.impl.RecommendationServiceImpl     : Fetching recommendations for user id: 2
2026-06-17T08:54:24.861+05:30  INFO 12804 --- [appverse-ai] [http-nio-8080-exec-2] com.wipro.service.impl.AppServiceImpl    : Fetching all apps
2026-06-17T08:54:26.888+05:30  INFO 12804 --- [appverse-ai] [http-nio-8080-exec-1] c.w.service.impl.DownloadServiceImpl     : Fetching downloads for user id: 2
2026-06-17T08:54:26.904+05:30  INFO 12804 --- [appverse-ai] [http-nio-8080-exec-10] c.w.service.impl.DownloadServiceImpl     : Fetching downloads for user id: 2
2026-06-17T08:54:27.684+05:30  INFO 12804 --- [appverse-ai] [http-nio-8080-exec-9] com.wipro.service.impl.AppServiceImpl    : Fetching all apps
2026-06-17T08:54:27.684+05:30  INFO 12804 --- [appverse-ai] [http-nio-8080-exec-4] c.wipro.service.impl.ReviewServiceImpl   : Fetching all reviews
2026-06-17T08:54:27.684+05:30  INFO 12804 --- [appverse-ai] [http-nio-8080-exec-7] c.w.s.impl.RecommendationServiceImpl     : Fetching recommendations for user id: 2
2026-06-17T08:54:27.684+05:30  INFO 12804 --- [appverse-ai] [http-nio-8080-exec-6] c.w.service.impl.DownloadServiceImpl     : Fetching downloads for user id: 2
2026-06-17T08:54:27.695+05:30  INFO 12804 --- [appverse-ai] [http-nio-8080-exec-8] c.wipro.service.impl.ReviewServiceImpl   : Fetching all reviews
2026-06-17T08:54:27.695+05:30  INFO 12804 --- [appverse-ai] [http-nio-8080-exec-5] c.w.s.impl.RecommendationServiceImpl     : Fetching recommendations for user id: 2
2026-06-17T08:54:27.695+05:30  INFO 12804 --- [appverse-ai] [http-nio-8080-exec-3] c.w.service.impl.DownloadServiceImpl     : Fetching downloads for user id: 2
2026-06-17T08:54:27.705+05:30  INFO 12804 --- [appverse-ai] [http-nio-8080-exec-2] com.wipro.service.impl.AppServiceImpl    : Fetching all apps
2026-06-17T09:28:46.023+05:30  INFO 12804 --- [appverse-ai] [http-nio-8080-exec-1] com.wipro.service.impl.AppServiceImpl    : Fetching all apps
2026-06-17T09:28:46.085+05:30  INFO 12804 --- [appverse-ai] [http-nio-8080-exec-9] com.wipro.service.impl.AppServiceImpl    : Fetching all apps
2026-06-17T09:29:26.560+05:30  INFO 12804 --- [appverse-ai] [http-nio-8080-exec-6] c.w.service.impl.DownloadServiceImpl     : Fetching downloads for user id: 2
2026-06-17T09:29:26.583+05:30  INFO 12804 --- [appverse-ai] [http-nio-8080-exec-4] c.w.service.impl.DownloadServiceImpl     : Fetching downloads for user id: 2
2026-06-17T09:29:28.691+05:30  INFO 12804 --- [appverse-ai] [http-nio-8080-exec-8] com.wipro.service.impl.AppServiceImpl    : Fetching all apps
2026-06-17T09:29:28.732+05:30  INFO 12804 --- [appverse-ai] [http-nio-8080-exec-3] com.wipro.service.impl.AppServiceImpl    : Fetching all apps
2026-06-17T09:29:33.098+05:30  INFO 12804 --- [appverse-ai] [http-nio-8080-exec-9] c.w.service.impl.DownloadServiceImpl     : Fetching downloads for user id: 2
2026-06-17T09:29:33.099+05:30  INFO 12804 --- [appverse-ai] [http-nio-8080-exec-4] com.wipro.service.impl.AppServiceImpl    : Fetching all apps
2026-06-17T09:29:33.099+05:30  INFO 12804 --- [appverse-ai] [http-nio-8080-exec-2] c.wipro.service.impl.ReviewServiceImpl   : Fetching all reviews
2026-06-17T09:29:33.099+05:30  INFO 12804 --- [appverse-ai] [http-nio-8080-exec-5] c.w.s.impl.RecommendationServiceImpl     : Fetching recommendations for user id: 2
2026-06-17T09:29:33.118+05:30  INFO 12804 --- [appverse-ai] [http-nio-8080-exec-8] c.w.service.impl.DownloadServiceImpl     : Fetching downloads for user id: 2
2026-06-17T09:29:33.120+05:30  INFO 12804 --- [appverse-ai] [http-nio-8080-exec-3] c.w.s.impl.RecommendationServiceImpl     : Fetching recommendations for user id: 2
2026-06-17T09:29:33.120+05:30  INFO 12804 --- [appverse-ai] [http-nio-8080-exec-10] c.wipro.service.impl.ReviewServiceImpl   : Fetching all reviews
2026-06-17T09:29:33.129+05:30  INFO 12804 --- [appverse-ai] [http-nio-8080-exec-1] com.wipro.service.impl.AppServiceImpl    : Fetching all apps
2026-06-17T09:29:34.602+05:30  INFO 12804 --- [appverse-ai] [http-nio-8080-exec-7] com.wipro.service.impl.AppServiceImpl    : Fetching all apps
2026-06-17T09:29:34.607+05:30  INFO 12804 --- [appverse-ai] [http-nio-8080-exec-5] c.w.service.impl.CategoryServiceImpl     : Fetching all categories
2026-06-17T09:29:34.627+05:30  INFO 12804 --- [appverse-ai] [http-nio-8080-exec-2] c.w.service.impl.CategoryServiceImpl     : Fetching all categories
2026-06-17T09:29:34.628+05:30  INFO 12804 --- [appverse-ai] [http-nio-8080-exec-4] com.wipro.service.impl.AppServiceImpl    : Fetching all apps
2026-06-17T09:29:37.073+05:30  INFO 12804 --- [appverse-ai] [http-nio-8080-exec-3] c.w.service.impl.CategoryServiceImpl     : Fetching all categories
2026-06-17T09:29:37.073+05:30  INFO 12804 --- [appverse-ai] [http-nio-8080-exec-8] com.wipro.service.impl.AppServiceImpl    : Fetching all apps
2026-06-17T09:29:37.093+05:30  INFO 12804 --- [appverse-ai] [http-nio-8080-exec-10] c.w.service.impl.CategoryServiceImpl     : Fetching all categories
2026-06-17T09:29:37.109+05:30  INFO 12804 --- [appverse-ai] [http-nio-8080-exec-1] com.wipro.service.impl.AppServiceImpl    : Fetching all apps
2026-06-17T09:31:26.083+05:30  INFO 12804 --- [appverse-ai] [http-nio-8080-exec-10] com.wipro.service.impl.AppServiceImpl    : Fetching all apps
2026-06-17T09:31:26.109+05:30  INFO 12804 --- [appverse-ai] [http-nio-8080-exec-1] com.wipro.service.impl.AppServiceImpl    : Fetching all apps
2026-06-17T09:33:04.283+05:30  INFO 12804 --- [appverse-ai] [http-nio-8080-exec-7] com.wipro.service.impl.UserServiceImpl   : Login attempt for email: mary@example.com
2026-06-17T09:33:04.389+05:30  INFO 12804 --- [appverse-ai] [http-nio-8080-exec-7] com.wipro.service.impl.UserServiceImpl   : Login successful for email: mary@example.com
2026-06-17T09:33:04.406+05:30  INFO 12804 --- [appverse-ai] [http-nio-8080-exec-3] com.wipro.service.impl.UserServiceImpl   : Fetching all users
2026-06-17T09:33:04.453+05:30  INFO 12804 --- [appverse-ai] [http-nio-8080-exec-10] c.w.service.impl.CategoryServiceImpl     : Fetching all categories
2026-06-17T09:33:04.453+05:30  INFO 12804 --- [appverse-ai] [http-nio-8080-exec-8] com.wipro.service.impl.AppServiceImpl    : Fetching all apps
2026-06-17T09:33:04.472+05:30  INFO 12804 --- [appverse-ai] [http-nio-8080-exec-1] c.w.service.impl.CategoryServiceImpl     : Fetching all categories
2026-06-17T09:33:04.477+05:30  INFO 12804 --- [appverse-ai] [http-nio-8080-exec-5] com.wipro.service.impl.AppServiceImpl    : Fetching all apps
2026-06-17T09:33:07.165+05:30  INFO 12804 --- [appverse-ai] [http-nio-8080-exec-4] com.wipro.service.impl.AppServiceImpl    : Fetching all apps
2026-06-17T09:33:07.189+05:30  INFO 12804 --- [appverse-ai] [http-nio-8080-exec-7] com.wipro.service.impl.AppServiceImpl    : Fetching all apps
2026-06-17T09:33:12.168+05:30  INFO 12804 --- [appverse-ai] [http-nio-8080-exec-3] c.w.service.impl.CategoryServiceImpl     : Fetching all categories
2026-06-17T09:33:12.168+05:30  INFO 12804 --- [appverse-ai] [http-nio-8080-exec-2] com.wipro.service.impl.AppServiceImpl    : Fetching all apps
2026-06-17T09:33:12.195+05:30  INFO 12804 --- [appverse-ai] [http-nio-8080-exec-10] c.w.service.impl.CategoryServiceImpl     : Fetching all categories
2026-06-17T09:33:12.197+05:30  INFO 12804 --- [appverse-ai] [http-nio-8080-exec-8] com.wipro.service.impl.AppServiceImpl    : Fetching all apps
2026-06-17T09:33:16.719+05:30  INFO 12804 --- [appverse-ai] [http-nio-8080-exec-8] com.wipro.service.impl.AppServiceImpl    : Fetching app by id: 11
2026-06-17T09:33:16.719+05:30  INFO 12804 --- [appverse-ai] [http-nio-8080-exec-10] c.wipro.service.impl.ReviewServiceImpl   : Fetching reviews for app id: 11
2026-06-17T09:33:16.719+05:30  INFO 12804 --- [appverse-ai] [http-nio-8080-exec-1] c.w.service.impl.DownloadServiceImpl     : Getting total downloads for app id: 11
2026-06-17T09:33:16.719+05:30  INFO 12804 --- [appverse-ai] [http-nio-8080-exec-5] c.w.service.impl.AppVersionServiceImpl   : Fetching versions for app id: 11
2026-06-17T09:33:16.741+05:30  INFO 12804 --- [appverse-ai] [http-nio-8080-exec-6] c.wipro.service.impl.ReviewServiceImpl   : Fetching reviews for app id: 11
2026-06-17T09:33:16.749+05:30  INFO 12804 --- [appverse-ai] [http-nio-8080-exec-9] c.w.service.impl.AppVersionServiceImpl   : Fetching versions for app id: 11
2026-06-17T09:33:16.752+05:30  INFO 12804 --- [appverse-ai] [http-nio-8080-exec-4] com.wipro.service.impl.AppServiceImpl    : Fetching app by id: 11
2026-06-17T09:33:16.758+05:30  INFO 12804 --- [appverse-ai] [http-nio-8080-exec-7] c.w.service.impl.DownloadServiceImpl     : Getting total downloads for app id: 11
2026-06-17T09:33:21.209+05:30  INFO 12804 --- [appverse-ai] [http-nio-8080-exec-2] c.w.service.impl.DownloadServiceImpl     : User 3 downloading app 11
2026-06-17T09:33:24.313+05:30  INFO 12804 --- [appverse-ai] [http-nio-8080-exec-6] com.wipro.service.impl.AppServiceImpl    : Fetching all apps
2026-06-17T09:33:24.313+05:30  INFO 12804 --- [appverse-ai] [http-nio-8080-exec-9] c.wipro.service.impl.ReviewServiceImpl   : Fetching all reviews
2026-06-17T09:33:24.319+05:30  INFO 12804 --- [appverse-ai] [http-nio-8080-exec-4] c.w.service.impl.DownloadServiceImpl     : Fetching downloads for user id: 3
2026-06-17T09:33:24.319+05:30  INFO 12804 --- [appverse-ai] [http-nio-8080-exec-7] c.w.s.impl.RecommendationServiceImpl     : Fetching recommendations for user id: 3
2026-06-17T09:33:24.329+05:30  INFO 12804 --- [appverse-ai] [http-nio-8080-exec-3] c.wipro.service.impl.ReviewServiceImpl   : Fetching all reviews
2026-06-17T09:33:24.329+05:30  INFO 12804 --- [appverse-ai] [http-nio-8080-exec-2] c.w.s.impl.RecommendationServiceImpl     : Fetching recommendations for user id: 3
2026-06-17T09:33:24.329+05:30  INFO 12804 --- [appverse-ai] [http-nio-8080-exec-1] c.w.service.impl.DownloadServiceImpl     : Fetching downloads for user id: 3
2026-06-17T09:33:24.339+05:30  INFO 12804 --- [appverse-ai] [http-nio-8080-exec-8] com.wipro.service.impl.AppServiceImpl    : Fetching all apps
2026-06-17T09:33:26.319+05:30  INFO 12804 --- [appverse-ai] [http-nio-8080-exec-9] com.wipro.service.impl.AppServiceImpl    : Fetching all apps
2026-06-17T09:33:26.338+05:30  INFO 12804 --- [appverse-ai] [http-nio-8080-exec-7] com.wipro.service.impl.AppServiceImpl    : Fetching all apps
2026-06-17T09:33:41.399+05:30  INFO 12804 --- [appverse-ai] [http-nio-8080-exec-4] c.w.service.impl.DownloadServiceImpl     : Fetching downloads for user id: 3
2026-06-17T09:33:41.409+05:30  INFO 12804 --- [appverse-ai] [http-nio-8080-exec-6] c.w.service.impl.DownloadServiceImpl     : Fetching downloads for user id: 3
2026-06-17T09:33:41.409+05:30  INFO 12804 --- [appverse-ai] [http-nio-8080-exec-3] com.wipro.service.impl.AppServiceImpl    : Fetching app by id: 11
2026-06-17T09:33:41.429+05:30  INFO 12804 --- [appverse-ai] [http-nio-8080-exec-2] com.wipro.service.impl.AppServiceImpl    : Fetching app by id: 11
2026-06-17T09:33:45.579+05:30  INFO 12804 --- [appverse-ai] [http-nio-8080-exec-1] com.wipro.service.impl.AppServiceImpl    : Fetching all apps
2026-06-17T09:33:45.579+05:30  INFO 12804 --- [appverse-ai] [http-nio-8080-exec-8] c.w.service.impl.CategoryServiceImpl     : Fetching all categories
2026-06-17T09:33:45.598+05:30  INFO 12804 --- [appverse-ai] [http-nio-8080-exec-10] c.w.service.impl.CategoryServiceImpl     : Fetching all categories
2026-06-17T09:33:45.598+05:30  INFO 12804 --- [appverse-ai] [http-nio-8080-exec-5] com.wipro.service.impl.AppServiceImpl    : Fetching all apps
2026-06-17T09:33:49.507+05:30  INFO 12804 --- [appverse-ai] [http-nio-8080-exec-10] c.w.service.impl.DownloadServiceImpl     : Getting total downloads for app id: 13
2026-06-17T09:33:49.507+05:30  INFO 12804 --- [appverse-ai] [http-nio-8080-exec-7] c.wipro.service.impl.ReviewServiceImpl   : Fetching reviews for app id: 13
2026-06-17T09:33:49.507+05:30  INFO 12804 --- [appverse-ai] [http-nio-8080-exec-5] com.wipro.service.impl.AppServiceImpl    : Fetching app by id: 13
2026-06-17T09:33:49.507+05:30  INFO 12804 --- [appverse-ai] [http-nio-8080-exec-3] c.w.service.impl.AppVersionServiceImpl   : Fetching versions for app id: 13
2026-06-17T09:33:49.518+05:30  INFO 12804 --- [appverse-ai] [http-nio-8080-exec-2] c.w.service.impl.DownloadServiceImpl     : Getting total downloads for app id: 13
2026-06-17T09:33:49.518+05:30  INFO 12804 --- [appverse-ai] [http-nio-8080-exec-4] c.wipro.service.impl.ReviewServiceImpl   : Fetching reviews for app id: 13
2026-06-17T09:33:49.518+05:30  INFO 12804 --- [appverse-ai] [http-nio-8080-exec-9] com.wipro.service.impl.AppServiceImpl    : Fetching app by id: 13
2026-06-17T09:33:49.518+05:30  INFO 12804 --- [appverse-ai] [http-nio-8080-exec-6] c.w.service.impl.AppVersionServiceImpl   : Fetching versions for app id: 13
2026-06-17T09:33:50.998+05:30  INFO 12804 --- [appverse-ai] [http-nio-8080-exec-1] c.w.service.impl.DownloadServiceImpl     : User 3 downloading app 13
2026-06-17T09:33:52.948+05:30  INFO 12804 --- [appverse-ai] [http-nio-8080-exec-7] c.w.service.impl.CategoryServiceImpl     : Fetching all categories
2026-06-17T09:33:52.948+05:30  INFO 12804 --- [appverse-ai] [http-nio-8080-exec-10] com.wipro.service.impl.AppServiceImpl    : Fetching all apps
2026-06-17T09:33:52.963+05:30  INFO 12804 --- [appverse-ai] [http-nio-8080-exec-5] c.w.service.impl.CategoryServiceImpl     : Fetching all categories
2026-06-17T09:33:52.969+05:30  INFO 12804 --- [appverse-ai] [http-nio-8080-exec-3] com.wipro.service.impl.AppServiceImpl    : Fetching all apps
2026-06-17T09:33:55.186+05:30  INFO 12804 --- [appverse-ai] [http-nio-8080-exec-1] c.w.service.impl.DownloadServiceImpl     : Getting total downloads for app id: 15
2026-06-17T09:33:55.186+05:30  INFO 12804 --- [appverse-ai] [http-nio-8080-exec-5] c.wipro.service.impl.ReviewServiceImpl   : Fetching reviews for app id: 15
2026-06-17T09:33:55.186+05:30  INFO 12804 --- [appverse-ai] [http-nio-8080-exec-3] com.wipro.service.impl.AppServiceImpl    : Fetching app by id: 15
2026-06-17T09:33:55.186+05:30  INFO 12804 --- [appverse-ai] [http-nio-8080-exec-2] c.w.service.impl.AppVersionServiceImpl   : Fetching versions for app id: 15
2026-06-17T09:33:55.197+05:30  INFO 12804 --- [appverse-ai] [http-nio-8080-exec-9] com.wipro.service.impl.AppServiceImpl    : Fetching app by id: 15
2026-06-17T09:33:55.197+05:30  INFO 12804 --- [appverse-ai] [http-nio-8080-exec-6] c.w.service.impl.AppVersionServiceImpl   : Fetching versions for app id: 15
2026-06-17T09:33:55.197+05:30  INFO 12804 --- [appverse-ai] [http-nio-8080-exec-8] c.w.service.impl.DownloadServiceImpl     : Getting total downloads for app id: 15
2026-06-17T09:33:55.197+05:30  INFO 12804 --- [appverse-ai] [http-nio-8080-exec-4] c.wipro.service.impl.ReviewServiceImpl   : Fetching reviews for app id: 15
2026-06-17T09:33:56.318+05:30  INFO 12804 --- [appverse-ai] [http-nio-8080-exec-10] c.w.service.impl.DownloadServiceImpl     : User 3 downloading app 15
2026-06-17T09:33:58.312+05:30  INFO 12804 --- [appverse-ai] [http-nio-8080-exec-2] com.wipro.service.impl.AppServiceImpl    : Fetching all apps
2026-06-17T09:33:58.330+05:30  INFO 12804 --- [appverse-ai] [http-nio-8080-exec-3] com.wipro.service.impl.AppServiceImpl    : Fetching all apps
2026-06-17T09:34:04.808+05:30  INFO 12804 --- [appverse-ai] [http-nio-8080-exec-8] com.wipro.service.impl.AppServiceImpl    : Fetching all apps
2026-06-17T09:34:04.831+05:30  INFO 12804 --- [appverse-ai] [http-nio-8080-exec-9] com.wipro.service.impl.AppServiceImpl    : Fetching all apps
2026-06-17T09:36:31.698+05:30  INFO 12804 --- [appverse-ai] [http-nio-8080-exec-4] c.w.service.impl.DownloadServiceImpl     : Fetching downloads for user id: 3
2026-06-17T09:36:31.698+05:30  INFO 12804 --- [appverse-ai] [http-nio-8080-exec-9] c.wipro.service.impl.ReviewServiceImpl   : Fetching all reviews
2026-06-17T09:36:31.698+05:30  INFO 12804 --- [appverse-ai] [http-nio-8080-exec-8] com.wipro.service.impl.AppServiceImpl    : Fetching all apps
2026-06-17T09:36:31.698+05:30  INFO 12804 --- [appverse-ai] [http-nio-8080-exec-6] c.w.s.impl.RecommendationServiceImpl     : Fetching recommendations for user id: 3
2026-06-17T09:36:31.720+05:30  INFO 12804 --- [appverse-ai] [http-nio-8080-exec-10] c.wipro.service.impl.ReviewServiceImpl   : Fetching all reviews
2026-06-17T09:36:31.720+05:30  INFO 12804 --- [appverse-ai] [http-nio-8080-exec-7] c.w.s.impl.RecommendationServiceImpl     : Fetching recommendations for user id: 3
2026-06-17T09:36:31.720+05:30  INFO 12804 --- [appverse-ai] [http-nio-8080-exec-1] c.w.service.impl.DownloadServiceImpl     : Fetching downloads for user id: 3
2026-06-17T09:36:31.730+05:30  INFO 12804 --- [appverse-ai] [http-nio-8080-exec-3] com.wipro.service.impl.AppServiceImpl    : Fetching all apps
2026-06-17T09:42:21.558+05:30  INFO 12804 --- [appverse-ai] [http-nio-8080-exec-7] com.wipro.service.impl.AppServiceImpl    : Fetching all apps
2026-06-17T09:42:21.558+05:30  INFO 12804 --- [appverse-ai] [http-nio-8080-exec-8] c.w.s.impl.RecommendationServiceImpl     : Fetching recommendations for user id: 3
2026-06-17T09:42:21.568+05:30  INFO 12804 --- [appverse-ai] [http-nio-8080-exec-10] c.w.s.impl.RecommendationServiceImpl     : Fetching recommendations for user id: 3
2026-06-17T09:42:21.579+05:30  INFO 12804 --- [appverse-ai] [http-nio-8080-exec-1] com.wipro.service.impl.AppServiceImpl    : Fetching all apps
2026-06-17T09:44:10.347+05:30  INFO 12804 --- [appverse-ai] [http-nio-8080-exec-4] c.w.service.impl.CategoryServiceImpl     : Fetching all categories
2026-06-17T09:44:10.347+05:30  INFO 12804 --- [appverse-ai] [http-nio-8080-exec-9] com.wipro.service.impl.AppServiceImpl    : Fetching all apps
2026-06-17T09:44:10.365+05:30  INFO 12804 --- [appverse-ai] [http-nio-8080-exec-2] c.w.service.impl.CategoryServiceImpl     : Fetching all categories
2026-06-17T09:44:10.368+05:30  INFO 12804 --- [appverse-ai] [http-nio-8080-exec-8] com.wipro.service.impl.AppServiceImpl    : Fetching all apps
2026-06-17T09:46:59.156+05:30  INFO 12804 --- [appverse-ai] [http-nio-8080-exec-4] c.wipro.service.impl.ReviewServiceImpl   : Fetching all reviews
2026-06-17T09:46:59.156+05:30  INFO 12804 --- [appverse-ai] [http-nio-8080-exec-6] c.w.service.impl.DownloadServiceImpl     : Fetching downloads for user id: 3
2026-06-17T09:46:59.156+05:30  INFO 12804 --- [appverse-ai] [http-nio-8080-exec-5] com.wipro.service.impl.AppServiceImpl    : Fetching all apps
2026-06-17T09:46:59.156+05:30  INFO 12804 --- [appverse-ai] [http-nio-8080-exec-3] c.w.s.impl.RecommendationServiceImpl     : Fetching recommendations for user id: 3
2026-06-17T09:46:59.173+05:30  INFO 12804 --- [appverse-ai] [http-nio-8080-exec-9] c.w.s.impl.RecommendationServiceImpl     : Fetching recommendations for user id: 3
2026-06-17T09:46:59.173+05:30  INFO 12804 --- [appverse-ai] [http-nio-8080-exec-6] c.wipro.service.impl.ReviewServiceImpl   : Fetching all reviews
2026-06-17T09:46:59.173+05:30  INFO 12804 --- [appverse-ai] [http-nio-8080-exec-8] c.w.service.impl.DownloadServiceImpl     : Fetching downloads for user id: 3
2026-06-17T09:46:59.178+05:30  INFO 12804 --- [appverse-ai] [http-nio-8080-exec-7] com.wipro.service.impl.AppServiceImpl    : Fetching all apps
2026-06-17T09:49:47.407+05:30  INFO 12804 --- [appverse-ai] [http-nio-8080-exec-6] com.wipro.service.impl.AppServiceImpl    : Fetching all apps
2026-06-17T09:49:47.430+05:30  INFO 12804 --- [appverse-ai] [http-nio-8080-exec-8] com.wipro.service.impl.AppServiceImpl    : Fetching all apps
2026-06-17T09:50:10.136+05:30  INFO 12804 --- [appverse-ai] [http-nio-8080-exec-10] c.wipro.service.impl.ReviewServiceImpl   : Fetching all reviews
2026-06-17T09:50:10.136+05:30  INFO 12804 --- [appverse-ai] [http-nio-8080-exec-3] com.wipro.service.impl.AppServiceImpl    : Fetching all apps
2026-06-17T09:50:10.136+05:30  INFO 12804 --- [appverse-ai] [http-nio-8080-exec-7] c.w.service.impl.DownloadServiceImpl     : Fetching downloads for user id: 3
2026-06-17T09:50:10.139+05:30  INFO 12804 --- [appverse-ai] [http-nio-8080-exec-1] c.w.s.impl.RecommendationServiceImpl     : Fetching recommendations for user id: 3
2026-06-17T09:50:10.154+05:30  INFO 12804 --- [appverse-ai] [http-nio-8080-exec-4] c.wipro.service.impl.ReviewServiceImpl   : Fetching all reviews
2026-06-17T09:50:10.154+05:30  INFO 12804 --- [appverse-ai] [http-nio-8080-exec-2] c.w.s.impl.RecommendationServiceImpl     : Fetching recommendations for user id: 3
2026-06-17T09:50:10.154+05:30  INFO 12804 --- [appverse-ai] [http-nio-8080-exec-5] c.w.service.impl.DownloadServiceImpl     : Fetching downloads for user id: 3
2026-06-17T09:50:10.158+05:30  INFO 12804 --- [appverse-ai] [http-nio-8080-exec-9] com.wipro.service.impl.AppServiceImpl    : Fetching all apps
2026-06-17T10:10:27.198+05:30  INFO 12804 --- [appverse-ai] [http-nio-8080-exec-8] com.wipro.service.impl.AppServiceImpl    : Fetching all apps
2026-06-17T10:10:27.198+05:30  INFO 12804 --- [appverse-ai] [http-nio-8080-exec-6] c.w.service.impl.CategoryServiceImpl     : Fetching all categories
2026-06-17T10:10:27.242+05:30  INFO 12804 --- [appverse-ai] [http-nio-8080-exec-10] c.w.service.impl.CategoryServiceImpl     : Fetching all categories
2026-06-17T10:10:27.255+05:30  INFO 12804 --- [appverse-ai] [http-nio-8080-exec-7] com.wipro.service.impl.AppServiceImpl    : Fetching all apps
2026-06-17T10:10:32.011+05:30  INFO 12804 --- [appverse-ai] [http-nio-8080-exec-2] com.wipro.service.impl.AppServiceImpl    : Fetching all apps
2026-06-17T10:10:32.038+05:30  INFO 12804 --- [appverse-ai] [http-nio-8080-exec-4] com.wipro.service.impl.AppServiceImpl    : Fetching all apps
2026-06-17T10:16:23.760+05:30  INFO 12804 --- [appverse-ai] [http-nio-8080-exec-2] com.wipro.service.impl.AppServiceImpl    : Fetching all apps
2026-06-17T10:16:23.762+05:30  INFO 12804 --- [appverse-ai] [http-nio-8080-exec-5] c.wipro.service.impl.ReviewServiceImpl   : Fetching all reviews
2026-06-17T10:16:23.762+05:30  INFO 12804 --- [appverse-ai] [http-nio-8080-exec-6] c.w.service.impl.DownloadServiceImpl     : Fetching downloads for user id: 3
2026-06-17T10:16:23.762+05:30  INFO 12804 --- [appverse-ai] [http-nio-8080-exec-8] c.w.s.impl.RecommendationServiceImpl     : Fetching recommendations for user id: 3
2026-06-17T10:16:23.782+05:30  INFO 12804 --- [appverse-ai] [http-nio-8080-exec-8] c.w.s.impl.RecommendationServiceImpl     : Fetching recommendations for user id: 3
2026-06-17T10:16:23.786+05:30  INFO 12804 --- [appverse-ai] [http-nio-8080-exec-10] c.wipro.service.impl.ReviewServiceImpl   : Fetching all reviews
2026-06-17T10:16:23.795+05:30  INFO 12804 --- [appverse-ai] [http-nio-8080-exec-3] c.w.service.impl.DownloadServiceImpl     : Fetching downloads for user id: 3
2026-06-17T10:16:23.796+05:30  INFO 12804 --- [appverse-ai] [http-nio-8080-exec-7] com.wipro.service.impl.AppServiceImpl    : Fetching all apps
2026-06-17T10:16:35.144+05:30  INFO 12804 --- [appverse-ai] [http-nio-8080-exec-4] com.wipro.service.impl.AppServiceImpl    : Fetching all apps
2026-06-17T10:16:35.144+05:30  INFO 12804 --- [appverse-ai] [http-nio-8080-exec-1] c.w.s.impl.RecommendationServiceImpl     : Fetching recommendations for user id: 3
2026-06-17T10:16:35.166+05:30  INFO 12804 --- [appverse-ai] [http-nio-8080-exec-9] c.w.s.impl.RecommendationServiceImpl     : Fetching recommendations for user id: 3
2026-06-17T10:16:35.182+05:30  INFO 12804 --- [appverse-ai] [http-nio-8080-exec-5] com.wipro.service.impl.AppServiceImpl    : Fetching all apps
2026-06-17T10:16:41.192+05:30  INFO 12804 --- [appverse-ai] [http-nio-8080-exec-10] com.wipro.service.impl.AppServiceImpl    : Fetching all apps
2026-06-17T10:16:41.192+05:30  INFO 12804 --- [appverse-ai] [http-nio-8080-exec-8] c.wipro.service.impl.ReviewServiceImpl   : Fetching all reviews
2026-06-17T10:16:41.192+05:30  INFO 12804 --- [appverse-ai] [http-nio-8080-exec-6] c.w.service.impl.DownloadServiceImpl     : Fetching downloads for user id: 3
2026-06-17T10:16:41.192+05:30  INFO 12804 --- [appverse-ai] [http-nio-8080-exec-2] c.w.s.impl.RecommendationServiceImpl     : Fetching recommendations for user id: 3
2026-06-17T10:16:41.212+05:30  INFO 12804 --- [appverse-ai] [http-nio-8080-exec-7] c.wipro.service.impl.ReviewServiceImpl   : Fetching all reviews
2026-06-17T10:16:41.212+05:30  INFO 12804 --- [appverse-ai] [http-nio-8080-exec-3] c.w.s.impl.RecommendationServiceImpl     : Fetching recommendations for user id: 3
2026-06-17T10:16:41.221+05:30  INFO 12804 --- [appverse-ai] [http-nio-8080-exec-1] c.w.service.impl.DownloadServiceImpl     : Fetching downloads for user id: 3
2026-06-17T10:16:41.227+05:30  INFO 12804 --- [appverse-ai] [http-nio-8080-exec-4] com.wipro.service.impl.AppServiceImpl    : Fetching all apps
2026-06-17T10:16:42.985+05:30  INFO 12804 --- [appverse-ai] [http-nio-8080-exec-5] c.wipro.service.impl.ReviewServiceImpl   : Fetching all reviews
2026-06-17T10:16:42.985+05:30  INFO 12804 --- [appverse-ai] [http-nio-8080-exec-9] c.w.service.impl.DownloadServiceImpl     : Fetching downloads for user id: 3
2026-06-17T10:16:43.003+05:30  INFO 12804 --- [appverse-ai] [http-nio-8080-exec-2] c.wipro.service.impl.ReviewServiceImpl   : Fetching all reviews
2026-06-17T10:16:43.006+05:30  INFO 12804 --- [appverse-ai] [http-nio-8080-exec-8] c.w.service.impl.DownloadServiceImpl     : Fetching downloads for user id: 3
2026-06-17T10:16:45.158+05:30  INFO 12804 --- [appverse-ai] [http-nio-8080-exec-7] c.wipro.service.impl.ReviewServiceImpl   : Fetching all reviews
2026-06-17T10:16:45.159+05:30  INFO 12804 --- [appverse-ai] [http-nio-8080-exec-3] com.wipro.service.impl.AppServiceImpl    : Fetching all apps
2026-06-17T10:16:45.159+05:30  INFO 12804 --- [appverse-ai] [http-nio-8080-exec-6] c.w.service.impl.DownloadServiceImpl     : Fetching downloads for user id: 3
2026-06-17T10:16:45.159+05:30  INFO 12804 --- [appverse-ai] [http-nio-8080-exec-10] c.w.s.impl.RecommendationServiceImpl     : Fetching recommendations for user id: 3
2026-06-17T10:16:45.178+05:30  INFO 12804 --- [appverse-ai] [http-nio-8080-exec-4] c.wipro.service.impl.ReviewServiceImpl   : Fetching all reviews
2026-06-17T10:16:45.179+05:30  INFO 12804 --- [appverse-ai] [http-nio-8080-exec-1] c.w.s.impl.RecommendationServiceImpl     : Fetching recommendations for user id: 3
2026-06-17T10:16:45.187+05:30  INFO 12804 --- [appverse-ai] [http-nio-8080-exec-5] c.w.service.impl.DownloadServiceImpl     : Fetching downloads for user id: 3
2026-06-17T10:16:45.193+05:30  INFO 12804 --- [appverse-ai] [http-nio-8080-exec-9] com.wipro.service.impl.AppServiceImpl    : Fetching all apps
2026-06-17T10:17:02.281+05:30  INFO 12804 --- [appverse-ai] [http-nio-8080-exec-10] com.wipro.service.impl.AppServiceImpl    : Fetching all apps
2026-06-17T10:17:02.318+05:30  INFO 12804 --- [appverse-ai] [http-nio-8080-exec-7] com.wipro.service.impl.AppServiceImpl    : Fetching all apps
2026-06-17T10:17:41.174+05:30  INFO 12804 --- [appverse-ai] [http-nio-8080-exec-4] com.wipro.service.impl.AppServiceImpl    : Fetching all apps
2026-06-17T10:17:41.175+05:30  INFO 12804 --- [appverse-ai] [http-nio-8080-exec-5] c.wipro.service.impl.ReviewServiceImpl   : Fetching all reviews
2026-06-17T10:17:41.175+05:30  INFO 12804 --- [appverse-ai] [http-nio-8080-exec-3] c.w.service.impl.DownloadServiceImpl     : Fetching downloads for user id: 3
2026-06-17T10:17:41.175+05:30  INFO 12804 --- [appverse-ai] [http-nio-8080-exec-1] c.w.s.impl.RecommendationServiceImpl     : Fetching recommendations for user id: 3
2026-06-17T10:17:41.189+05:30  INFO 12804 --- [appverse-ai] [http-nio-8080-exec-2] c.wipro.service.impl.ReviewServiceImpl   : Fetching all reviews
2026-06-17T10:17:41.189+05:30  INFO 12804 --- [appverse-ai] [http-nio-8080-exec-9] c.w.s.impl.RecommendationServiceImpl     : Fetching recommendations for user id: 3
2026-06-17T10:17:41.199+05:30  INFO 12804 --- [appverse-ai] [http-nio-8080-exec-8] c.w.service.impl.DownloadServiceImpl     : Fetching downloads for user id: 3
2026-06-17T10:17:41.202+05:30  INFO 12804 --- [appverse-ai] [http-nio-8080-exec-10] com.wipro.service.impl.AppServiceImpl    : Fetching all apps
2026-06-17T10:17:42.386+05:30  INFO 12804 --- [appverse-ai] [http-nio-8080-exec-1] com.wipro.service.impl.AppServiceImpl    : Fetching all apps
2026-06-17T10:17:42.410+05:30  INFO 12804 --- [appverse-ai] [http-nio-8080-exec-5] com.wipro.service.impl.AppServiceImpl    : Fetching all apps
2026-06-17T10:25:35.232+05:30  INFO 12804 --- [appverse-ai] [http-nio-8080-exec-5] com.wipro.service.impl.UserServiceImpl   : Registering user with email: lisa@example.com
2026-06-17T10:25:51.731+05:30  INFO 12804 --- [appverse-ai] [http-nio-8080-exec-4] com.wipro.service.impl.UserServiceImpl   : Registering user with email: john@example.com
2026-06-17T10:26:09.839+05:30  INFO 12804 --- [appverse-ai] [http-nio-8080-exec-9] com.wipro.service.impl.UserServiceImpl   : Login attempt for email: john@example.com
2026-06-17T10:26:09.922+05:30  INFO 12804 --- [appverse-ai] [http-nio-8080-exec-9] com.wipro.service.impl.UserServiceImpl   : Login successful for email: john@example.com
2026-06-17T10:30:05.858+05:30  INFO 12804 --- [appverse-ai] [RMI TCP Connection(110)-127.0.0.1] inMXBeanRegistrar$SpringApplicationAdmin : Application shutdown requested.
2026-06-17T10:30:05.879+05:30  INFO 12804 --- [appverse-ai] [RMI TCP Connection(110)-127.0.0.1] j.LocalContainerEntityManagerFactoryBean : Closing JPA EntityManagerFactory for persistence unit 'default'
2026-06-17T10:30:05.885+05:30  INFO 12804 --- [appverse-ai] [RMI TCP Connection(110)-127.0.0.1] com.zaxxer.hikari.HikariDataSource       : HikariPool-1 - Shutdown initiated...
2026-06-17T10:30:05.890+05:30  INFO 12804 --- [appverse-ai] [RMI TCP Connection(110)-127.0.0.1] com.zaxxer.hikari.HikariDataSource       : HikariPool-1 - Shutdown completed.
2026-06-17T10:30:20.775+05:30  INFO 29136 --- [appverse-ai] [main] com.wipro.AppverseAiApplication          : Starting AppverseAiApplication using Java 21.0.3 with PID 29136 (C:\Users\HA20695868\Documents\workspace-spring-tool-suite-4-4.23.1.RELEASE\appverse-ai\target\classes started by HA20695868 in C:\Users\HA20695868\Documents\workspace-spring-tool-suite-4-4.23.1.RELEASE\appverse-ai)
2026-06-17T10:30:20.779+05:30 DEBUG 29136 --- [appverse-ai] [main] com.wipro.AppverseAiApplication          : Running with Spring Boot v3.2.0, Spring v6.1.1
2026-06-17T10:30:20.780+05:30  INFO 29136 --- [appverse-ai] [main] com.wipro.AppverseAiApplication          : No active profile set, falling back to 1 default profile: "default"
2026-06-17T10:30:22.455+05:30  INFO 29136 --- [appverse-ai] [main] .s.d.r.c.RepositoryConfigurationDelegate : Bootstrapping Spring Data JPA repositories in DEFAULT mode.
2026-06-17T10:30:22.666+05:30  INFO 29136 --- [appverse-ai] [main] .s.d.r.c.RepositoryConfigurationDelegate : Finished Spring Data repository scanning in 192 ms. Found 8 JPA repository interfaces.
2026-06-17T10:30:23.652+05:30  INFO 29136 --- [appverse-ai] [main] o.s.b.w.embedded.tomcat.TomcatWebServer  : Tomcat initialized with port 8080 (http)
2026-06-17T10:30:23.670+05:30  INFO 29136 --- [appverse-ai] [main] o.apache.catalina.core.StandardService   : Starting service [Tomcat]
2026-06-17T10:30:23.671+05:30  INFO 29136 --- [appverse-ai] [main] o.apache.catalina.core.StandardEngine    : Starting Servlet engine: [Apache Tomcat/10.1.16]
2026-06-17T10:30:23.773+05:30  INFO 29136 --- [appverse-ai] [main] o.a.c.c.C.[Tomcat].[localhost].[/]       : Initializing Spring embedded WebApplicationContext
2026-06-17T10:30:23.774+05:30  INFO 29136 --- [appverse-ai] [main] w.s.c.ServletWebServerApplicationContext : Root WebApplicationContext: initialization completed in 2883 ms
2026-06-17T10:30:24.013+05:30  INFO 29136 --- [appverse-ai] [main] o.hibernate.jpa.internal.util.LogHelper  : HHH000204: Processing PersistenceUnitInfo [name: default]
2026-06-17T10:30:24.214+05:30  INFO 29136 --- [appverse-ai] [main] org.hibernate.Version                    : HHH000412: Hibernate ORM core version 6.3.1.Final
2026-06-17T10:30:24.314+05:30  INFO 29136 --- [appverse-ai] [main] o.h.c.internal.RegionFactoryInitiator    : HHH000026: Second-level cache disabled
2026-06-17T10:30:24.956+05:30  INFO 29136 --- [appverse-ai] [main] o.s.o.j.p.SpringPersistenceUnitInfo      : No LoadTimeWeaver setup: ignoring JPA class transformer
2026-06-17T10:30:25.021+05:30  INFO 29136 --- [appverse-ai] [main] com.zaxxer.hikari.HikariDataSource       : HikariPool-1 - Starting...
2026-06-17T10:30:25.461+05:30  INFO 29136 --- [appverse-ai] [main] com.zaxxer.hikari.pool.HikariPool        : HikariPool-1 - Added connection com.mysql.cj.jdbc.ConnectionImpl@6dbbdf92
2026-06-17T10:30:25.465+05:30  INFO 29136 --- [appverse-ai] [main] com.zaxxer.hikari.HikariDataSource       : HikariPool-1 - Start completed.
2026-06-17T10:30:25.559+05:30  WARN 29136 --- [appverse-ai] [main] org.hibernate.orm.deprecation            : HHH90000025: MySQL8Dialect does not need to be specified explicitly using 'hibernate.dialect' (remove the property setting and it will be selected by default)
2026-06-17T10:30:25.561+05:30  WARN 29136 --- [appverse-ai] [main] org.hibernate.orm.deprecation            : HHH90000026: MySQL8Dialect has been deprecated; use org.hibernate.dialect.MySQLDialect instead
2026-06-17T10:30:27.696+05:30  INFO 29136 --- [appverse-ai] [main] o.h.e.t.j.p.i.JtaPlatformInitiator       : HHH000489: No JTA platform available (set 'hibernate.transaction.jta.platform' to enable JTA platform integration)
2026-06-17T10:30:27.880+05:30  INFO 29136 --- [appverse-ai] [main] j.LocalContainerEntityManagerFactoryBean : Initialized JPA EntityManagerFactory for persistence unit 'default'
2026-06-17T10:30:28.377+05:30 DEBUG 29136 --- [appverse-ai] [main] com.wipro.filter.JwtAuthFilter           : Filter 'jwtAuthFilter' configured for use
2026-06-17T10:30:28.639+05:30  WARN 29136 --- [appverse-ai] [main] JpaBaseConfiguration$JpaWebConfiguration : spring.jpa.open-in-view is enabled by default. Therefore, database queries may be performed during view rendering. Explicitly configure spring.jpa.open-in-view to disable this warning
2026-06-17T10:30:29.082+05:30  INFO 29136 --- [appverse-ai] [main] o.s.s.web.DefaultSecurityFilterChain     : Will secure any request with [org.springframework.security.web.session.DisableEncodeUrlFilter@16df0ebd, org.springframework.security.web.context.request.async.WebAsyncManagerIntegrationFilter@29becf8b, org.springframework.security.web.context.SecurityContextHolderFilter@322399e6, org.springframework.security.web.header.HeaderWriterFilter@546ca9da, org.springframework.web.filter.CorsFilter@628b1538, org.springframework.security.web.authentication.logout.LogoutFilter@2693e39c, com.wipro.filter.JwtAuthFilter@23307c6c, org.springframework.security.web.savedrequest.RequestCacheAwareFilter@36e95b7b, org.springframework.security.web.servletapi.SecurityContextHolderAwareRequestFilter@1e5921ec, org.springframework.security.web.authentication.AnonymousAuthenticationFilter@36995784, org.springframework.security.web.session.SessionManagementFilter@4f5ad6b7, org.springframework.security.web.access.ExceptionTranslationFilter@6a2b6031, org.springframework.security.web.access.intercept.AuthorizationFilter@33319df0]
2026-06-17T10:30:29.452+05:30  INFO 29136 --- [appverse-ai] [main] o.s.b.w.embedded.tomcat.TomcatWebServer  : Tomcat started on port 8080 (http) with context path ''
2026-06-17T10:30:29.458+05:30  INFO 29136 --- [appverse-ai] [main] com.wipro.AppverseAiApplication          : Started AppverseAiApplication in 9.57 seconds (process running for 10.783)
2026-06-17T10:30:42.536+05:30  INFO 29136 --- [appverse-ai] [http-nio-8080-exec-3] o.a.c.c.C.[Tomcat].[localhost].[/]       : Initializing Spring DispatcherServlet 'dispatcherServlet'
2026-06-17T10:30:42.537+05:30  INFO 29136 --- [appverse-ai] [http-nio-8080-exec-3] o.s.web.servlet.DispatcherServlet        : Initializing Servlet 'dispatcherServlet'
2026-06-17T10:30:42.538+05:30  INFO 29136 --- [appverse-ai] [http-nio-8080-exec-3] o.s.web.servlet.DispatcherServlet        : Completed initialization in 1 ms
2026-06-17T10:30:42.567+05:30  WARN 29136 --- [appverse-ai] [http-nio-8080-exec-3] o.s.w.s.h.HandlerMappingIntrospector     : Cache miss for REQUEST dispatch to '/api/downloads/analytics' (previous null). Performing CorsConfiguration lookup. This is logged once only at WARN level, and every time at TRACE.
2026-06-17T10:30:43.070+05:30  WARN 29136 --- [appverse-ai] [http-nio-8080-exec-4] o.s.w.s.h.HandlerMappingIntrospector     : Cache miss for REQUEST dispatch to '/api/downloads/analytics' (previous null). Performing MatchableHandlerMapping lookup. This is logged once only at WARN level, and every time at TRACE.
2026-06-17T10:30:43.096+05:30  INFO 29136 --- [appverse-ai] [http-nio-8080-exec-1] com.wipro.service.impl.AppServiceImpl    : Fetching all apps
2026-06-17T10:30:43.096+05:30  INFO 29136 --- [appverse-ai] [http-nio-8080-exec-4] c.w.service.impl.DownloadServiceImpl     : Fetching all downloads
2026-06-17T10:30:43.222+05:30  INFO 29136 --- [appverse-ai] [http-nio-8080-exec-5] c.w.service.impl.DownloadServiceImpl     : Fetching all downloads
2026-06-17T10:30:43.277+05:30  INFO 29136 --- [appverse-ai] [http-nio-8080-exec-6] com.wipro.service.impl.AppServiceImpl    : Fetching all apps
2026-06-17T10:31:23.160+05:30  INFO 29136 --- [appverse-ai] [http-nio-8080-exec-9] com.wipro.service.impl.AppServiceImpl    : Fetching all apps
2026-06-17T10:31:23.160+05:30  INFO 29136 --- [appverse-ai] [http-nio-8080-exec-10] c.wipro.service.impl.ReviewServiceImpl   : Fetching all reviews
2026-06-17T10:31:23.185+05:30  INFO 29136 --- [appverse-ai] [http-nio-8080-exec-2] c.wipro.service.impl.ReviewServiceImpl   : Fetching all reviews
2026-06-17T10:31:23.191+05:30  INFO 29136 --- [appverse-ai] [http-nio-8080-exec-7] c.w.service.impl.DownloadServiceImpl     : Fetching downloads for user id: 3
2026-06-17T10:31:23.191+05:30  INFO 29136 --- [appverse-ai] [http-nio-8080-exec-8] c.w.s.impl.RecommendationServiceImpl     : Fetching recommendations for user id: 3
2026-06-17T10:31:23.202+05:30  INFO 29136 --- [appverse-ai] [http-nio-8080-exec-3] com.wipro.service.impl.AppServiceImpl    : Fetching all apps
2026-06-17T10:31:23.215+05:30  INFO 29136 --- [appverse-ai] [http-nio-8080-exec-4] c.w.s.impl.RecommendationServiceImpl     : Fetching recommendations for user id: 3
2026-06-17T10:31:23.224+05:30  INFO 29136 --- [appverse-ai] [http-nio-8080-exec-5] c.w.service.impl.DownloadServiceImpl     : Fetching downloads for user id: 3
2026-06-17T10:31:26.954+05:30  INFO 29136 --- [appverse-ai] [http-nio-8080-exec-1] c.w.service.impl.DownloadServiceImpl     : Fetching all downloads
2026-06-17T10:31:26.954+05:30  INFO 29136 --- [appverse-ai] [http-nio-8080-exec-6] com.wipro.service.impl.AppServiceImpl    : Fetching all apps
2026-06-17T10:31:26.982+05:30  INFO 29136 --- [appverse-ai] [http-nio-8080-exec-10] c.w.service.impl.DownloadServiceImpl     : Fetching all downloads
2026-06-17T10:31:26.989+05:30  INFO 29136 --- [appverse-ai] [http-nio-8080-exec-9] com.wipro.service.impl.AppServiceImpl    : Fetching all apps
2026-06-17T10:57:24.885+05:30  INFO 29136 --- [appverse-ai] [http-nio-8080-exec-5] com.wipro.service.impl.AppServiceImpl    : Fetching all apps
2026-06-17T10:57:24.885+05:30  INFO 29136 --- [appverse-ai] [http-nio-8080-exec-10] c.w.s.impl.RecommendationServiceImpl     : Fetching recommendations for user id: 3
2026-06-17T10:57:24.885+05:30  INFO 29136 --- [appverse-ai] [http-nio-8080-exec-7] c.w.service.impl.DownloadServiceImpl     : Fetching downloads for user id: 3
2026-06-17T10:57:24.885+05:30  INFO 29136 --- [appverse-ai] [http-nio-8080-exec-3] c.wipro.service.impl.ReviewServiceImpl   : Fetching all reviews
2026-06-17T10:57:24.907+05:30  INFO 29136 --- [appverse-ai] [http-nio-8080-exec-6] c.wipro.service.impl.ReviewServiceImpl   : Fetching all reviews
2026-06-17T10:57:24.907+05:30  INFO 29136 --- [appverse-ai] [http-nio-8080-exec-8] c.w.s.impl.RecommendationServiceImpl     : Fetching recommendations for user id: 3
2026-06-17T10:57:24.918+05:30  INFO 29136 --- [appverse-ai] [http-nio-8080-exec-9] c.w.service.impl.DownloadServiceImpl     : Fetching downloads for user id: 3
2026-06-17T10:57:24.922+05:30  INFO 29136 --- [appverse-ai] [http-nio-8080-exec-1] com.wipro.service.impl.AppServiceImpl    : Fetching all apps
2026-06-17T10:57:39.678+05:30  INFO 29136 --- [appverse-ai] [http-nio-8080-exec-4] com.wipro.service.impl.AppServiceImpl    : Fetching all apps
2026-06-17T10:57:39.678+05:30  INFO 29136 --- [appverse-ai] [http-nio-8080-exec-2] c.w.s.impl.RecommendationServiceImpl     : Fetching recommendations for user id: 3
2026-06-17T10:57:39.699+05:30  INFO 29136 --- [appverse-ai] [http-nio-8080-exec-10] c.w.s.impl.RecommendationServiceImpl     : Fetching recommendations for user id: 3
2026-06-17T10:57:39.706+05:30  INFO 29136 --- [appverse-ai] [http-nio-8080-exec-3] com.wipro.service.impl.AppServiceImpl    : Fetching all apps
2026-06-17T10:57:54.467+05:30  INFO 29136 --- [appverse-ai] [http-nio-8080-exec-5] com.wipro.service.impl.UserServiceImpl   : Login attempt for email: john@example.com
2026-06-17T10:57:54.559+05:30  INFO 29136 --- [appverse-ai] [http-nio-8080-exec-5] com.wipro.service.impl.UserServiceImpl   : Login successful for email: john@example.com
2026-06-17T10:57:54.577+05:30  INFO 29136 --- [appverse-ai] [http-nio-8080-exec-6] com.wipro.service.impl.UserServiceImpl   : Fetching all users
2026-06-17T10:57:54.633+05:30  INFO 29136 --- [appverse-ai] [http-nio-8080-exec-1] com.wipro.service.impl.AppServiceImpl    : Fetching all apps
2026-06-17T10:57:54.636+05:30  INFO 29136 --- [appverse-ai] [http-nio-8080-exec-4] c.w.service.impl.CategoryServiceImpl     : Fetching all categories
2026-06-17T10:57:54.655+05:30  INFO 29136 --- [appverse-ai] [http-nio-8080-exec-10] c.w.service.impl.CategoryServiceImpl     : Fetching all categories
2026-06-17T10:57:54.660+05:30  INFO 29136 --- [appverse-ai] [http-nio-8080-exec-3] com.wipro.service.impl.AppServiceImpl    : Fetching all apps
2026-06-17T10:57:57.064+05:30  INFO 29136 --- [appverse-ai] [http-nio-8080-exec-7] com.wipro.service.impl.AppServiceImpl    : Fetching all apps
2026-06-17T10:57:57.064+05:30  INFO 29136 --- [appverse-ai] [http-nio-8080-exec-5] c.w.service.impl.DownloadServiceImpl     : Fetching all downloads
2026-06-17T10:57:57.089+05:30  INFO 29136 --- [appverse-ai] [http-nio-8080-exec-8] c.w.service.impl.DownloadServiceImpl     : Fetching all downloads
2026-06-17T10:57:57.091+05:30  INFO 29136 --- [appverse-ai] [http-nio-8080-exec-6] com.wipro.service.impl.AppServiceImpl    : Fetching all apps
2026-06-17T10:58:06.627+05:30  INFO 29136 --- [appverse-ai] [http-nio-8080-exec-10] com.wipro.service.impl.AppServiceImpl    : Fetching all apps
2026-06-17T10:58:06.627+05:30  INFO 29136 --- [appverse-ai] [http-nio-8080-exec-3] c.wipro.service.impl.ReviewServiceImpl   : Fetching all reviews
2026-06-17T10:58:06.631+05:30  INFO 29136 --- [appverse-ai] [http-nio-8080-exec-5] c.w.service.impl.DownloadServiceImpl     : Fetching downloads for user id: 1
2026-06-17T10:58:06.631+05:30  INFO 29136 --- [appverse-ai] [http-nio-8080-exec-7] c.w.s.impl.RecommendationServiceImpl     : Fetching recommendations for user id: 1
2026-06-17T10:58:06.645+05:30  INFO 29136 --- [appverse-ai] [http-nio-8080-exec-8] c.wipro.service.impl.ReviewServiceImpl   : Fetching all reviews
2026-06-17T10:58:06.646+05:30  INFO 29136 --- [appverse-ai] [http-nio-8080-exec-6] c.w.s.impl.RecommendationServiceImpl     : Fetching recommendations for user id: 1
2026-06-17T10:58:06.646+05:30  INFO 29136 --- [appverse-ai] [http-nio-8080-exec-1] c.w.service.impl.DownloadServiceImpl     : Fetching downloads for user id: 1
2026-06-17T10:58:06.656+05:30  INFO 29136 --- [appverse-ai] [http-nio-8080-exec-4] com.wipro.service.impl.AppServiceImpl    : Fetching all apps
2026-06-17T10:58:10.872+05:30  INFO 29136 --- [appverse-ai] [http-nio-8080-exec-2] com.wipro.service.impl.AppServiceImpl    : Fetching all apps
2026-06-17T10:58:10.872+05:30  INFO 29136 --- [appverse-ai] [http-nio-8080-exec-9] c.w.s.impl.RecommendationServiceImpl     : Fetching recommendations for user id: 1
2026-06-17T10:58:10.888+05:30  INFO 29136 --- [appverse-ai] [http-nio-8080-exec-3] c.w.s.impl.RecommendationServiceImpl     : Fetching recommendations for user id: 1
2026-06-17T10:58:10.897+05:30  INFO 29136 --- [appverse-ai] [http-nio-8080-exec-7] com.wipro.service.impl.AppServiceImpl    : Fetching all apps
2026-06-17T10:58:22.181+05:30  INFO 29136 --- [appverse-ai] [http-nio-8080-exec-5] com.wipro.service.impl.AppServiceImpl    : Fetching all apps
2026-06-17T10:58:22.181+05:30  INFO 29136 --- [appverse-ai] [http-nio-8080-exec-10] c.w.service.impl.CategoryServiceImpl     : Fetching all categories
2026-06-17T10:58:22.201+05:30  INFO 29136 --- [appverse-ai] [http-nio-8080-exec-1] c.w.service.impl.CategoryServiceImpl     : Fetching all categories
2026-06-17T10:58:22.210+05:30  INFO 29136 --- [appverse-ai] [http-nio-8080-exec-6] com.wipro.service.impl.AppServiceImpl    : Fetching all apps
2026-06-17T10:58:22.217+05:30  INFO 29136 --- [appverse-ai] [http-nio-8080-exec-4] c.w.s.impl.DeveloperProfileServiceImpl   : Fetching developer profile for user id: 1
2026-06-17T10:58:22.241+05:30  INFO 29136 --- [appverse-ai] [http-nio-8080-exec-9] c.w.s.impl.DeveloperProfileServiceImpl   : Fetching developer profile for user id: 1
2026-06-17T10:58:25.701+05:30  INFO 29136 --- [appverse-ai] [http-nio-8080-exec-3] com.wipro.service.impl.AppServiceImpl    : Fetching all apps
2026-06-17T10:58:25.701+05:30  INFO 29136 --- [appverse-ai] [http-nio-8080-exec-2] c.w.s.impl.RecommendationServiceImpl     : Fetching recommendations for user id: 1
2026-06-17T10:58:25.717+05:30  INFO 29136 --- [appverse-ai] [http-nio-8080-exec-7] c.w.s.impl.RecommendationServiceImpl     : Fetching recommendations for user id: 1
2026-06-17T10:58:25.724+05:30  INFO 29136 --- [appverse-ai] [http-nio-8080-exec-10] com.wipro.service.impl.AppServiceImpl    : Fetching all apps
2026-06-17T10:58:28.576+05:30  INFO 29136 --- [appverse-ai] [http-nio-8080-exec-1] com.wipro.service.impl.AppServiceImpl    : Fetching all apps
2026-06-17T10:58:28.576+05:30  INFO 29136 --- [appverse-ai] [http-nio-8080-exec-6] c.wipro.service.impl.ReviewServiceImpl   : Fetching all reviews
2026-06-17T10:58:28.576+05:30  INFO 29136 --- [appverse-ai] [http-nio-8080-exec-5] c.w.service.impl.DownloadServiceImpl     : Fetching downloads for user id: 1
2026-06-17T10:58:28.576+05:30  INFO 29136 --- [appverse-ai] [http-nio-8080-exec-8] c.w.s.impl.RecommendationServiceImpl     : Fetching recommendations for user id: 1
2026-06-17T10:58:28.592+05:30  INFO 29136 --- [appverse-ai] [http-nio-8080-exec-2] c.wipro.service.impl.ReviewServiceImpl   : Fetching all reviews
2026-06-17T10:58:28.592+05:30  INFO 29136 --- [appverse-ai] [http-nio-8080-exec-4] c.w.s.impl.RecommendationServiceImpl     : Fetching recommendations for user id: 1
2026-06-17T10:58:28.592+05:30  INFO 29136 --- [appverse-ai] [http-nio-8080-exec-9] c.w.service.impl.DownloadServiceImpl     : Fetching downloads for user id: 1
2026-06-17T10:58:28.603+05:30  INFO 29136 --- [appverse-ai] [http-nio-8080-exec-3] com.wipro.service.impl.AppServiceImpl    : Fetching all apps
2026-06-17T10:59:29.998+05:30  INFO 29136 --- [appverse-ai] [http-nio-8080-exec-4] c.wipro.service.impl.ReviewServiceImpl   : Fetching all reviews
2026-06-17T10:59:29.998+05:30  INFO 29136 --- [appverse-ai] [http-nio-8080-exec-9] c.w.service.impl.DownloadServiceImpl     : Fetching downloads for user id: 1
2026-06-17T10:59:30.014+05:30  INFO 29136 --- [appverse-ai] [http-nio-8080-exec-3] c.wipro.service.impl.ReviewServiceImpl   : Fetching all reviews
2026-06-17T10:59:30.014+05:30  INFO 29136 --- [appverse-ai] [http-nio-8080-exec-2] c.w.service.impl.DownloadServiceImpl     : Fetching downloads for user id: 1
2026-06-17T10:59:41.835+05:30  INFO 29136 --- [appverse-ai] [http-nio-8080-exec-7] c.w.service.impl.DownloadServiceImpl     : Fetching downloads for user id: 1
2026-06-17T10:59:41.851+05:30  INFO 29136 --- [appverse-ai] [http-nio-8080-exec-5] c.w.service.impl.DownloadServiceImpl     : Fetching downloads for user id: 1
2026-06-17T10:59:43.796+05:30  INFO 29136 --- [appverse-ai] [http-nio-8080-exec-6] com.wipro.service.impl.AppServiceImpl    : Fetching all apps
2026-06-17T10:59:43.796+05:30  INFO 29136 --- [appverse-ai] [http-nio-8080-exec-10] c.w.service.impl.DownloadServiceImpl     : Fetching all downloads
2026-06-17T10:59:43.813+05:30  INFO 29136 --- [appverse-ai] [http-nio-8080-exec-1] c.w.service.impl.DownloadServiceImpl     : Fetching all downloads
2026-06-17T10:59:43.814+05:30  INFO 29136 --- [appverse-ai] [http-nio-8080-exec-8] com.wipro.service.impl.AppServiceImpl    : Fetching all apps
2026-06-17T10:59:45.178+05:30  INFO 29136 --- [appverse-ai] [http-nio-8080-exec-4] c.w.s.impl.RecommendationServiceImpl     : Fetching recommendations for user id: 1
2026-06-17T10:59:45.178+05:30  INFO 29136 --- [appverse-ai] [http-nio-8080-exec-9] c.w.service.impl.DownloadServiceImpl     : Fetching downloads for user id: 1
2026-06-17T10:59:45.178+05:30  INFO 29136 --- [appverse-ai] [http-nio-8080-exec-3] c.wipro.service.impl.ReviewServiceImpl   : Fetching all reviews
2026-06-17T10:59:45.178+05:30  INFO 29136 --- [appverse-ai] [http-nio-8080-exec-2] com.wipro.service.impl.AppServiceImpl    : Fetching all apps
2026-06-17T10:59:45.191+05:30  INFO 29136 --- [appverse-ai] [http-nio-8080-exec-10] c.wipro.service.impl.ReviewServiceImpl   : Fetching all reviews
2026-06-17T10:59:45.191+05:30  INFO 29136 --- [appverse-ai] [http-nio-8080-exec-7] c.w.service.impl.DownloadServiceImpl     : Fetching downloads for user id: 1
2026-06-17T10:59:45.192+05:30  INFO 29136 --- [appverse-ai] [http-nio-8080-exec-5] c.w.s.impl.RecommendationServiceImpl     : Fetching recommendations for user id: 1
2026-06-17T10:59:45.201+05:30  INFO 29136 --- [appverse-ai] [http-nio-8080-exec-6] com.wipro.service.impl.AppServiceImpl    : Fetching all apps
2026-06-17T10:59:46.179+05:30  INFO 29136 --- [appverse-ai] [http-nio-8080-exec-1] com.wipro.service.impl.AppServiceImpl    : Fetching all apps
2026-06-17T10:59:46.179+05:30  INFO 29136 --- [appverse-ai] [http-nio-8080-exec-8] c.w.service.impl.CategoryServiceImpl     : Fetching all categories
2026-06-17T10:59:46.192+05:30  INFO 29136 --- [appverse-ai] [http-nio-8080-exec-4] c.w.service.impl.CategoryServiceImpl     : Fetching all categories
2026-06-17T10:59:46.199+05:30  INFO 29136 --- [appverse-ai] [http-nio-8080-exec-9] com.wipro.service.impl.AppServiceImpl    : Fetching all apps
2026-06-17T10:59:55.261+05:30  INFO 29136 --- [appverse-ai] [http-nio-8080-exec-3] c.w.s.impl.RecommendationServiceImpl     : Fetching recommendations for user id: 1
2026-06-17T10:59:55.261+05:30  INFO 29136 --- [appverse-ai] [http-nio-8080-exec-2] com.wipro.service.impl.AppServiceImpl    : Fetching all apps
2026-06-17T10:59:55.277+05:30  INFO 29136 --- [appverse-ai] [http-nio-8080-exec-5] c.w.s.impl.RecommendationServiceImpl     : Fetching recommendations for user id: 1
2026-06-17T10:59:55.284+05:30  INFO 29136 --- [appverse-ai] [http-nio-8080-exec-7] com.wipro.service.impl.AppServiceImpl    : Fetching all apps
2026-06-17T11:04:23.203+05:30  INFO 29136 --- [appverse-ai] [http-nio-8080-exec-3] c.w.service.impl.CategoryServiceImpl     : Fetching all categories
2026-06-17T11:04:23.203+05:30  INFO 29136 --- [appverse-ai] [http-nio-8080-exec-9] com.wipro.service.impl.AppServiceImpl    : Fetching all apps
2026-06-17T11:04:23.219+05:30  INFO 29136 --- [appverse-ai] [http-nio-8080-exec-2] c.w.service.impl.CategoryServiceImpl     : Fetching all categories
2026-06-17T11:04:23.231+05:30  INFO 29136 --- [appverse-ai] [http-nio-8080-exec-5] com.wipro.service.impl.AppServiceImpl    : Fetching all apps
2026-06-17T11:04:24.858+05:30  INFO 29136 --- [appverse-ai] [http-nio-8080-exec-7] com.wipro.service.impl.AppServiceImpl    : Fetching all apps
2026-06-17T11:04:24.858+05:30  INFO 29136 --- [appverse-ai] [http-nio-8080-exec-10] c.w.service.impl.CategoryServiceImpl     : Fetching all categories
2026-06-17T11:04:24.875+05:30  INFO 29136 --- [appverse-ai] [http-nio-8080-exec-6] c.w.service.impl.CategoryServiceImpl     : Fetching all categories
2026-06-17T11:04:24.879+05:30  INFO 29136 --- [appverse-ai] [http-nio-8080-exec-4] com.wipro.service.impl.AppServiceImpl    : Fetching all apps
2026-06-17T11:04:25.994+05:30  INFO 29136 --- [appverse-ai] [http-nio-8080-exec-9] c.wipro.service.impl.ReviewServiceImpl   : Fetching all reviews
2026-06-17T11:04:25.994+05:30  INFO 29136 --- [appverse-ai] [http-nio-8080-exec-3] com.wipro.service.impl.AppServiceImpl    : Fetching all apps
2026-06-17T11:04:25.994+05:30  INFO 29136 --- [appverse-ai] [http-nio-8080-exec-8] c.w.service.impl.DownloadServiceImpl     : Fetching downloads for user id: 3
2026-06-17T11:04:25.995+05:30  INFO 29136 --- [appverse-ai] [http-nio-8080-exec-1] c.w.s.impl.RecommendationServiceImpl     : Fetching recommendations for user id: 3
2026-06-17T11:04:26.011+05:30  INFO 29136 --- [appverse-ai] [http-nio-8080-exec-5] c.wipro.service.impl.ReviewServiceImpl   : Fetching all reviews
2026-06-17T11:04:26.013+05:30  INFO 29136 --- [appverse-ai] [http-nio-8080-exec-2] c.w.s.impl.RecommendationServiceImpl     : Fetching recommendations for user id: 3
2026-06-17T11:04:26.020+05:30  INFO 29136 --- [appverse-ai] [http-nio-8080-exec-10] c.w.service.impl.DownloadServiceImpl     : Fetching downloads for user id: 3
2026-06-17T11:04:26.022+05:30  INFO 29136 --- [appverse-ai] [http-nio-8080-exec-7] com.wipro.service.impl.AppServiceImpl    : Fetching all apps
2026-06-17T11:04:27.477+05:30  INFO 29136 --- [appverse-ai] [http-nio-8080-exec-6] c.w.service.impl.DownloadServiceImpl     : Fetching downloads for user id: 3
2026-06-17T11:04:27.498+05:30  INFO 29136 --- [appverse-ai] [http-nio-8080-exec-4] c.w.service.impl.DownloadServiceImpl     : Fetching downloads for user id: 3
2026-06-17T11:04:27.505+05:30  INFO 29136 --- [appverse-ai] [http-nio-8080-exec-3] com.wipro.service.impl.AppServiceImpl    : Fetching app by id: 15
2026-06-17T11:04:27.505+05:30  INFO 29136 --- [appverse-ai] [http-nio-8080-exec-2] com.wipro.service.impl.AppServiceImpl    : Fetching app by id: 11
2026-06-17T11:04:27.505+05:30  INFO 29136 --- [appverse-ai] [http-nio-8080-exec-5] com.wipro.service.impl.AppServiceImpl    : Fetching app by id: 13
2026-06-17T11:04:27.529+05:30  INFO 29136 --- [appverse-ai] [http-nio-8080-exec-6] com.wipro.service.impl.AppServiceImpl    : Fetching app by id: 15
2026-06-17T11:04:27.529+05:30  INFO 29136 --- [appverse-ai] [http-nio-8080-exec-10] com.wipro.service.impl.AppServiceImpl    : Fetching app by id: 13
2026-06-17T11:04:27.529+05:30  INFO 29136 --- [appverse-ai] [http-nio-8080-exec-7] com.wipro.service.impl.AppServiceImpl    : Fetching app by id: 11
2026-06-17T11:04:31.311+05:30  INFO 29136 --- [appverse-ai] [http-nio-8080-exec-9] c.w.s.impl.RecommendationServiceImpl     : Fetching recommendations for user id: 3
2026-06-17T11:04:31.311+05:30  INFO 29136 --- [appverse-ai] [http-nio-8080-exec-1] com.wipro.service.impl.AppServiceImpl    : Fetching all apps
2026-06-17T11:04:31.326+05:30  INFO 29136 --- [appverse-ai] [http-nio-8080-exec-8] c.w.s.impl.RecommendationServiceImpl     : Fetching recommendations for user id: 3
2026-06-17T11:04:31.332+05:30  INFO 29136 --- [appverse-ai] [http-nio-8080-exec-4] com.wipro.service.impl.AppServiceImpl    : Fetching all apps
2026-06-17T11:04:32.549+05:30  INFO 29136 --- [appverse-ai] [http-nio-8080-exec-3] c.w.service.impl.DownloadServiceImpl     : Fetching downloads for user id: 3
2026-06-17T11:04:32.567+05:30  INFO 29136 --- [appverse-ai] [http-nio-8080-exec-5] c.w.service.impl.DownloadServiceImpl     : Fetching downloads for user id: 3
2026-06-17T11:04:32.570+05:30  INFO 29136 --- [appverse-ai] [http-nio-8080-exec-2] com.wipro.service.impl.AppServiceImpl    : Fetching app by id: 11
2026-06-17T11:04:32.570+05:30  INFO 29136 --- [appverse-ai] [http-nio-8080-exec-7] com.wipro.service.impl.AppServiceImpl    : Fetching app by id: 15
2026-06-17T11:04:32.570+05:30  INFO 29136 --- [appverse-ai] [http-nio-8080-exec-10] com.wipro.service.impl.AppServiceImpl    : Fetching app by id: 13
2026-06-17T11:04:32.587+05:30  INFO 29136 --- [appverse-ai] [http-nio-8080-exec-1] com.wipro.service.impl.AppServiceImpl    : Fetching app by id: 15
2026-06-17T11:04:32.587+05:30  INFO 29136 --- [appverse-ai] [http-nio-8080-exec-6] com.wipro.service.impl.AppServiceImpl    : Fetching app by id: 11
2026-06-17T11:04:32.587+05:30  INFO 29136 --- [appverse-ai] [http-nio-8080-exec-9] com.wipro.service.impl.AppServiceImpl    : Fetching app by id: 13
2026-06-17T11:04:33.554+05:30  INFO 29136 --- [appverse-ai] [http-nio-8080-exec-4] com.wipro.service.impl.AppServiceImpl    : Fetching all apps
2026-06-17T11:04:33.554+05:30  INFO 29136 --- [appverse-ai] [http-nio-8080-exec-5] c.wipro.service.impl.ReviewServiceImpl   : Fetching all reviews
2026-06-17T11:04:33.554+05:30  INFO 29136 --- [appverse-ai] [http-nio-8080-exec-8] c.w.service.impl.DownloadServiceImpl     : Fetching downloads for user id: 3
2026-06-17T11:04:33.554+05:30  INFO 29136 --- [appverse-ai] [http-nio-8080-exec-3] c.w.s.impl.RecommendationServiceImpl     : Fetching recommendations for user id: 3
2026-06-17T11:04:33.572+05:30  INFO 29136 --- [appverse-ai] [http-nio-8080-exec-2] c.w.s.impl.RecommendationServiceImpl     : Fetching recommendations for user id: 3
2026-06-17T11:04:33.572+05:30  INFO 29136 --- [appverse-ai] [http-nio-8080-exec-10] c.wipro.service.impl.ReviewServiceImpl   : Fetching all reviews
2026-06-17T11:04:33.575+05:30  INFO 29136 --- [appverse-ai] [http-nio-8080-exec-7] c.w.service.impl.DownloadServiceImpl     : Fetching downloads for user id: 3
2026-06-17T11:04:33.581+05:30  INFO 29136 --- [appverse-ai] [http-nio-8080-exec-1] com.wipro.service.impl.AppServiceImpl    : Fetching all apps
2026-06-17T11:04:34.917+05:30  INFO 29136 --- [appverse-ai] [http-nio-8080-exec-6] com.wipro.service.impl.AppServiceImpl    : Fetching all apps
2026-06-17T11:04:34.917+05:30  INFO 29136 --- [appverse-ai] [http-nio-8080-exec-9] c.w.service.impl.CategoryServiceImpl     : Fetching all categories
2026-06-17T11:04:34.931+05:30  INFO 29136 --- [appverse-ai] [http-nio-8080-exec-5] c.w.service.impl.CategoryServiceImpl     : Fetching all categories
2026-06-17T11:04:34.937+05:30  INFO 29136 --- [appverse-ai] [http-nio-8080-exec-3] com.wipro.service.impl.AppServiceImpl    : Fetching all apps
2026-06-17T11:05:08.597+05:30  INFO 29136 --- [appverse-ai] [http-nio-8080-exec-4] c.w.service.impl.CategoryServiceImpl     : Fetching all categories
2026-06-17T11:05:08.597+05:30  INFO 29136 --- [appverse-ai] [http-nio-8080-exec-8] com.wipro.service.impl.AppServiceImpl    : Fetching all apps
2026-06-17T11:05:08.614+05:30  INFO 29136 --- [appverse-ai] [http-nio-8080-exec-2] c.w.service.impl.CategoryServiceImpl     : Fetching all categories
2026-06-17T11:05:08.618+05:30  INFO 29136 --- [appverse-ai] [http-nio-8080-exec-10] com.wipro.service.impl.AppServiceImpl    : Fetching all apps
2026-06-17T11:05:09.755+05:30  INFO 29136 --- [appverse-ai] [http-nio-8080-exec-1] c.w.service.impl.CategoryServiceImpl     : Fetching all categories
2026-06-17T11:05:09.755+05:30  INFO 29136 --- [appverse-ai] [http-nio-8080-exec-7] com.wipro.service.impl.AppServiceImpl    : Fetching all apps
2026-06-17T11:05:09.769+05:30  INFO 29136 --- [appverse-ai] [http-nio-8080-exec-9] c.w.service.impl.CategoryServiceImpl     : Fetching all categories
2026-06-17T11:05:09.773+05:30  INFO 29136 --- [appverse-ai] [http-nio-8080-exec-6] com.wipro.service.impl.AppServiceImpl    : Fetching all apps
2026-06-17T11:05:10.653+05:30  INFO 29136 --- [appverse-ai] [http-nio-8080-exec-8] c.wipro.service.impl.ReviewServiceImpl   : Fetching all reviews
2026-06-17T11:05:10.653+05:30  INFO 29136 --- [appverse-ai] [http-nio-8080-exec-3] c.w.s.impl.RecommendationServiceImpl     : Fetching recommendations for user id: 3
2026-06-17T11:05:10.653+05:30  INFO 29136 --- [appverse-ai] [http-nio-8080-exec-4] com.wipro.service.impl.AppServiceImpl    : Fetching all apps
2026-06-17T11:05:10.653+05:30  INFO 29136 --- [appverse-ai] [http-nio-8080-exec-5] c.w.service.impl.DownloadServiceImpl     : Fetching downloads for user id: 3
2026-06-17T11:05:10.666+05:30  INFO 29136 --- [appverse-ai] [http-nio-8080-exec-10] c.wipro.service.impl.ReviewServiceImpl   : Fetching all reviews
2026-06-17T11:05:10.667+05:30  INFO 29136 --- [appverse-ai] [http-nio-8080-exec-2] c.w.s.impl.RecommendationServiceImpl     : Fetching recommendations for user id: 3
2026-06-17T11:05:10.675+05:30  INFO 29136 --- [appverse-ai] [http-nio-8080-exec-1] c.w.service.impl.DownloadServiceImpl     : Fetching downloads for user id: 3
2026-06-17T11:05:10.680+05:30  INFO 29136 --- [appverse-ai] [http-nio-8080-exec-7] com.wipro.service.impl.AppServiceImpl    : Fetching all apps
2026-06-17T11:05:13.782+05:30  INFO 29136 --- [appverse-ai] [http-nio-8080-exec-9] c.w.service.impl.DownloadServiceImpl     : Fetching downloads for user id: 3
2026-06-17T11:05:13.797+05:30  INFO 29136 --- [appverse-ai] [http-nio-8080-exec-6] c.w.service.impl.DownloadServiceImpl     : Fetching downloads for user id: 3
2026-06-17T11:05:13.800+05:30  INFO 29136 --- [appverse-ai] [http-nio-8080-exec-5] com.wipro.service.impl.AppServiceImpl    : Fetching app by id: 15
2026-06-17T11:05:13.800+05:30  INFO 29136 --- [appverse-ai] [http-nio-8080-exec-3] com.wipro.service.impl.AppServiceImpl    : Fetching app by id: 11
2026-06-17T11:05:13.800+05:30  INFO 29136 --- [appverse-ai] [http-nio-8080-exec-8] com.wipro.service.impl.AppServiceImpl    : Fetching app by id: 13
2026-06-17T11:05:13.816+05:30  INFO 29136 --- [appverse-ai] [http-nio-8080-exec-2] com.wipro.service.impl.AppServiceImpl    : Fetching app by id: 13
2026-06-17T11:05:13.816+05:30  INFO 29136 --- [appverse-ai] [http-nio-8080-exec-4] com.wipro.service.impl.AppServiceImpl    : Fetching app by id: 11
2026-06-17T11:05:13.816+05:30  INFO 29136 --- [appverse-ai] [http-nio-8080-exec-10] com.wipro.service.impl.AppServiceImpl    : Fetching app by id: 15
2026-06-17T11:05:15.334+05:30  INFO 29136 --- [appverse-ai] [http-nio-8080-exec-7] com.wipro.service.impl.AppServiceImpl    : Fetching all apps
2026-06-17T11:05:15.334+05:30  INFO 29136 --- [appverse-ai] [http-nio-8080-exec-1] c.w.s.impl.RecommendationServiceImpl     : Fetching recommendations for user id: 3
2026-06-17T11:05:15.346+05:30  INFO 29136 --- [appverse-ai] [http-nio-8080-exec-9] c.w.s.impl.RecommendationServiceImpl     : Fetching recommendations for user id: 3
2026-06-17T11:05:15.353+05:30  INFO 29136 --- [appverse-ai] [http-nio-8080-exec-6] com.wipro.service.impl.AppServiceImpl    : Fetching all apps
2026-06-17T11:15:17.015+05:30  INFO 29136 --- [appverse-ai] [http-nio-8080-exec-1] c.w.service.impl.CategoryServiceImpl     : Fetching all categories
2026-06-17T11:15:17.015+05:30  INFO 29136 --- [appverse-ai] [http-nio-8080-exec-2] com.wipro.service.impl.AppServiceImpl    : Fetching all apps
2026-06-17T11:15:17.031+05:30  INFO 29136 --- [appverse-ai] [http-nio-8080-exec-7] c.w.service.impl.CategoryServiceImpl     : Fetching all categories
2026-06-17T11:15:17.036+05:30  INFO 29136 --- [appverse-ai] [http-nio-8080-exec-9] com.wipro.service.impl.AppServiceImpl    : Fetching all apps
2026-06-17T11:15:49.585+05:30  INFO 29136 --- [appverse-ai] [http-nio-8080-exec-8] com.wipro.service.impl.AppServiceImpl    : Fetching apps by category id: 1
2026-06-17T11:16:02.729+05:30  INFO 29136 --- [appverse-ai] [http-nio-8080-exec-5] com.wipro.service.impl.AppServiceImpl    : Fetching apps by category id: 2
2026-06-17T11:16:05.749+05:30  INFO 29136 --- [appverse-ai] [http-nio-8080-exec-4] com.wipro.service.impl.AppServiceImpl    : Fetching apps by category id: 3
2026-06-17T11:16:08.591+05:30  INFO 29136 --- [appverse-ai] [http-nio-8080-exec-2] com.wipro.service.impl.AppServiceImpl    : Fetching apps by category id: 4
2026-06-17T11:16:09.969+05:30  INFO 29136 --- [appverse-ai] [http-nio-8080-exec-9] com.wipro.service.impl.AppServiceImpl    : Fetching apps by category id: 5
2026-06-17T11:16:11.185+05:30  INFO 29136 --- [appverse-ai] [http-nio-8080-exec-6] com.wipro.service.impl.AppServiceImpl    : Fetching apps by category id: 4
2026-06-17T11:16:13.086+05:30  INFO 29136 --- [appverse-ai] [http-nio-8080-exec-8] com.wipro.service.impl.AppServiceImpl    : Fetching apps by category id: 3
2026-06-17T11:16:30.022+05:30  INFO 29136 --- [appverse-ai] [http-nio-8080-exec-10] com.wipro.service.impl.AppServiceImpl    : Fetching apps by category id: 4
2026-06-17T11:16:31.161+05:30  INFO 29136 --- [appverse-ai] [http-nio-8080-exec-4] com.wipro.service.impl.AppServiceImpl    : Fetching apps by category id: 5
2026-06-17T11:16:33.103+05:30  INFO 29136 --- [appverse-ai] [http-nio-8080-exec-1] com.wipro.service.impl.AppServiceImpl    : Fetching all apps
2026-06-17T11:16:33.103+05:30  INFO 29136 --- [appverse-ai] [http-nio-8080-exec-2] c.w.service.impl.CategoryServiceImpl     : Fetching all categories
2026-06-17T11:24:00.114+05:30  INFO 29136 --- [appverse-ai] [http-nio-8080-exec-8] c.w.service.impl.CategoryServiceImpl     : Fetching all categories
2026-06-17T11:24:00.114+05:30  INFO 29136 --- [appverse-ai] [http-nio-8080-exec-6] com.wipro.service.impl.AppServiceImpl    : Fetching all apps
2026-06-17T11:24:00.129+05:30  INFO 29136 --- [appverse-ai] [http-nio-8080-exec-3] c.w.service.impl.CategoryServiceImpl     : Fetching all categories
2026-06-17T11:24:00.132+05:30  INFO 29136 --- [appverse-ai] [http-nio-8080-exec-5] com.wipro.service.impl.AppServiceImpl    : Fetching all apps
2026-06-17T11:24:05.220+05:30  INFO 29136 --- [appverse-ai] [http-nio-8080-exec-4] com.wipro.service.impl.AppServiceImpl    : Fetching app by id: 11
2026-06-17T11:24:05.227+05:30  INFO 29136 --- [appverse-ai] [http-nio-8080-exec-6] c.wipro.service.impl.ReviewServiceImpl   : Fetching reviews for app id: 11
2026-06-17T11:24:05.227+05:30  INFO 29136 --- [appverse-ai] [http-nio-8080-exec-3] c.w.service.impl.DownloadServiceImpl     : Getting total downloads for app id: 11
2026-06-17T11:24:05.228+05:30  INFO 29136 --- [appverse-ai] [http-nio-8080-exec-5] c.w.service.impl.AppVersionServiceImpl   : Fetching versions for app id: 11
2026-06-17T11:24:05.235+05:30  INFO 29136 --- [appverse-ai] [http-nio-8080-exec-10] com.wipro.service.impl.AppServiceImpl    : Fetching app by id: 11
2026-06-17T11:24:05.240+05:30  INFO 29136 --- [appverse-ai] [http-nio-8080-exec-1] c.wipro.service.impl.ReviewServiceImpl   : Fetching reviews for app id: 11
2026-06-17T11:24:05.248+05:30  INFO 29136 --- [appverse-ai] [http-nio-8080-exec-2] c.w.service.impl.AppVersionServiceImpl   : Fetching versions for app id: 11
2026-06-17T11:24:05.253+05:30  INFO 29136 --- [appverse-ai] [http-nio-8080-exec-9] c.w.service.impl.DownloadServiceImpl     : Getting total downloads for app id: 11
2026-06-17T11:24:13.470+05:30  INFO 29136 --- [appverse-ai] [http-nio-8080-exec-7] com.wipro.service.impl.AppServiceImpl    : Fetching all apps
2026-06-17T11:24:13.470+05:30  INFO 29136 --- [appverse-ai] [http-nio-8080-exec-8] c.w.service.impl.CategoryServiceImpl     : Fetching all categories
2026-06-17T11:24:13.485+05:30  INFO 29136 --- [appverse-ai] [http-nio-8080-exec-4] c.w.service.impl.CategoryServiceImpl     : Fetching all categories
2026-06-17T11:24:13.491+05:30  INFO 29136 --- [appverse-ai] [http-nio-8080-exec-6] com.wipro.service.impl.AppServiceImpl    : Fetching all apps
2026-06-17T11:24:15.649+05:30  INFO 29136 --- [appverse-ai] [http-nio-8080-exec-10] com.wipro.service.impl.AppServiceImpl    : Fetching all apps
2026-06-17T11:24:15.649+05:30  INFO 29136 --- [appverse-ai] [http-nio-8080-exec-5] c.w.s.impl.RecommendationServiceImpl     : Fetching recommendations for user id: 3
2026-06-17T11:24:15.663+05:30  INFO 29136 --- [appverse-ai] [http-nio-8080-exec-1] c.w.s.impl.RecommendationServiceImpl     : Fetching recommendations for user id: 3
2026-06-17T11:24:15.670+05:30  INFO 29136 --- [appverse-ai] [http-nio-8080-exec-3] com.wipro.service.impl.AppServiceImpl    : Fetching all apps
2026-06-17T11:24:17.160+05:30  INFO 29136 --- [appverse-ai] [http-nio-8080-exec-8] com.wipro.service.impl.AppServiceImpl    : Fetching all apps
2026-06-17T11:24:17.160+05:30  INFO 29136 --- [appverse-ai] [http-nio-8080-exec-2] c.w.service.impl.DownloadServiceImpl     : Fetching downloads for user id: 3
2026-06-17T11:24:17.160+05:30  INFO 29136 --- [appverse-ai] [http-nio-8080-exec-7] c.wipro.service.impl.ReviewServiceImpl   : Fetching all reviews
2026-06-17T11:24:17.160+05:30  INFO 29136 --- [appverse-ai] [http-nio-8080-exec-9] c.w.s.impl.RecommendationServiceImpl     : Fetching recommendations for user id: 3
2026-06-17T11:24:17.195+05:30  INFO 29136 --- [appverse-ai] [http-nio-8080-exec-5] c.w.service.impl.DownloadServiceImpl     : Fetching downloads for user id: 3
2026-06-17T11:24:17.195+05:30  INFO 29136 --- [appverse-ai] [http-nio-8080-exec-6] c.wipro.service.impl.ReviewServiceImpl   : Fetching all reviews
2026-06-17T11:24:17.195+05:30  INFO 29136 --- [appverse-ai] [http-nio-8080-exec-4] c.w.s.impl.RecommendationServiceImpl     : Fetching recommendations for user id: 3
2026-06-17T11:24:17.203+05:30  INFO 29136 --- [appverse-ai] [http-nio-8080-exec-10] com.wipro.service.impl.AppServiceImpl    : Fetching all apps
2026-06-17T11:24:28.036+05:30  INFO 29136 --- [appverse-ai] [http-nio-8080-exec-1] com.wipro.service.impl.AppServiceImpl    : Fetching all apps
2026-06-17T11:24:28.036+05:30  INFO 29136 --- [appverse-ai] [http-nio-8080-exec-3] c.w.service.impl.CategoryServiceImpl     : Fetching all categories
2026-06-17T11:24:28.051+05:30  INFO 29136 --- [appverse-ai] [http-nio-8080-exec-9] c.w.service.impl.CategoryServiceImpl     : Fetching all categories
2026-06-17T11:24:28.053+05:30  INFO 29136 --- [appverse-ai] [http-nio-8080-exec-7] com.wipro.service.impl.AppServiceImpl    : Fetching all apps
2026-06-17T11:24:29.899+05:30  INFO 29136 --- [appverse-ai] [http-nio-8080-exec-6] c.wipro.service.impl.ReviewServiceImpl   : Fetching all reviews
2026-06-17T11:24:29.899+05:30  INFO 29136 --- [appverse-ai] [http-nio-8080-exec-4] com.wipro.service.impl.AppServiceImpl    : Fetching all apps
2026-06-17T11:24:29.899+05:30  INFO 29136 --- [appverse-ai] [http-nio-8080-exec-8] c.w.s.impl.RecommendationServiceImpl     : Fetching recommendations for user id: 3
2026-06-17T11:24:29.899+05:30  INFO 29136 --- [appverse-ai] [http-nio-8080-exec-2] c.w.service.impl.DownloadServiceImpl     : Fetching downloads for user id: 3
2026-06-17T11:24:29.910+05:30  INFO 29136 --- [appverse-ai] [http-nio-8080-exec-10] c.wipro.service.impl.ReviewServiceImpl   : Fetching all reviews
2026-06-17T11:24:29.910+05:30  INFO 29136 --- [appverse-ai] [http-nio-8080-exec-5] c.w.s.impl.RecommendationServiceImpl     : Fetching recommendations for user id: 3
2026-06-17T11:24:29.915+05:30  INFO 29136 --- [appverse-ai] [http-nio-8080-exec-3] c.w.service.impl.DownloadServiceImpl     : Fetching downloads for user id: 3
2026-06-17T11:24:29.920+05:30  INFO 29136 --- [appverse-ai] [http-nio-8080-exec-1] com.wipro.service.impl.AppServiceImpl    : Fetching all apps
2026-06-17T11:24:35.502+05:30  INFO 29136 --- [appverse-ai] [http-nio-8080-exec-7] com.wipro.service.impl.AppServiceImpl    : Fetching all apps
2026-06-17T11:24:35.502+05:30  INFO 29136 --- [appverse-ai] [http-nio-8080-exec-9] c.w.s.impl.RecommendationServiceImpl     : Fetching recommendations for user id: 3
2026-06-17T11:24:35.516+05:30  INFO 29136 --- [appverse-ai] [http-nio-8080-exec-8] c.w.s.impl.RecommendationServiceImpl     : Fetching recommendations for user id: 3
2026-06-17T11:24:35.523+05:30  INFO 29136 --- [appverse-ai] [http-nio-8080-exec-6] com.wipro.service.impl.AppServiceImpl    : Fetching all apps
2026-06-17T11:24:38.370+05:30  INFO 29136 --- [appverse-ai] [http-nio-8080-exec-10] c.wipro.service.impl.ReviewServiceImpl   : Fetching all reviews
2026-06-17T11:24:38.370+05:30  INFO 29136 --- [appverse-ai] [http-nio-8080-exec-5] com.wipro.service.impl.AppServiceImpl    : Fetching all apps
2026-06-17T11:24:38.370+05:30  INFO 29136 --- [appverse-ai] [http-nio-8080-exec-2] c.w.service.impl.DownloadServiceImpl     : Fetching downloads for user id: 3
2026-06-17T11:24:38.370+05:30  INFO 29136 --- [appverse-ai] [http-nio-8080-exec-4] c.w.s.impl.RecommendationServiceImpl     : Fetching recommendations for user id: 3
2026-06-17T11:24:38.386+05:30  INFO 29136 --- [appverse-ai] [http-nio-8080-exec-1] c.wipro.service.impl.ReviewServiceImpl   : Fetching all reviews
2026-06-17T11:24:38.386+05:30  INFO 29136 --- [appverse-ai] [http-nio-8080-exec-3] c.w.s.impl.RecommendationServiceImpl     : Fetching recommendations for user id: 3
2026-06-17T11:24:38.388+05:30  INFO 29136 --- [appverse-ai] [http-nio-8080-exec-9] c.w.service.impl.DownloadServiceImpl     : Fetching downloads for user id: 3
2026-06-17T11:24:38.393+05:30  INFO 29136 --- [appverse-ai] [http-nio-8080-exec-7] com.wipro.service.impl.AppServiceImpl    : Fetching all apps
2026-06-17T11:25:33.307+05:30  INFO 29136 --- [appverse-ai] [http-nio-8080-exec-6] com.wipro.service.impl.UserServiceImpl   : Login attempt for email: john@example.com
2026-06-17T11:25:33.380+05:30  INFO 29136 --- [appverse-ai] [http-nio-8080-exec-6] com.wipro.service.impl.UserServiceImpl   : Login successful for email: john@example.com
2026-06-17T11:25:33.391+05:30  INFO 29136 --- [appverse-ai] [http-nio-8080-exec-4] com.wipro.service.impl.UserServiceImpl   : Fetching all users
2026-06-17T11:25:33.432+05:30  INFO 29136 --- [appverse-ai] [http-nio-8080-exec-2] c.w.service.impl.CategoryServiceImpl     : Fetching all categories
2026-06-17T11:25:33.432+05:30  INFO 29136 --- [appverse-ai] [http-nio-8080-exec-10] com.wipro.service.impl.AppServiceImpl    : Fetching all apps
2026-06-17T11:25:33.448+05:30  INFO 29136 --- [appverse-ai] [http-nio-8080-exec-5] c.w.service.impl.CategoryServiceImpl     : Fetching all categories
2026-06-17T11:25:33.451+05:30  INFO 29136 --- [appverse-ai] [http-nio-8080-exec-3] com.wipro.service.impl.AppServiceImpl    : Fetching all apps
2026-06-17T11:25:38.557+05:30  INFO 29136 --- [appverse-ai] [http-nio-8080-exec-8] c.w.service.impl.CategoryServiceImpl     : Fetching all categories
2026-06-17T11:25:38.557+05:30  INFO 29136 --- [appverse-ai] [http-nio-8080-exec-7] com.wipro.service.impl.AppServiceImpl    : Fetching all apps
2026-06-17T11:25:38.573+05:30  INFO 29136 --- [appverse-ai] [http-nio-8080-exec-6] c.w.service.impl.CategoryServiceImpl     : Fetching all categories
2026-06-17T11:25:38.580+05:30  INFO 29136 --- [appverse-ai] [http-nio-8080-exec-4] com.wipro.service.impl.AppServiceImpl    : Fetching all apps
2026-06-17T11:25:38.583+05:30  INFO 29136 --- [appverse-ai] [http-nio-8080-exec-2] c.w.s.impl.DeveloperProfileServiceImpl   : Fetching developer profile for user id: 1
2026-06-17T11:25:38.601+05:30  INFO 29136 --- [appverse-ai] [http-nio-8080-exec-10] c.w.s.impl.DeveloperProfileServiceImpl   : Fetching developer profile for user id: 1
2026-06-17T11:25:42.080+05:30  INFO 29136 --- [appverse-ai] [http-nio-8080-exec-1] c.wipro.service.impl.ReviewServiceImpl   : Fetching all reviews
2026-06-17T11:25:42.080+05:30  INFO 29136 --- [appverse-ai] [http-nio-8080-exec-5] c.w.service.impl.DownloadServiceImpl     : Fetching downloads for user id: 1
2026-06-17T11:25:42.080+05:30  INFO 29136 --- [appverse-ai] [http-nio-8080-exec-9] com.wipro.service.impl.AppServiceImpl    : Fetching all apps
2026-06-17T11:25:42.080+05:30  INFO 29136 --- [appverse-ai] [http-nio-8080-exec-3] c.w.s.impl.RecommendationServiceImpl     : Fetching recommendations for user id: 1
2026-06-17T11:25:42.094+05:30  INFO 29136 --- [appverse-ai] [http-nio-8080-exec-8] c.w.service.impl.DownloadServiceImpl     : Fetching downloads for user id: 1
2026-06-17T11:25:42.094+05:30  INFO 29136 --- [appverse-ai] [http-nio-8080-exec-6] c.wipro.service.impl.ReviewServiceImpl   : Fetching all reviews
2026-06-17T11:25:42.094+05:30  INFO 29136 --- [appverse-ai] [http-nio-8080-exec-7] c.w.s.impl.RecommendationServiceImpl     : Fetching recommendations for user id: 1
2026-06-17T11:25:42.103+05:30  INFO 29136 --- [appverse-ai] [http-nio-8080-exec-2] com.wipro.service.impl.AppServiceImpl    : Fetching all apps
2026-06-17T11:25:46.629+05:30  INFO 29136 --- [appverse-ai] [http-nio-8080-exec-4] c.w.service.impl.DownloadServiceImpl     : Fetching downloads for user id: 1
2026-06-17T11:25:46.640+05:30  INFO 29136 --- [appverse-ai] [http-nio-8080-exec-10] c.w.service.impl.DownloadServiceImpl     : Fetching downloads for user id: 1
2026-06-17T11:25:48.810+05:30  INFO 29136 --- [appverse-ai] [http-nio-8080-exec-5] com.wipro.service.impl.AppServiceImpl    : Fetching all apps
2026-06-17T11:25:48.810+05:30  INFO 29136 --- [appverse-ai] [http-nio-8080-exec-3] c.w.service.impl.CategoryServiceImpl     : Fetching all categories
2026-06-17T11:25:48.823+05:30  INFO 29136 --- [appverse-ai] [http-nio-8080-exec-1] c.w.service.impl.CategoryServiceImpl     : Fetching all categories
2026-06-17T11:25:48.828+05:30  INFO 29136 --- [appverse-ai] [http-nio-8080-exec-9] com.wipro.service.impl.AppServiceImpl    : Fetching all apps
2026-06-17T11:25:59.898+05:30  INFO 29136 --- [appverse-ai] [http-nio-8080-exec-6] c.w.service.impl.AppVersionServiceImpl   : Fetching versions for app id: 39
2026-06-17T11:25:59.898+05:30  INFO 29136 --- [appverse-ai] [http-nio-8080-exec-10] c.w.service.impl.DownloadServiceImpl     : Getting total downloads for app id: 39
2026-06-17T11:25:59.898+05:30  INFO 29136 --- [appverse-ai] [http-nio-8080-exec-9] c.wipro.service.impl.ReviewServiceImpl   : Fetching reviews for app id: 39
2026-06-17T11:25:59.898+05:30  INFO 29136 --- [appverse-ai] [http-nio-8080-exec-1] com.wipro.service.impl.AppServiceImpl    : Fetching app by id: 39
2026-06-17T11:25:59.914+05:30  INFO 29136 --- [appverse-ai] [http-nio-8080-exec-2] c.wipro.service.impl.ReviewServiceImpl   : Fetching reviews for app id: 39
2026-06-17T11:25:59.914+05:30  INFO 29136 --- [appverse-ai] [http-nio-8080-exec-7] c.w.service.impl.DownloadServiceImpl     : Getting total downloads for app id: 39
2026-06-17T11:25:59.914+05:30  INFO 29136 --- [appverse-ai] [http-nio-8080-exec-8] c.w.service.impl.AppVersionServiceImpl   : Fetching versions for app id: 39
2026-06-17T11:25:59.918+05:30  INFO 29136 --- [appverse-ai] [http-nio-8080-exec-4] com.wipro.service.impl.AppServiceImpl    : Fetching app by id: 39
2026-06-17T11:30:26.029+05:30  INFO 29136 --- [appverse-ai] [http-nio-8080-exec-8] c.w.service.impl.DownloadServiceImpl     : Fetching downloads for user id: 1
2026-06-17T11:30:26.041+05:30  INFO 29136 --- [appverse-ai] [http-nio-8080-exec-4] c.w.service.impl.DownloadServiceImpl     : Fetching downloads for user id: 1
2026-06-17T11:30:28.491+05:30  INFO 29136 --- [appverse-ai] [http-nio-8080-exec-1] com.wipro.service.impl.AppServiceImpl    : Fetching all apps
2026-06-17T11:30:28.491+05:30  INFO 29136 --- [appverse-ai] [http-nio-8080-exec-3] c.w.service.impl.DownloadServiceImpl     : Fetching all downloads
2026-06-17T11:30:28.508+05:30  INFO 29136 --- [appverse-ai] [http-nio-8080-exec-2] c.w.service.impl.DownloadServiceImpl     : Fetching all downloads
2026-06-17T11:30:28.508+05:30  INFO 29136 --- [appverse-ai] [http-nio-8080-exec-7] com.wipro.service.impl.AppServiceImpl    : Fetching all apps
2026-06-17T11:30:32.801+05:30  INFO 29136 --- [appverse-ai] [http-nio-8080-exec-8] c.w.service.impl.DownloadServiceImpl     : Fetching downloads for user id: 1
2026-06-17T11:30:32.812+05:30  INFO 29136 --- [appverse-ai] [http-nio-8080-exec-4] c.w.service.impl.DownloadServiceImpl     : Fetching downloads for user id: 1
2026-06-17T11:30:34.422+05:30  INFO 29136 --- [appverse-ai] [http-nio-8080-exec-6] com.wipro.service.impl.AppServiceImpl    : Fetching all apps
2026-06-17T11:30:34.428+05:30  INFO 29136 --- [appverse-ai] [http-nio-8080-exec-9] c.w.s.impl.RecommendationServiceImpl     : Fetching recommendations for user id: 1
2026-06-17T11:30:34.443+05:30  INFO 29136 --- [appverse-ai] [http-nio-8080-exec-3] c.w.s.impl.RecommendationServiceImpl     : Fetching recommendations for user id: 1
2026-06-17T11:30:34.448+05:30  INFO 29136 --- [appverse-ai] [http-nio-8080-exec-1] com.wipro.service.impl.AppServiceImpl    : Fetching all apps
2026-06-17T11:30:35.591+05:30  INFO 29136 --- [appverse-ai] [http-nio-8080-exec-7] com.wipro.service.impl.AppServiceImpl    : Fetching all apps
2026-06-17T11:30:35.595+05:30  INFO 29136 --- [appverse-ai] [http-nio-8080-exec-4] c.w.service.impl.CategoryServiceImpl     : Fetching all categories
2026-06-17T11:30:35.609+05:30  INFO 29136 --- [appverse-ai] [http-nio-8080-exec-10] c.w.service.impl.CategoryServiceImpl     : Fetching all categories
2026-06-17T11:30:35.611+05:30  INFO 29136 --- [appverse-ai] [http-nio-8080-exec-5] com.wipro.service.impl.AppServiceImpl    : Fetching all apps
2026-06-17T11:30:35.620+05:30  INFO 29136 --- [appverse-ai] [http-nio-8080-exec-6] c.w.s.impl.DeveloperProfileServiceImpl   : Fetching developer profile for user id: 1
2026-06-17T11:30:35.635+05:30  INFO 29136 --- [appverse-ai] [http-nio-8080-exec-3] c.w.s.impl.DeveloperProfileServiceImpl   : Fetching developer profile for user id: 1
2026-06-17T11:30:42.111+05:30  INFO 29136 --- [appverse-ai] [http-nio-8080-exec-1] c.w.service.impl.DownloadServiceImpl     : Fetching downloads for user id: 1
2026-06-17T11:30:42.121+05:30  INFO 29136 --- [appverse-ai] [http-nio-8080-exec-2] c.w.service.impl.DownloadServiceImpl     : Fetching downloads for user id: 1
2026-06-17T11:30:43.149+05:30  INFO 29136 --- [appverse-ai] [http-nio-8080-exec-8] c.w.service.impl.DownloadServiceImpl     : Fetching all downloads
2026-06-17T11:30:43.149+05:30  INFO 29136 --- [appverse-ai] [http-nio-8080-exec-4] com.wipro.service.impl.AppServiceImpl    : Fetching all apps
2026-06-17T11:30:43.164+05:30  INFO 29136 --- [appverse-ai] [http-nio-8080-exec-7] c.w.service.impl.DownloadServiceImpl     : Fetching all downloads
2026-06-17T11:30:43.165+05:30  INFO 29136 --- [appverse-ai] [http-nio-8080-exec-9] com.wipro.service.impl.AppServiceImpl    : Fetching all apps
2026-06-17T11:30:44.496+05:30  INFO 29136 --- [appverse-ai] [http-nio-8080-exec-3] com.wipro.service.impl.AppServiceImpl    : Fetching all apps
2026-06-17T11:30:44.496+05:30  INFO 29136 --- [appverse-ai] [http-nio-8080-exec-6] c.w.s.impl.RecommendationServiceImpl     : Fetching recommendations for user id: 1
2026-06-17T11:30:44.496+05:30  INFO 29136 --- [appverse-ai] [http-nio-8080-exec-5] c.w.service.impl.DownloadServiceImpl     : Fetching downloads for user id: 1
2026-06-17T11:30:44.501+05:30  INFO 29136 --- [appverse-ai] [http-nio-8080-exec-2] c.wipro.service.impl.ReviewServiceImpl   : Fetching all reviews
2026-06-17T11:30:44.510+05:30  INFO 29136 --- [appverse-ai] [http-nio-8080-exec-8] c.w.s.impl.RecommendationServiceImpl     : Fetching recommendations for user id: 1
2026-06-17T11:30:44.511+05:30  INFO 29136 --- [appverse-ai] [http-nio-8080-exec-4] c.w.service.impl.DownloadServiceImpl     : Fetching downloads for user id: 1
2026-06-17T11:30:44.518+05:30  INFO 29136 --- [appverse-ai] [http-nio-8080-exec-7] c.wipro.service.impl.ReviewServiceImpl   : Fetching all reviews
2026-06-17T11:30:44.519+05:30  INFO 29136 --- [appverse-ai] [http-nio-8080-exec-9] com.wipro.service.impl.AppServiceImpl    : Fetching all apps
2026-06-17T11:34:41.258+05:30  INFO 29136 --- [appverse-ai] [http-nio-8080-exec-8] c.w.service.impl.CategoryServiceImpl     : Fetching all categories
2026-06-17T11:34:41.258+05:30  INFO 29136 --- [appverse-ai] [http-nio-8080-exec-3] com.wipro.service.impl.AppServiceImpl    : Fetching all apps
2026-06-17T11:34:41.272+05:30  INFO 29136 --- [appverse-ai] [http-nio-8080-exec-4] c.w.service.impl.CategoryServiceImpl     : Fetching all categories
2026-06-17T11:34:41.277+05:30  INFO 29136 --- [appverse-ai] [http-nio-8080-exec-7] com.wipro.service.impl.AppServiceImpl    : Fetching all apps
2026-06-17T11:34:42.652+05:30  INFO 29136 --- [appverse-ai] [http-nio-8080-exec-6] c.w.service.impl.CategoryServiceImpl     : Fetching all categories
2026-06-17T11:34:42.652+05:30  INFO 29136 --- [appverse-ai] [http-nio-8080-exec-9] com.wipro.service.impl.AppServiceImpl    : Fetching all apps
2026-06-17T11:34:42.663+05:30  INFO 29136 --- [appverse-ai] [http-nio-8080-exec-5] c.w.service.impl.CategoryServiceImpl     : Fetching all categories
2026-06-17T11:34:42.667+05:30  INFO 29136 --- [appverse-ai] [http-nio-8080-exec-2] com.wipro.service.impl.AppServiceImpl    : Fetching all apps
2026-06-17T11:34:43.931+05:30  INFO 29136 --- [appverse-ai] [http-nio-8080-exec-3] c.wipro.service.impl.ReviewServiceImpl   : Fetching all reviews
2026-06-17T11:34:43.931+05:30  INFO 29136 --- [appverse-ai] [http-nio-8080-exec-8] com.wipro.service.impl.AppServiceImpl    : Fetching all apps
2026-06-17T11:34:43.933+05:30  INFO 29136 --- [appverse-ai] [http-nio-8080-exec-10] c.w.s.impl.RecommendationServiceImpl     : Fetching recommendations for user id: 1
2026-06-17T11:34:43.933+05:30  INFO 29136 --- [appverse-ai] [http-nio-8080-exec-1] c.w.service.impl.DownloadServiceImpl     : Fetching downloads for user id: 1
2026-06-17T11:34:43.945+05:30  INFO 29136 --- [appverse-ai] [http-nio-8080-exec-6] c.wipro.service.impl.ReviewServiceImpl   : Fetching all reviews
2026-06-17T11:34:43.945+05:30  INFO 29136 --- [appverse-ai] [http-nio-8080-exec-7] c.w.s.impl.RecommendationServiceImpl     : Fetching recommendations for user id: 1
2026-06-17T11:34:43.945+05:30  INFO 29136 --- [appverse-ai] [http-nio-8080-exec-4] c.w.service.impl.DownloadServiceImpl     : Fetching downloads for user id: 1
2026-06-17T11:34:43.952+05:30  INFO 29136 --- [appverse-ai] [http-nio-8080-exec-9] com.wipro.service.impl.AppServiceImpl    : Fetching all apps
2026-06-17T11:35:06.484+05:30  INFO 29136 --- [appverse-ai] [http-nio-8080-exec-10] c.wipro.service.impl.ReviewServiceImpl   : Fetching all reviews
2026-06-17T11:35:06.484+05:30  INFO 29136 --- [appverse-ai] [http-nio-8080-exec-1] com.wipro.service.impl.AppServiceImpl    : Fetching all apps
2026-06-17T11:35:06.485+05:30  INFO 29136 --- [appverse-ai] [http-nio-8080-exec-2] c.w.s.impl.RecommendationServiceImpl     : Fetching recommendations for user id: 1
2026-06-17T11:35:06.485+05:30  INFO 29136 --- [appverse-ai] [http-nio-8080-exec-5] c.w.service.impl.DownloadServiceImpl     : Fetching downloads for user id: 1
2026-06-17T11:35:06.498+05:30  INFO 29136 --- [appverse-ai] [http-nio-8080-exec-7] c.wipro.service.impl.ReviewServiceImpl   : Fetching all reviews
2026-06-17T11:35:06.498+05:30  INFO 29136 --- [appverse-ai] [http-nio-8080-exec-3] c.w.service.impl.DownloadServiceImpl     : Fetching downloads for user id: 1
2026-06-17T11:35:06.498+05:30  INFO 29136 --- [appverse-ai] [http-nio-8080-exec-8] c.w.s.impl.RecommendationServiceImpl     : Fetching recommendations for user id: 1
2026-06-17T11:35:06.507+05:30  INFO 29136 --- [appverse-ai] [http-nio-8080-exec-4] com.wipro.service.impl.AppServiceImpl    : Fetching all apps
2026-06-17T11:45:17.335+05:30  INFO 29136 --- [appverse-ai] [http-nio-8080-exec-8] com.wipro.service.impl.AppServiceImpl    : Fetching all apps
2026-06-17T11:45:17.335+05:30  INFO 29136 --- [appverse-ai] [http-nio-8080-exec-3] c.w.service.impl.DownloadServiceImpl     : Fetching all downloads
2026-06-17T11:45:17.352+05:30  INFO 29136 --- [appverse-ai] [http-nio-8080-exec-7] c.w.service.impl.DownloadServiceImpl     : Fetching all downloads
2026-06-17T11:45:17.352+05:30  INFO 29136 --- [appverse-ai] [http-nio-8080-exec-4] com.wipro.service.impl.AppServiceImpl    : Fetching all apps
2026-06-17T11:45:35.474+05:30  INFO 29136 --- [appverse-ai] [http-nio-8080-exec-6] com.wipro.service.impl.AppServiceImpl    : Fetching all apps
2026-06-17T11:45:35.474+05:30  INFO 29136 --- [appverse-ai] [http-nio-8080-exec-10] c.w.service.impl.CategoryServiceImpl     : Fetching all categories
2026-06-17T11:45:35.491+05:30  INFO 29136 --- [appverse-ai] [http-nio-8080-exec-5] c.w.service.impl.CategoryServiceImpl     : Fetching all categories
2026-06-17T11:45:35.497+05:30  INFO 29136 --- [appverse-ai] [http-nio-8080-exec-2] com.wipro.service.impl.AppServiceImpl    : Fetching all apps
2026-06-17T11:45:35.500+05:30  INFO 29136 --- [appverse-ai] [http-nio-8080-exec-1] c.w.s.impl.DeveloperProfileServiceImpl   : Fetching developer profile for user id: 1
2026-06-17T11:45:35.522+05:30  INFO 29136 --- [appverse-ai] [http-nio-8080-exec-9] c.w.s.impl.DeveloperProfileServiceImpl   : Fetching developer profile for user id: 1
2026-06-17T11:45:38.671+05:30  INFO 29136 --- [appverse-ai] [http-nio-8080-exec-3] c.w.service.impl.DownloadServiceImpl     : Fetching downloads for user id: 1
2026-06-17T11:45:38.681+05:30  INFO 29136 --- [appverse-ai] [http-nio-8080-exec-8] c.w.service.impl.DownloadServiceImpl     : Fetching downloads for user id: 1
2026-06-17T11:45:43.169+05:30  INFO 29136 --- [appverse-ai] [http-nio-8080-exec-7] c.w.service.impl.DownloadServiceImpl     : Fetching all downloads
2026-06-17T11:45:43.169+05:30  INFO 29136 --- [appverse-ai] [http-nio-8080-exec-4] com.wipro.service.impl.AppServiceImpl    : Fetching all apps
2026-06-17T11:45:43.185+05:30  INFO 29136 --- [appverse-ai] [http-nio-8080-exec-10] c.w.service.impl.DownloadServiceImpl     : Fetching all downloads
2026-06-17T11:45:43.185+05:30  INFO 29136 --- [appverse-ai] [http-nio-8080-exec-6] com.wipro.service.impl.AppServiceImpl    : Fetching all apps
2026-06-17T11:45:45.914+05:30  INFO 29136 --- [appverse-ai] [http-nio-8080-exec-2] com.wipro.service.impl.AppServiceImpl    : Fetching all apps
2026-06-17T11:45:45.914+05:30  INFO 29136 --- [appverse-ai] [http-nio-8080-exec-9] c.wipro.service.impl.ReviewServiceImpl   : Fetching all reviews
2026-06-17T11:45:45.914+05:30  INFO 29136 --- [appverse-ai] [http-nio-8080-exec-5] c.w.service.impl.DownloadServiceImpl     : Fetching downloads for user id: 1
2026-06-17T11:45:45.914+05:30  INFO 29136 --- [appverse-ai] [http-nio-8080-exec-1] c.w.s.impl.RecommendationServiceImpl     : Fetching recommendations for user id: 1
2026-06-17T11:45:45.926+05:30  INFO 29136 --- [appverse-ai] [http-nio-8080-exec-7] c.wipro.service.impl.ReviewServiceImpl   : Fetching all reviews
2026-06-17T11:45:45.926+05:30  INFO 29136 --- [appverse-ai] [http-nio-8080-exec-8] c.w.service.impl.DownloadServiceImpl     : Fetching downloads for user id: 1
2026-06-17T11:45:45.926+05:30  INFO 29136 --- [appverse-ai] [http-nio-8080-exec-3] c.w.s.impl.RecommendationServiceImpl     : Fetching recommendations for user id: 1
2026-06-17T11:45:45.937+05:30  INFO 29136 --- [appverse-ai] [http-nio-8080-exec-4] com.wipro.service.impl.AppServiceImpl    : Fetching all apps
2026-06-17T11:45:59.198+05:30  INFO 29136 --- [appverse-ai] [http-nio-8080-exec-10] com.wipro.service.impl.AppServiceImpl    : Fetching all apps
2026-06-17T11:45:59.198+05:30  INFO 29136 --- [appverse-ai] [http-nio-8080-exec-6] c.w.service.impl.CategoryServiceImpl     : Fetching all categories
2026-06-17T11:45:59.212+05:30  INFO 29136 --- [appverse-ai] [http-nio-8080-exec-1] c.w.service.impl.CategoryServiceImpl     : Fetching all categories
2026-06-17T11:45:59.220+05:30  INFO 29136 --- [appverse-ai] [http-nio-8080-exec-5] com.wipro.service.impl.AppServiceImpl    : Fetching all apps
2026-06-17T11:46:02.021+05:30  INFO 29136 --- [appverse-ai] [http-nio-8080-exec-2] com.wipro.service.impl.AppServiceImpl    : Searching apps with keyword: d
2026-06-17T11:46:04.006+05:30  INFO 29136 --- [appverse-ai] [http-nio-8080-exec-8] com.wipro.service.impl.AppServiceImpl    : Searching apps with keyword: di
2026-06-17T11:46:05.324+05:30  INFO 29136 --- [appverse-ai] [http-nio-8080-exec-7] com.wipro.service.impl.AppServiceImpl    : Searching apps with keyword: d
2026-06-17T11:46:19.385+05:30  INFO 29136 --- [appverse-ai] [http-nio-8080-exec-4] com.wipro.service.impl.AppServiceImpl    : Fetching all apps
2026-06-17T11:50:58.390+05:30  INFO 29136 --- [appverse-ai] [http-nio-8080-exec-8] com.wipro.service.impl.UserServiceImpl   : Login attempt for email: mary@example.com
2026-06-17T11:50:58.475+05:30  INFO 29136 --- [appverse-ai] [http-nio-8080-exec-8] com.wipro.service.impl.UserServiceImpl   : Login successful for email: mary@example.com
2026-06-17T11:50:58.488+05:30  INFO 29136 --- [appverse-ai] [http-nio-8080-exec-4] com.wipro.service.impl.UserServiceImpl   : Fetching all users
2026-06-17T11:50:58.531+05:30  INFO 29136 --- [appverse-ai] [http-nio-8080-exec-1] c.w.service.impl.CategoryServiceImpl     : Fetching all categories
2026-06-17T11:50:58.531+05:30  INFO 29136 --- [appverse-ai] [http-nio-8080-exec-10] com.wipro.service.impl.AppServiceImpl    : Fetching all apps
2026-06-17T11:50:58.546+05:30  INFO 29136 --- [appverse-ai] [http-nio-8080-exec-6] c.w.service.impl.CategoryServiceImpl     : Fetching all categories
2026-06-17T11:50:58.551+05:30  INFO 29136 --- [appverse-ai] [http-nio-8080-exec-9] com.wipro.service.impl.AppServiceImpl    : Fetching all apps
2026-06-17T11:51:06.620+05:30  INFO 29136 --- [appverse-ai] [http-nio-8080-exec-2] com.wipro.service.impl.AppServiceImpl    : Fetching all apps
2026-06-17T11:51:06.620+05:30  INFO 29136 --- [appverse-ai] [http-nio-8080-exec-5] c.w.service.impl.CategoryServiceImpl     : Fetching all categories
2026-06-17T11:51:06.632+05:30  INFO 29136 --- [appverse-ai] [http-nio-8080-exec-3] c.w.service.impl.CategoryServiceImpl     : Fetching all categories
2026-06-17T11:51:06.636+05:30  INFO 29136 --- [appverse-ai] [http-nio-8080-exec-8] com.wipro.service.impl.AppServiceImpl    : Fetching all apps
2026-06-17T11:51:08.353+05:30  INFO 29136 --- [appverse-ai] [http-nio-8080-exec-6] com.wipro.service.impl.AppServiceImpl    : Fetching all apps
2026-06-17T11:51:08.353+05:30  INFO 29136 --- [appverse-ai] [http-nio-8080-exec-9] c.wipro.service.impl.ReviewServiceImpl   : Fetching all reviews
2026-06-17T11:51:08.357+05:30  INFO 29136 --- [appverse-ai] [http-nio-8080-exec-5] c.w.s.impl.RecommendationServiceImpl     : Fetching recommendations for user id: 3
2026-06-17T11:51:08.357+05:30  INFO 29136 --- [appverse-ai] [http-nio-8080-exec-2] c.w.service.impl.DownloadServiceImpl     : Fetching downloads for user id: 3
2026-06-17T11:51:08.367+05:30  INFO 29136 --- [appverse-ai] [http-nio-8080-exec-3] c.wipro.service.impl.ReviewServiceImpl   : Fetching all reviews
2026-06-17T11:51:08.369+05:30  INFO 29136 --- [appverse-ai] [http-nio-8080-exec-8] c.w.s.impl.RecommendationServiceImpl     : Fetching recommendations for user id: 3
2026-06-17T11:51:08.373+05:30  INFO 29136 --- [appverse-ai] [http-nio-8080-exec-4] com.wipro.service.impl.AppServiceImpl    : Fetching all apps
2026-06-17T11:51:08.373+05:30  INFO 29136 --- [appverse-ai] [http-nio-8080-exec-6] c.w.service.impl.DownloadServiceImpl     : Fetching downloads for user id: 3
2026-06-17T11:51:13.894+05:30  INFO 29136 --- [appverse-ai] [http-nio-8080-exec-1] c.w.service.impl.DownloadServiceImpl     : Fetching downloads for user id: 3
2026-06-17T11:51:13.910+05:30  INFO 29136 --- [appverse-ai] [http-nio-8080-exec-10] c.w.service.impl.DownloadServiceImpl     : Fetching downloads for user id: 3
2026-06-17T11:51:13.918+05:30  INFO 29136 --- [appverse-ai] [http-nio-8080-exec-3] com.wipro.service.impl.AppServiceImpl    : Fetching app by id: 15
2026-06-17T11:51:13.918+05:30  INFO 29136 --- [appverse-ai] [http-nio-8080-exec-7] com.wipro.service.impl.AppServiceImpl    : Fetching app by id: 13
2026-06-17T11:51:13.918+05:30  INFO 29136 --- [appverse-ai] [http-nio-8080-exec-8] com.wipro.service.impl.AppServiceImpl    : Fetching app by id: 11
2026-06-17T11:51:13.931+05:30  INFO 29136 --- [appverse-ai] [http-nio-8080-exec-1] com.wipro.service.impl.AppServiceImpl    : Fetching app by id: 11
2026-06-17T11:51:13.931+05:30  INFO 29136 --- [appverse-ai] [http-nio-8080-exec-4] com.wipro.service.impl.AppServiceImpl    : Fetching app by id: 13
2026-06-17T11:51:13.931+05:30  INFO 29136 --- [appverse-ai] [http-nio-8080-exec-6] com.wipro.service.impl.AppServiceImpl    : Fetching app by id: 15
2026-06-17T11:51:15.894+05:30  INFO 29136 --- [appverse-ai] [http-nio-8080-exec-9] com.wipro.service.impl.AppServiceImpl    : Fetching all apps
2026-06-17T11:51:15.894+05:30  INFO 29136 --- [appverse-ai] [http-nio-8080-exec-5] c.w.s.impl.RecommendationServiceImpl     : Fetching recommendations for user id: 3
2026-06-17T11:51:15.906+05:30  INFO 29136 --- [appverse-ai] [http-nio-8080-exec-2] c.w.s.impl.RecommendationServiceImpl     : Fetching recommendations for user id: 3
2026-06-17T11:51:15.911+05:30  INFO 29136 --- [appverse-ai] [http-nio-8080-exec-10] com.wipro.service.impl.AppServiceImpl    : Fetching all apps
2026-06-17T11:51:57.361+05:30  INFO 29136 --- [appverse-ai] [http-nio-8080-exec-8] com.wipro.service.impl.UserServiceImpl   : Login attempt for email: admin@example.com
2026-06-17T11:51:57.434+05:30  INFO 29136 --- [appverse-ai] [http-nio-8080-exec-8] com.wipro.service.impl.UserServiceImpl   : Login successful for email: admin@example.com
2026-06-17T11:51:57.443+05:30  INFO 29136 --- [appverse-ai] [http-nio-8080-exec-7] com.wipro.service.impl.UserServiceImpl   : Fetching all users
2026-06-17T11:51:57.485+05:30  INFO 29136 --- [appverse-ai] [http-nio-8080-exec-3] com.wipro.service.impl.AppServiceImpl    : Fetching all apps
2026-06-17T11:51:57.485+05:30  INFO 29136 --- [appverse-ai] [http-nio-8080-exec-4] c.w.service.impl.CategoryServiceImpl     : Fetching all categories
2026-06-17T11:51:57.497+05:30  INFO 29136 --- [appverse-ai] [http-nio-8080-exec-1] c.w.service.impl.CategoryServiceImpl     : Fetching all categories
2026-06-17T11:51:57.501+05:30  INFO 29136 --- [appverse-ai] [http-nio-8080-exec-6] com.wipro.service.impl.AppServiceImpl    : Fetching all apps
2026-06-17T11:52:01.189+05:30  INFO 29136 --- [appverse-ai] [http-nio-8080-exec-5] com.wipro.service.impl.AppServiceImpl    : Fetching all apps
2026-06-17T11:52:01.189+05:30  INFO 29136 --- [appverse-ai] [http-nio-8080-exec-9] c.w.service.impl.CategoryServiceImpl     : Fetching all categories
2026-06-17T11:52:01.202+05:30  INFO 29136 --- [appverse-ai] [http-nio-8080-exec-2] c.w.service.impl.CategoryServiceImpl     : Fetching all categories
2026-06-17T11:52:01.208+05:30  INFO 29136 --- [appverse-ai] [http-nio-8080-exec-10] com.wipro.service.impl.AppServiceImpl    : Fetching all apps
2026-06-17T11:52:02.613+05:30  INFO 29136 --- [appverse-ai] [http-nio-8080-exec-6] c.wipro.service.impl.ReviewServiceImpl   : Fetching all reviews
2026-06-17T11:52:02.613+05:30  INFO 29136 --- [appverse-ai] [http-nio-8080-exec-1] com.wipro.service.impl.AppServiceImpl    : Fetching all apps
2026-06-17T11:52:02.616+05:30  INFO 29136 --- [appverse-ai] [http-nio-8080-exec-9] c.w.service.impl.DownloadServiceImpl     : Fetching downloads for user id: 2
2026-06-17T11:52:02.616+05:30  INFO 29136 --- [appverse-ai] [http-nio-8080-exec-5] c.w.s.impl.RecommendationServiceImpl     : Fetching recommendations for user id: 2
2026-06-17T11:52:02.624+05:30  INFO 29136 --- [appverse-ai] [http-nio-8080-exec-2] c.wipro.service.impl.ReviewServiceImpl   : Fetching all reviews
2026-06-17T11:52:02.625+05:30  INFO 29136 --- [appverse-ai] [http-nio-8080-exec-8] c.w.s.impl.RecommendationServiceImpl     : Fetching recommendations for user id: 2
2026-06-17T11:52:02.625+05:30  INFO 29136 --- [appverse-ai] [http-nio-8080-exec-10] c.w.service.impl.DownloadServiceImpl     : Fetching downloads for user id: 2
2026-06-17T11:52:02.635+05:30  INFO 29136 --- [appverse-ai] [http-nio-8080-exec-7] com.wipro.service.impl.AppServiceImpl    : Fetching all apps
2026-06-17T11:52:07.010+05:30  INFO 29136 --- [appverse-ai] [http-nio-8080-exec-3] com.wipro.service.impl.AppServiceImpl    : Fetching all apps
2026-06-17T11:52:07.010+05:30  INFO 29136 --- [appverse-ai] [http-nio-8080-exec-4] c.w.service.impl.DownloadServiceImpl     : Fetching all downloads
2026-06-17T11:52:07.024+05:30  INFO 29136 --- [appverse-ai] [http-nio-8080-exec-6] c.w.service.impl.DownloadServiceImpl     : Fetching all downloads
2026-06-17T11:52:07.024+05:30  INFO 29136 --- [appverse-ai] [http-nio-8080-exec-5] com.wipro.service.impl.AppServiceImpl    : Fetching all apps
2026-06-17T11:52:11.529+05:30  INFO 29136 --- [appverse-ai] [http-nio-8080-exec-9] c.w.service.impl.DownloadServiceImpl     : Fetching downloads for user id: 2
2026-06-17T11:52:11.540+05:30  INFO 29136 --- [appverse-ai] [http-nio-8080-exec-1] c.w.service.impl.DownloadServiceImpl     : Fetching downloads for user id: 2
2026-06-17T11:52:14.549+05:30  INFO 29136 --- [appverse-ai] [http-nio-8080-exec-10] com.wipro.service.impl.AppServiceImpl    : Fetching all apps
2026-06-17T11:52:14.549+05:30  INFO 29136 --- [appverse-ai] [http-nio-8080-exec-8] c.w.service.impl.CategoryServiceImpl     : Fetching all categories
2026-06-17T11:52:14.562+05:30  INFO 29136 --- [appverse-ai] [http-nio-8080-exec-2] c.w.service.impl.CategoryServiceImpl     : Fetching all categories
2026-06-17T11:52:14.569+05:30  INFO 29136 --- [appverse-ai] [http-nio-8080-exec-7] com.wipro.service.impl.AppServiceImpl    : Fetching all apps
2026-06-17T11:52:14.575+05:30  INFO 29136 --- [appverse-ai] [http-nio-8080-exec-3] c.w.s.impl.DeveloperProfileServiceImpl   : Fetching developer profile for user id: 2
2026-06-17T11:52:14.603+05:30  INFO 29136 --- [appverse-ai] [http-nio-8080-exec-6] c.w.s.impl.DeveloperProfileServiceImpl   : Fetching developer profile for user id: 2
2026-06-17T11:52:30.517+05:30  INFO 29136 --- [appverse-ai] [http-nio-8080-exec-5] com.wipro.service.impl.UserServiceImpl   : Fetching all users
2026-06-17T11:52:30.517+05:30  INFO 29136 --- [appverse-ai] [http-nio-8080-exec-1] c.w.service.impl.CategoryServiceImpl     : Fetching all categories
2026-06-17T11:52:30.517+05:30  INFO 29136 --- [appverse-ai] [http-nio-8080-exec-9] com.wipro.service.impl.AppServiceImpl    : Fetching all apps
2026-06-17T11:52:30.517+05:30  INFO 29136 --- [appverse-ai] [http-nio-8080-exec-4] c.wipro.service.impl.ReviewServiceImpl   : Fetching all reviews
2026-06-17T11:52:30.531+05:30  INFO 29136 --- [appverse-ai] [http-nio-8080-exec-3] c.wipro.service.impl.ReviewServiceImpl   : Fetching all reviews
2026-06-17T11:52:30.531+05:30  INFO 29136 --- [appverse-ai] [http-nio-8080-exec-2] c.w.service.impl.DownloadServiceImpl     : Fetching all downloads
2026-06-17T11:52:30.531+05:30  INFO 29136 --- [appverse-ai] [http-nio-8080-exec-7] c.w.service.impl.CategoryServiceImpl     : Fetching all categories
2026-06-17T11:52:30.531+05:30  INFO 29136 --- [appverse-ai] [http-nio-8080-exec-6] com.wipro.service.impl.UserServiceImpl   : Fetching all users
2026-06-17T11:52:30.534+05:30  INFO 29136 --- [appverse-ai] [http-nio-8080-exec-8] com.wipro.service.impl.AppServiceImpl    : Fetching all apps
2026-06-17T11:52:30.549+05:30  INFO 29136 --- [appverse-ai] [http-nio-8080-exec-10] c.w.service.impl.DownloadServiceImpl     : Fetching all downloads
2026-06-17T11:53:08.264+05:30  INFO 29136 --- [appverse-ai] [http-nio-8080-exec-4] com.wipro.service.impl.UserServiceImpl   : Login attempt for email: john@example.com
2026-06-17T11:53:08.338+05:30  INFO 29136 --- [appverse-ai] [http-nio-8080-exec-4] com.wipro.service.impl.UserServiceImpl   : Login successful for email: john@example.com
2026-06-17T11:53:08.348+05:30  INFO 29136 --- [appverse-ai] [http-nio-8080-exec-1] com.wipro.service.impl.UserServiceImpl   : Fetching all users
2026-06-17T11:53:08.385+05:30  INFO 29136 --- [appverse-ai] [http-nio-8080-exec-5] com.wipro.service.impl.AppServiceImpl    : Fetching all apps
2026-06-17T11:53:08.385+05:30  INFO 29136 --- [appverse-ai] [http-nio-8080-exec-9] c.w.service.impl.CategoryServiceImpl     : Fetching all categories
2026-06-17T11:53:08.397+05:30  INFO 29136 --- [appverse-ai] [http-nio-8080-exec-3] c.w.service.impl.CategoryServiceImpl     : Fetching all categories
2026-06-17T11:53:08.402+05:30  INFO 29136 --- [appverse-ai] [http-nio-8080-exec-7] com.wipro.service.impl.AppServiceImpl    : Fetching all apps
2026-06-17T11:53:11.811+05:30  INFO 29136 --- [appverse-ai] [http-nio-8080-exec-8] c.w.service.impl.CategoryServiceImpl     : Fetching all categories
2026-06-17T11:53:11.811+05:30  INFO 29136 --- [appverse-ai] [http-nio-8080-exec-2] com.wipro.service.impl.AppServiceImpl    : Fetching all apps
2026-06-17T11:53:11.823+05:30  INFO 29136 --- [appverse-ai] [http-nio-8080-exec-6] c.w.service.impl.CategoryServiceImpl     : Fetching all categories
2026-06-17T11:53:11.831+05:30  INFO 29136 --- [appverse-ai] [http-nio-8080-exec-10] com.wipro.service.impl.AppServiceImpl    : Fetching all apps
2026-06-17T11:53:11.833+05:30  INFO 29136 --- [appverse-ai] [http-nio-8080-exec-4] c.w.s.impl.DeveloperProfileServiceImpl   : Fetching developer profile for user id: 1
2026-06-17T11:53:11.854+05:30  INFO 29136 --- [appverse-ai] [http-nio-8080-exec-1] c.w.s.impl.DeveloperProfileServiceImpl   : Fetching developer profile for user id: 1
2026-06-17T11:53:14.069+05:30  INFO 29136 --- [appverse-ai] [http-nio-8080-exec-9] c.w.service.impl.DownloadServiceImpl     : Fetching downloads for user id: 1
2026-06-17T11:53:14.079+05:30  INFO 29136 --- [appverse-ai] [http-nio-8080-exec-5] c.w.service.impl.DownloadServiceImpl     : Fetching downloads for user id: 1
2026-06-17T11:53:15.248+05:30  INFO 29136 --- [appverse-ai] [http-nio-8080-exec-3] c.w.service.impl.DownloadServiceImpl     : Fetching all downloads
2026-06-17T11:53:15.248+05:30  INFO 29136 --- [appverse-ai] [http-nio-8080-exec-7] com.wipro.service.impl.AppServiceImpl    : Fetching all apps
2026-06-17T11:53:15.262+05:30  INFO 29136 --- [appverse-ai] [http-nio-8080-exec-2] com.wipro.service.impl.AppServiceImpl    : Fetching all apps
2026-06-17T11:53:15.262+05:30  INFO 29136 --- [appverse-ai] [http-nio-8080-exec-8] c.w.service.impl.DownloadServiceImpl     : Fetching all downloads
2026-06-17T11:53:16.580+05:30  INFO 29136 --- [appverse-ai] [http-nio-8080-exec-10] com.wipro.service.impl.AppServiceImpl    : Fetching all apps
2026-06-17T11:53:16.580+05:30  INFO 29136 --- [appverse-ai] [http-nio-8080-exec-1] c.wipro.service.impl.ReviewServiceImpl   : Fetching all reviews
2026-06-17T11:53:16.580+05:30  INFO 29136 --- [appverse-ai] [http-nio-8080-exec-6] c.w.service.impl.DownloadServiceImpl     : Fetching downloads for user id: 1
2026-06-17T11:53:16.580+05:30  INFO 29136 --- [appverse-ai] [http-nio-8080-exec-4] c.w.s.impl.RecommendationServiceImpl     : Fetching recommendations for user id: 1
2026-06-17T11:53:16.617+05:30  INFO 29136 --- [appverse-ai] [http-nio-8080-exec-3] c.wipro.service.impl.ReviewServiceImpl   : Fetching all reviews
2026-06-17T11:53:16.618+05:30  INFO 29136 --- [appverse-ai] [http-nio-8080-exec-9] c.w.service.impl.DownloadServiceImpl     : Fetching downloads for user id: 1
2026-06-17T11:53:16.618+05:30  INFO 29136 --- [appverse-ai] [http-nio-8080-exec-5] c.w.s.impl.RecommendationServiceImpl     : Fetching recommendations for user id: 1
2026-06-17T11:53:16.625+05:30  INFO 29136 --- [appverse-ai] [http-nio-8080-exec-7] com.wipro.service.impl.AppServiceImpl    : Fetching all apps
2026-06-17T11:53:20.070+05:30  INFO 29136 --- [appverse-ai] [http-nio-8080-exec-2] c.w.service.impl.CategoryServiceImpl     : Fetching all categories
2026-06-17T11:53:20.070+05:30  INFO 29136 --- [appverse-ai] [http-nio-8080-exec-8] com.wipro.service.impl.AppServiceImpl    : Fetching all apps
2026-06-17T11:53:20.083+05:30  INFO 29136 --- [appverse-ai] [http-nio-8080-exec-6] c.w.service.impl.CategoryServiceImpl     : Fetching all categories
2026-06-17T11:53:20.088+05:30  INFO 29136 --- [appverse-ai] [http-nio-8080-exec-4] com.wipro.service.impl.AppServiceImpl    : Fetching all apps
2026-06-17T11:53:20.092+05:30  INFO 29136 --- [appverse-ai] [http-nio-8080-exec-1] c.w.s.impl.DeveloperProfileServiceImpl   : Fetching developer profile for user id: 1
2026-06-17T11:53:20.110+05:30  INFO 29136 --- [appverse-ai] [http-nio-8080-exec-10] c.w.s.impl.DeveloperProfileServiceImpl   : Fetching developer profile for user id: 1
2026-06-17T11:55:23.215+05:30  INFO 29136 --- [appverse-ai] [http-nio-8080-exec-1] c.w.service.impl.CategoryServiceImpl     : Fetching all categories
2026-06-17T11:55:23.215+05:30  INFO 29136 --- [appverse-ai] [http-nio-8080-exec-6] com.wipro.service.impl.AppServiceImpl    : Fetching all apps
2026-06-17T11:55:23.228+05:30  INFO 29136 --- [appverse-ai] [http-nio-8080-exec-4] c.w.service.impl.CategoryServiceImpl     : Fetching all categories
2026-06-17T11:55:23.234+05:30  INFO 29136 --- [appverse-ai] [http-nio-8080-exec-10] com.wipro.service.impl.AppServiceImpl    : Fetching all apps
2026-06-17T11:55:25.130+05:30  INFO 29136 --- [appverse-ai] [http-nio-8080-exec-5] com.wipro.service.impl.AppServiceImpl    : Fetching app by id: 11
2026-06-17T11:55:25.138+05:30  INFO 29136 --- [appverse-ai] [http-nio-8080-exec-6] c.wipro.service.impl.ReviewServiceImpl   : Fetching reviews for app id: 11
2026-06-17T11:55:25.138+05:30  INFO 29136 --- [appverse-ai] [http-nio-8080-exec-10] c.w.service.impl.DownloadServiceImpl     : Getting total downloads for app id: 11
2026-06-17T11:55:25.138+05:30  INFO 29136 --- [appverse-ai] [http-nio-8080-exec-4] c.w.service.impl.AppVersionServiceImpl   : Fetching versions for app id: 11
2026-06-17T11:55:25.146+05:30  INFO 29136 --- [appverse-ai] [http-nio-8080-exec-9] com.wipro.service.impl.AppServiceImpl    : Fetching app by id: 11
2026-06-17T11:55:25.150+05:30  INFO 29136 --- [appverse-ai] [http-nio-8080-exec-2] c.wipro.service.impl.ReviewServiceImpl   : Fetching reviews for app id: 11
2026-06-17T11:55:25.150+05:30  INFO 29136 --- [appverse-ai] [http-nio-8080-exec-3] c.w.service.impl.DownloadServiceImpl     : Getting total downloads for app id: 11
2026-06-17T11:55:25.150+05:30  INFO 29136 --- [appverse-ai] [http-nio-8080-exec-7] c.w.service.impl.AppVersionServiceImpl   : Fetching versions for app id: 11
2026-06-17T11:55:56.343+05:30  INFO 29136 --- [appverse-ai] [http-nio-8080-exec-8] com.wipro.service.impl.UserServiceImpl   : Login attempt for email: jos@example.com
2026-06-17T11:56:37.573+05:30  INFO 29136 --- [appverse-ai] [http-nio-8080-exec-9] com.wipro.service.impl.UserServiceImpl   : Login attempt for email: sam@example.com
2026-06-17T11:56:37.643+05:30  INFO 29136 --- [appverse-ai] [http-nio-8080-exec-9] com.wipro.service.impl.UserServiceImpl   : Login successful for email: sam@example.com
2026-06-17T11:56:37.652+05:30  INFO 29136 --- [appverse-ai] [http-nio-8080-exec-3] com.wipro.service.impl.UserServiceImpl   : Fetching all users
2026-06-17T11:56:37.692+05:30  INFO 29136 --- [appverse-ai] [http-nio-8080-exec-2] com.wipro.service.impl.AppServiceImpl    : Fetching all apps
2026-06-17T11:56:37.692+05:30  INFO 29136 --- [appverse-ai] [http-nio-8080-exec-7] c.w.service.impl.CategoryServiceImpl     : Fetching all categories
2026-06-17T11:56:37.703+05:30  INFO 29136 --- [appverse-ai] [http-nio-8080-exec-8] c.w.service.impl.CategoryServiceImpl     : Fetching all categories
2026-06-17T11:56:37.706+05:30  INFO 29136 --- [appverse-ai] [http-nio-8080-exec-1] com.wipro.service.impl.AppServiceImpl    : Fetching all apps
2026-06-17T11:56:41.725+05:30  INFO 29136 --- [appverse-ai] [http-nio-8080-exec-4] com.wipro.service.impl.AppServiceImpl    : Fetching all apps
2026-06-17T11:56:41.728+05:30  INFO 29136 --- [appverse-ai] [http-nio-8080-exec-6] c.w.s.impl.RecommendationServiceImpl     : Fetching recommendations for user id: 5
2026-06-17T11:56:41.738+05:30  INFO 29136 --- [appverse-ai] [http-nio-8080-exec-9] c.w.s.impl.RecommendationServiceImpl     : Fetching recommendations for user id: 5
2026-06-17T11:56:41.741+05:30  INFO 29136 --- [appverse-ai] [http-nio-8080-exec-3] com.wipro.service.impl.AppServiceImpl    : Fetching all apps
2026-06-17T11:56:43.238+05:30  INFO 29136 --- [appverse-ai] [http-nio-8080-exec-8] c.w.service.impl.DownloadServiceImpl     : Fetching downloads for user id: 5
2026-06-17T11:56:43.247+05:30  INFO 29136 --- [appverse-ai] [http-nio-8080-exec-1] c.w.service.impl.DownloadServiceImpl     : Fetching downloads for user id: 5
2026-06-17T11:56:45.469+05:30  INFO 29136 --- [appverse-ai] [http-nio-8080-exec-10] com.wipro.service.impl.AppServiceImpl    : Fetching all apps
2026-06-17T11:56:45.469+05:30  INFO 29136 --- [appverse-ai] [http-nio-8080-exec-5] c.w.service.impl.CategoryServiceImpl     : Fetching all categories
2026-06-17T11:56:45.481+05:30  INFO 29136 --- [appverse-ai] [http-nio-8080-exec-6] c.w.service.impl.CategoryServiceImpl     : Fetching all categories
2026-06-17T11:56:45.486+05:30  INFO 29136 --- [appverse-ai] [http-nio-8080-exec-4] com.wipro.service.impl.AppServiceImpl    : Fetching all apps
2026-06-17T11:56:48.921+05:30  INFO 29136 --- [appverse-ai] [http-nio-8080-exec-3] c.w.service.impl.AppVersionServiceImpl   : Fetching versions for app id: 16
2026-06-17T11:56:48.921+05:30  INFO 29136 --- [appverse-ai] [http-nio-8080-exec-4] c.wipro.service.impl.ReviewServiceImpl   : Fetching reviews for app id: 16
2026-06-17T11:56:48.921+05:30  INFO 29136 --- [appverse-ai] [http-nio-8080-exec-6] com.wipro.service.impl.AppServiceImpl    : Fetching app by id: 16
2026-06-17T11:56:48.921+05:30  INFO 29136 --- [appverse-ai] [http-nio-8080-exec-9] c.w.service.impl.DownloadServiceImpl     : Getting total downloads for app id: 16
2026-06-17T11:56:48.933+05:30  INFO 29136 --- [appverse-ai] [http-nio-8080-exec-7] c.w.service.impl.DownloadServiceImpl     : Getting total downloads for app id: 16
2026-06-17T11:56:48.933+05:30  INFO 29136 --- [appverse-ai] [http-nio-8080-exec-1] com.wipro.service.impl.AppServiceImpl    : Fetching app by id: 16
2026-06-17T11:56:48.933+05:30  INFO 29136 --- [appverse-ai] [http-nio-8080-exec-2] c.w.service.impl.AppVersionServiceImpl   : Fetching versions for app id: 16
2026-06-17T11:56:48.933+05:30  INFO 29136 --- [appverse-ai] [http-nio-8080-exec-8] c.wipro.service.impl.ReviewServiceImpl   : Fetching reviews for app id: 16
2026-06-17T11:56:50.323+05:30  INFO 29136 --- [appverse-ai] [http-nio-8080-exec-10] c.w.service.impl.DownloadServiceImpl     : User 5 downloading app 16
2026-06-17T11:59:05.825+05:30  INFO 29136 --- [appverse-ai] [http-nio-8080-exec-1] c.wipro.service.impl.ReviewServiceImpl   : Creating review for app id: 16
2026-06-17T11:59:05.853+05:30  INFO 29136 --- [appverse-ai] [http-nio-8080-exec-5] c.wipro.service.impl.ReviewServiceImpl   : Fetching reviews for app id: 16
2026-06-17T11:59:15.410+05:30  INFO 29136 --- [appverse-ai] [http-nio-8080-exec-4] com.wipro.service.impl.AppServiceImpl    : Fetching all apps
2026-06-17T11:59:15.410+05:30  INFO 29136 --- [appverse-ai] [http-nio-8080-exec-10] c.w.s.impl.RecommendationServiceImpl     : Fetching recommendations for user id: 5
2026-06-17T11:59:15.423+05:30  INFO 29136 --- [appverse-ai] [http-nio-8080-exec-6] c.w.s.impl.RecommendationServiceImpl     : Fetching recommendations for user id: 5
2026-06-17T11:59:15.432+05:30  INFO 29136 --- [appverse-ai] [http-nio-8080-exec-7] com.wipro.service.impl.AppServiceImpl    : Fetching all apps
2026-06-17T11:59:37.750+05:30  INFO 29136 --- [appverse-ai] [http-nio-8080-exec-9] c.w.s.impl.RecommendationServiceImpl     : Creating recommendation for user id: 5
2026-06-17T11:59:37.779+05:30  INFO 29136 --- [appverse-ai] [http-nio-8080-exec-2] com.wipro.service.impl.AppServiceImpl    : Fetching all apps
2026-06-17T11:59:37.781+05:30  INFO 29136 --- [appverse-ai] [http-nio-8080-exec-8] c.w.s.impl.RecommendationServiceImpl     : Fetching recommendations for user id: 5
2026-06-17T11:59:37.799+05:30  INFO 29136 --- [appverse-ai] [http-nio-8080-exec-1] com.wipro.service.impl.AppServiceImpl    : Fetching app by id: 15
2026-06-17T11:59:43.335+05:30  INFO 29136 --- [appverse-ai] [http-nio-8080-exec-5] com.wipro.service.impl.AppServiceImpl    : Fetching all apps
2026-06-17T11:59:43.335+05:30  INFO 29136 --- [appverse-ai] [http-nio-8080-exec-10] c.w.service.impl.CategoryServiceImpl     : Fetching all categories
2026-06-17T11:59:43.347+05:30  INFO 29136 --- [appverse-ai] [http-nio-8080-exec-4] c.w.service.impl.CategoryServiceImpl     : Fetching all categories
2026-06-17T11:59:43.353+05:30  INFO 29136 --- [appverse-ai] [http-nio-8080-exec-6] com.wipro.service.impl.AppServiceImpl    : Fetching all apps
2026-06-17T11:59:50.822+05:30  INFO 29136 --- [appverse-ai] [http-nio-8080-exec-4] com.wipro.service.impl.AppServiceImpl    : Fetching app by id: 26
2026-06-17T11:59:50.822+05:30  INFO 29136 --- [appverse-ai] [http-nio-8080-exec-3] c.w.service.impl.AppVersionServiceImpl   : Fetching versions for app id: 26
2026-06-17T11:59:50.822+05:30  INFO 29136 --- [appverse-ai] [http-nio-8080-exec-6] c.wipro.service.impl.ReviewServiceImpl   : Fetching reviews for app id: 26
2026-06-17T11:59:50.823+05:30  INFO 29136 --- [appverse-ai] [http-nio-8080-exec-7] c.w.service.impl.DownloadServiceImpl     : Getting total downloads for app id: 26
2026-06-17T11:59:50.833+05:30  INFO 29136 --- [appverse-ai] [http-nio-8080-exec-1] c.w.service.impl.AppVersionServiceImpl   : Fetching versions for app id: 26
2026-06-17T11:59:50.833+05:30  INFO 29136 --- [appverse-ai] [http-nio-8080-exec-8] c.w.service.impl.DownloadServiceImpl     : Getting total downloads for app id: 26
2026-06-17T11:59:50.833+05:30  INFO 29136 --- [appverse-ai] [http-nio-8080-exec-9] c.wipro.service.impl.ReviewServiceImpl   : Fetching reviews for app id: 26
2026-06-17T11:59:50.833+05:30  INFO 29136 --- [appverse-ai] [http-nio-8080-exec-2] com.wipro.service.impl.AppServiceImpl    : Fetching app by id: 26
2026-06-17T11:59:53.365+05:30  INFO 29136 --- [appverse-ai] [http-nio-8080-exec-5] c.w.service.impl.DownloadServiceImpl     : User 5 downloading app 26
2026-06-17T12:00:52.099+05:30  INFO 29136 --- [appverse-ai] [http-nio-8080-exec-8] c.wipro.service.impl.ReviewServiceImpl   : Creating review for app id: 26
2026-06-17T12:00:52.133+05:30  INFO 29136 --- [appverse-ai] [http-nio-8080-exec-1] c.wipro.service.impl.ReviewServiceImpl   : Fetching reviews for app id: 26
2026-06-17T12:00:58.918+05:30  INFO 29136 --- [appverse-ai] [http-nio-8080-exec-6] c.w.service.impl.CategoryServiceImpl     : Fetching all categories
2026-06-17T12:00:58.918+05:30  INFO 29136 --- [appverse-ai] [http-nio-8080-exec-3] com.wipro.service.impl.AppServiceImpl    : Fetching all apps
2026-06-17T12:00:58.935+05:30  INFO 29136 --- [appverse-ai] [http-nio-8080-exec-7] c.w.service.impl.CategoryServiceImpl     : Fetching all categories
2026-06-17T12:00:58.942+05:30  INFO 29136 --- [appverse-ai] [http-nio-8080-exec-4] com.wipro.service.impl.AppServiceImpl    : Fetching all apps
2026-06-17T12:01:11.457+05:30  INFO 29136 --- [appverse-ai] [http-nio-8080-exec-8] c.wipro.service.impl.ReviewServiceImpl   : Fetching reviews for app id: 33
2026-06-17T12:01:11.457+05:30  INFO 29136 --- [appverse-ai] [http-nio-8080-exec-4] com.wipro.service.impl.AppServiceImpl    : Fetching app by id: 33
2026-06-17T12:01:11.457+05:30  INFO 29136 --- [appverse-ai] [http-nio-8080-exec-7] c.w.service.impl.AppVersionServiceImpl   : Fetching versions for app id: 33
2026-06-17T12:01:11.457+05:30  INFO 29136 --- [appverse-ai] [http-nio-8080-exec-1] c.w.service.impl.DownloadServiceImpl     : Getting total downloads for app id: 33
2026-06-17T12:01:11.472+05:30  INFO 29136 --- [appverse-ai] [http-nio-8080-exec-5] com.wipro.service.impl.AppServiceImpl    : Fetching app by id: 33
2026-06-17T12:01:11.472+05:30  INFO 29136 --- [appverse-ai] [http-nio-8080-exec-9] c.w.service.impl.DownloadServiceImpl     : Getting total downloads for app id: 33
2026-06-17T12:01:11.472+05:30  INFO 29136 --- [appverse-ai] [http-nio-8080-exec-2] c.w.service.impl.AppVersionServiceImpl   : Fetching versions for app id: 33
2026-06-17T12:01:11.472+05:30  INFO 29136 --- [appverse-ai] [http-nio-8080-exec-10] c.wipro.service.impl.ReviewServiceImpl   : Fetching reviews for app id: 33
2026-06-17T12:01:13.002+05:30  INFO 29136 --- [appverse-ai] [http-nio-8080-exec-3] c.w.service.impl.DownloadServiceImpl     : User 5 downloading app 33
2026-06-17T12:02:21.517+05:30  INFO 29136 --- [appverse-ai] [http-nio-8080-exec-9] c.wipro.service.impl.ReviewServiceImpl   : Creating review for app id: 33
2026-06-17T12:02:21.548+05:30  INFO 29136 --- [appverse-ai] [http-nio-8080-exec-5] c.wipro.service.impl.ReviewServiceImpl   : Fetching reviews for app id: 33
2026-06-17T12:02:25.511+05:30  INFO 29136 --- [appverse-ai] [http-nio-8080-exec-6] com.wipro.service.impl.AppServiceImpl    : Fetching all apps
2026-06-17T12:02:25.511+05:30  INFO 29136 --- [appverse-ai] [http-nio-8080-exec-3] c.w.service.impl.CategoryServiceImpl     : Fetching all categories
2026-06-17T12:02:25.529+05:30  INFO 29136 --- [appverse-ai] [http-nio-8080-exec-7] c.w.service.impl.CategoryServiceImpl     : Fetching all categories
2026-06-17T12:02:25.539+05:30  INFO 29136 --- [appverse-ai] [http-nio-8080-exec-1] com.wipro.service.impl.AppServiceImpl    : Fetching all apps
2026-06-17T12:02:32.805+05:30  INFO 29136 --- [appverse-ai] [http-nio-8080-exec-7] c.wipro.service.impl.ReviewServiceImpl   : Fetching reviews for app id: 35
2026-06-17T12:02:32.805+05:30  INFO 29136 --- [appverse-ai] [http-nio-8080-exec-8] c.w.service.impl.DownloadServiceImpl     : Getting total downloads for app id: 35
2026-06-17T12:02:32.805+05:30  INFO 29136 --- [appverse-ai] [http-nio-8080-exec-2] c.w.service.impl.AppVersionServiceImpl   : Fetching versions for app id: 35
2026-06-17T12:02:32.805+05:30  INFO 29136 --- [appverse-ai] [http-nio-8080-exec-1] com.wipro.service.impl.AppServiceImpl    : Fetching app by id: 35
2026-06-17T12:02:32.816+05:30  INFO 29136 --- [appverse-ai] [http-nio-8080-exec-9] c.w.service.impl.DownloadServiceImpl     : Getting total downloads for app id: 35
2026-06-17T12:02:32.816+05:30  INFO 29136 --- [appverse-ai] [http-nio-8080-exec-4] c.wipro.service.impl.ReviewServiceImpl   : Fetching reviews for app id: 35
2026-06-17T12:02:32.816+05:30  INFO 29136 --- [appverse-ai] [http-nio-8080-exec-10] c.w.service.impl.AppVersionServiceImpl   : Fetching versions for app id: 35
2026-06-17T12:02:32.817+05:30  INFO 29136 --- [appverse-ai] [http-nio-8080-exec-5] com.wipro.service.impl.AppServiceImpl    : Fetching app by id: 35
2026-06-17T12:03:20.579+05:30  INFO 29136 --- [appverse-ai] [http-nio-8080-exec-3] c.w.service.impl.DownloadServiceImpl     : Fetching downloads for user id: 5
2026-06-17T12:03:20.601+05:30  INFO 29136 --- [appverse-ai] [http-nio-8080-exec-6] c.w.service.impl.DownloadServiceImpl     : Fetching downloads for user id: 5
2026-06-17T12:03:20.604+05:30  INFO 29136 --- [appverse-ai] [http-nio-8080-exec-7] com.wipro.service.impl.AppServiceImpl    : Fetching app by id: 16
2026-06-17T12:03:20.605+05:30  INFO 29136 --- [appverse-ai] [http-nio-8080-exec-8] com.wipro.service.impl.AppServiceImpl    : Fetching app by id: 33
2026-06-17T12:03:20.605+05:30  INFO 29136 --- [appverse-ai] [http-nio-8080-exec-2] com.wipro.service.impl.AppServiceImpl    : Fetching app by id: 26
2026-06-17T12:03:20.627+05:30  INFO 29136 --- [appverse-ai] [http-nio-8080-exec-1] com.wipro.service.impl.AppServiceImpl    : Fetching app by id: 16
2026-06-17T12:03:20.628+05:30  INFO 29136 --- [appverse-ai] [http-nio-8080-exec-10] com.wipro.service.impl.AppServiceImpl    : Fetching app by id: 26
2026-06-17T12:03:20.630+05:30  INFO 29136 --- [appverse-ai] [http-nio-8080-exec-9] com.wipro.service.impl.AppServiceImpl    : Fetching app by id: 33
2026-06-17T12:03:22.724+05:30  INFO 29136 --- [appverse-ai] [http-nio-8080-exec-5] c.w.service.impl.CategoryServiceImpl     : Fetching all categories
2026-06-17T12:03:22.724+05:30  INFO 29136 --- [appverse-ai] [http-nio-8080-exec-4] com.wipro.service.impl.AppServiceImpl    : Fetching all apps
2026-06-17T12:03:22.737+05:30  INFO 29136 --- [appverse-ai] [http-nio-8080-exec-3] c.w.service.impl.CategoryServiceImpl     : Fetching all categories
2026-06-17T12:03:22.745+05:30  INFO 29136 --- [appverse-ai] [http-nio-8080-exec-6] com.wipro.service.impl.AppServiceImpl    : Fetching all apps
2026-06-17T12:03:24.214+05:30  INFO 29136 --- [appverse-ai] [http-nio-8080-exec-2] com.wipro.service.impl.AppServiceImpl    : Fetching all apps
2026-06-17T12:03:24.214+05:30  INFO 29136 --- [appverse-ai] [http-nio-8080-exec-1] c.wipro.service.impl.ReviewServiceImpl   : Fetching all reviews
2026-06-17T12:03:24.214+05:30  INFO 29136 --- [appverse-ai] [http-nio-8080-exec-8] c.w.s.impl.RecommendationServiceImpl     : Fetching recommendations for user id: 5
2026-06-17T12:03:24.214+05:30  INFO 29136 --- [appverse-ai] [http-nio-8080-exec-7] c.w.service.impl.DownloadServiceImpl     : Fetching downloads for user id: 5
2026-06-17T12:03:24.231+05:30  INFO 29136 --- [appverse-ai] [http-nio-8080-exec-5] c.wipro.service.impl.ReviewServiceImpl   : Fetching all reviews
2026-06-17T12:03:24.231+05:30  INFO 29136 --- [appverse-ai] [http-nio-8080-exec-10] c.w.s.impl.RecommendationServiceImpl     : Fetching recommendations for user id: 5
2026-06-17T12:03:24.231+05:30  INFO 29136 --- [appverse-ai] [http-nio-8080-exec-9] c.w.service.impl.DownloadServiceImpl     : Fetching downloads for user id: 5
2026-06-17T12:03:24.238+05:30  INFO 29136 --- [appverse-ai] [http-nio-8080-exec-4] com.wipro.service.impl.AppServiceImpl    : Fetching all apps
2026-06-17T12:03:25.644+05:30  INFO 29136 --- [appverse-ai] [http-nio-8080-exec-6] c.w.service.impl.CategoryServiceImpl     : Fetching all categories
2026-06-17T12:03:25.644+05:30  INFO 29136 --- [appverse-ai] [http-nio-8080-exec-3] com.wipro.service.impl.AppServiceImpl    : Fetching all apps
2026-06-17T12:03:25.657+05:30  INFO 29136 --- [appverse-ai] [http-nio-8080-exec-8] c.w.service.impl.CategoryServiceImpl     : Fetching all categories
2026-06-17T12:03:25.662+05:30  INFO 29136 --- [appverse-ai] [http-nio-8080-exec-7] com.wipro.service.impl.AppServiceImpl    : Fetching all apps
2026-06-17T12:03:32.243+05:30  INFO 29136 --- [appverse-ai] [http-nio-8080-exec-9] c.w.service.impl.DownloadServiceImpl     : Getting total downloads for app id: 11
2026-06-17T12:03:32.243+05:30  INFO 29136 --- [appverse-ai] [http-nio-8080-exec-2] c.wipro.service.impl.ReviewServiceImpl   : Fetching reviews for app id: 11
2026-06-17T12:03:32.243+05:30  INFO 29136 --- [appverse-ai] [http-nio-8080-exec-10] c.w.service.impl.AppVersionServiceImpl   : Fetching versions for app id: 11
2026-06-17T12:03:32.243+05:30  INFO 29136 --- [appverse-ai] [http-nio-8080-exec-1] com.wipro.service.impl.AppServiceImpl    : Fetching app by id: 11
2026-06-17T12:03:32.256+05:30  INFO 29136 --- [appverse-ai] [http-nio-8080-exec-4] c.w.service.impl.DownloadServiceImpl     : Getting total downloads for app id: 11
2026-06-17T12:03:32.256+05:30  INFO 29136 --- [appverse-ai] [http-nio-8080-exec-5] c.wipro.service.impl.ReviewServiceImpl   : Fetching reviews for app id: 11
2026-06-17T12:03:32.256+05:30  INFO 29136 --- [appverse-ai] [http-nio-8080-exec-6] c.w.service.impl.AppVersionServiceImpl   : Fetching versions for app id: 11
2026-06-17T12:03:32.257+05:30  INFO 29136 --- [appverse-ai] [http-nio-8080-exec-3] com.wipro.service.impl.AppServiceImpl    : Fetching app by id: 11
2026-06-17T12:03:48.562+05:30  INFO 29136 --- [appverse-ai] [http-nio-8080-exec-9] c.w.service.impl.CategoryServiceImpl     : Fetching all categories
2026-06-17T12:03:48.562+05:30  INFO 29136 --- [appverse-ai] [http-nio-8080-exec-7] com.wipro.service.impl.AppServiceImpl    : Fetching all apps
2026-06-17T12:03:48.578+05:30  INFO 29136 --- [appverse-ai] [http-nio-8080-exec-2] c.w.service.impl.CategoryServiceImpl     : Fetching all categories
2026-06-17T12:03:48.584+05:30  INFO 29136 --- [appverse-ai] [http-nio-8080-exec-10] com.wipro.service.impl.AppServiceImpl    : Fetching all apps
2026-06-17T12:03:53.541+05:30  INFO 29136 --- [appverse-ai] [http-nio-8080-exec-1] c.w.service.impl.DownloadServiceImpl     : Fetching downloads for user id: 5
2026-06-17T12:03:53.556+05:30  INFO 29136 --- [appverse-ai] [http-nio-8080-exec-4] c.w.service.impl.DownloadServiceImpl     : Fetching downloads for user id: 5
2026-06-17T12:03:53.559+05:30  INFO 29136 --- [appverse-ai] [http-nio-8080-exec-3] com.wipro.service.impl.AppServiceImpl    : Fetching app by id: 33
2026-06-17T12:03:53.559+05:30  INFO 29136 --- [appverse-ai] [http-nio-8080-exec-5] com.wipro.service.impl.AppServiceImpl    : Fetching app by id: 16
2026-06-17T12:03:53.559+05:30  INFO 29136 --- [appverse-ai] [http-nio-8080-exec-6] com.wipro.service.impl.AppServiceImpl    : Fetching app by id: 26
2026-06-17T12:03:53.574+05:30  INFO 29136 --- [appverse-ai] [http-nio-8080-exec-9] com.wipro.service.impl.AppServiceImpl    : Fetching app by id: 26
2026-06-17T12:03:53.574+05:30  INFO 29136 --- [appverse-ai] [http-nio-8080-exec-8] com.wipro.service.impl.AppServiceImpl    : Fetching app by id: 16
2026-06-17T12:03:53.574+05:30  INFO 29136 --- [appverse-ai] [http-nio-8080-exec-7] com.wipro.service.impl.AppServiceImpl    : Fetching app by id: 33
2026-06-17T12:03:55.381+05:30  INFO 29136 --- [appverse-ai] [http-nio-8080-exec-2] com.wipro.service.impl.AppServiceImpl    : Fetching all apps
2026-06-17T12:03:55.381+05:30  INFO 29136 --- [appverse-ai] [http-nio-8080-exec-10] c.w.service.impl.CategoryServiceImpl     : Fetching all categories
2026-06-17T12:03:55.393+05:30  INFO 29136 --- [appverse-ai] [http-nio-8080-exec-1] c.w.service.impl.CategoryServiceImpl     : Fetching all categories
2026-06-17T12:03:55.399+05:30  INFO 29136 --- [appverse-ai] [http-nio-8080-exec-4] com.wipro.service.impl.AppServiceImpl    : Fetching all apps
2026-06-17T12:03:57.259+05:30  INFO 29136 --- [appverse-ai] [http-nio-8080-exec-3] com.wipro.service.impl.AppServiceImpl    : Fetching app by id: 16
2026-06-17T12:03:57.259+05:30  INFO 29136 --- [appverse-ai] [http-nio-8080-exec-9] c.w.service.impl.DownloadServiceImpl     : Getting total downloads for app id: 16
2026-06-17T12:03:57.259+05:30  INFO 29136 --- [appverse-ai] [http-nio-8080-exec-6] c.wipro.service.impl.ReviewServiceImpl   : Fetching reviews for app id: 16
2026-06-17T12:03:57.259+05:30  INFO 29136 --- [appverse-ai] [http-nio-8080-exec-5] c.w.service.impl.AppVersionServiceImpl   : Fetching versions for app id: 16
2026-06-17T12:03:57.270+05:30  INFO 29136 --- [appverse-ai] [http-nio-8080-exec-10] com.wipro.service.impl.AppServiceImpl    : Fetching app by id: 16
2026-06-17T12:03:57.270+05:30  INFO 29136 --- [appverse-ai] [http-nio-8080-exec-2] c.wipro.service.impl.ReviewServiceImpl   : Fetching reviews for app id: 16
2026-06-17T12:03:57.270+05:30  INFO 29136 --- [appverse-ai] [http-nio-8080-exec-7] c.w.service.impl.AppVersionServiceImpl   : Fetching versions for app id: 16
2026-06-17T12:03:57.270+05:30  INFO 29136 --- [appverse-ai] [http-nio-8080-exec-8] c.w.service.impl.DownloadServiceImpl     : Getting total downloads for app id: 16
2026-06-17T12:04:14.600+05:30  INFO 29136 --- [appverse-ai] [http-nio-8080-exec-1] com.wipro.service.impl.AppServiceImpl    : Fetching all apps
2026-06-17T12:04:14.600+05:30  INFO 29136 --- [appverse-ai] [http-nio-8080-exec-4] c.w.service.impl.CategoryServiceImpl     : Fetching all categories
2026-06-17T12:04:14.614+05:30  INFO 29136 --- [appverse-ai] [http-nio-8080-exec-5] c.w.service.impl.CategoryServiceImpl     : Fetching all categories
2026-06-17T12:04:14.620+05:30  INFO 29136 --- [appverse-ai] [http-nio-8080-exec-9] com.wipro.service.impl.AppServiceImpl    : Fetching all apps
2026-06-17T12:04:20.130+05:30  INFO 29136 --- [appverse-ai] [http-nio-8080-exec-6] c.wipro.service.impl.ReviewServiceImpl   : Fetching reviews for app id: 35
2026-06-17T12:04:20.130+05:30  INFO 29136 --- [appverse-ai] [http-nio-8080-exec-8] c.w.service.impl.AppVersionServiceImpl   : Fetching versions for app id: 35
2026-06-17T12:04:20.130+05:30  INFO 29136 --- [appverse-ai] [http-nio-8080-exec-3] com.wipro.service.impl.AppServiceImpl    : Fetching app by id: 35
2026-06-17T12:04:20.132+05:30  INFO 29136 --- [appverse-ai] [http-nio-8080-exec-7] c.w.service.impl.DownloadServiceImpl     : Getting total downloads for app id: 35
2026-06-17T12:04:20.144+05:30  INFO 29136 --- [appverse-ai] [http-nio-8080-exec-10] c.wipro.service.impl.ReviewServiceImpl   : Fetching reviews for app id: 35
2026-06-17T12:04:20.146+05:30  INFO 29136 --- [appverse-ai] [http-nio-8080-exec-4] c.w.service.impl.DownloadServiceImpl     : Getting total downloads for app id: 35
2026-06-17T12:04:20.146+05:30  INFO 29136 --- [appverse-ai] [http-nio-8080-exec-2] c.w.service.impl.AppVersionServiceImpl   : Fetching versions for app id: 35
2026-06-17T12:04:20.149+05:30  INFO 29136 --- [appverse-ai] [http-nio-8080-exec-1] com.wipro.service.impl.AppServiceImpl    : Fetching app by id: 35
2026-06-17T12:04:21.377+05:30  INFO 29136 --- [appverse-ai] [http-nio-8080-exec-9] c.w.service.impl.DownloadServiceImpl     : User 5 downloading app 35
2026-06-17T12:05:07.224+05:30  INFO 29136 --- [appverse-ai] [http-nio-8080-exec-6] c.wipro.service.impl.ReviewServiceImpl   : Creating review for app id: 35
2026-06-17T12:05:07.261+05:30  INFO 29136 --- [appverse-ai] [http-nio-8080-exec-8] c.wipro.service.impl.ReviewServiceImpl   : Fetching reviews for app id: 35
2026-06-17T12:05:18.403+05:30  INFO 29136 --- [appverse-ai] [http-nio-8080-exec-7] c.w.service.impl.DownloadServiceImpl     : Fetching downloads for user id: 5
2026-06-17T12:05:18.420+05:30  INFO 29136 --- [appverse-ai] [http-nio-8080-exec-3] c.w.service.impl.DownloadServiceImpl     : Fetching downloads for user id: 5
2026-06-17T12:05:18.423+05:30  INFO 29136 --- [appverse-ai] [http-nio-8080-exec-10] com.wipro.service.impl.AppServiceImpl    : Fetching app by id: 26
2026-06-17T12:05:18.423+05:30  INFO 29136 --- [appverse-ai] [http-nio-8080-exec-4] com.wipro.service.impl.AppServiceImpl    : Fetching app by id: 16
2026-06-17T12:05:18.423+05:30  INFO 29136 --- [appverse-ai] [http-nio-8080-exec-1] com.wipro.service.impl.AppServiceImpl    : Fetching app by id: 35
2026-06-17T12:05:18.423+05:30  INFO 29136 --- [appverse-ai] [http-nio-8080-exec-2] com.wipro.service.impl.AppServiceImpl    : Fetching app by id: 33
2026-06-17T12:05:18.440+05:30  INFO 29136 --- [appverse-ai] [http-nio-8080-exec-8] com.wipro.service.impl.AppServiceImpl    : Fetching app by id: 35
2026-06-17T12:05:18.440+05:30  INFO 29136 --- [appverse-ai] [http-nio-8080-exec-5] com.wipro.service.impl.AppServiceImpl    : Fetching app by id: 16
2026-06-17T12:05:18.441+05:30  INFO 29136 --- [appverse-ai] [http-nio-8080-exec-9] com.wipro.service.impl.AppServiceImpl    : Fetching app by id: 26
2026-06-17T12:05:18.442+05:30  INFO 29136 --- [appverse-ai] [http-nio-8080-exec-6] com.wipro.service.impl.AppServiceImpl    : Fetching app by id: 33
2026-06-17T12:05:24.146+05:30  INFO 29136 --- [appverse-ai] [http-nio-8080-exec-10] com.wipro.service.impl.AppServiceImpl    : Fetching all apps
2026-06-17T12:05:24.146+05:30  INFO 29136 --- [appverse-ai] [http-nio-8080-exec-7] c.w.s.impl.RecommendationServiceImpl     : Fetching recommendations for user id: 5
2026-06-17T12:05:24.162+05:30  INFO 29136 --- [appverse-ai] [http-nio-8080-exec-1] c.w.s.impl.RecommendationServiceImpl     : Fetching recommendations for user id: 5
2026-06-17T12:05:24.173+05:30  INFO 29136 --- [appverse-ai] [http-nio-8080-exec-4] com.wipro.service.impl.AppServiceImpl    : Fetching all apps
2026-06-17T12:05:24.177+05:30  INFO 29136 --- [appverse-ai] [http-nio-8080-exec-3] com.wipro.service.impl.AppServiceImpl    : Fetching app by id: 15
2026-06-17T12:05:24.200+05:30  INFO 29136 --- [appverse-ai] [http-nio-8080-exec-2] com.wipro.service.impl.AppServiceImpl    : Fetching app by id: 15
2026-06-17T12:05:50.347+05:30  INFO 29136 --- [appverse-ai] [http-nio-8080-exec-5] c.w.s.impl.RecommendationServiceImpl     : Creating recommendation for user id: 5
2026-06-17T12:05:50.372+05:30  INFO 29136 --- [appverse-ai] [http-nio-8080-exec-8] c.w.s.impl.RecommendationServiceImpl     : Fetching recommendations for user id: 5
2026-06-17T12:05:50.372+05:30  INFO 29136 --- [appverse-ai] [http-nio-8080-exec-9] com.wipro.service.impl.AppServiceImpl    : Fetching all apps
2026-06-17T12:05:50.390+05:30  INFO 29136 --- [appverse-ai] [http-nio-8080-exec-6] com.wipro.service.impl.AppServiceImpl    : Fetching app by id: 15
2026-06-17T12:05:50.390+05:30  INFO 29136 --- [appverse-ai] [http-nio-8080-exec-7] com.wipro.service.impl.AppServiceImpl    : Fetching app by id: 33
2026-06-17T12:07:06.426+05:30  INFO 29136 --- [appverse-ai] [http-nio-8080-exec-5] c.w.service.impl.DownloadServiceImpl     : Fetching downloads for user id: 5
2026-06-17T12:07:06.427+05:30  INFO 29136 --- [appverse-ai] [http-nio-8080-exec-9] com.wipro.service.impl.AppServiceImpl    : Fetching all apps
2026-06-17T12:07:06.427+05:30  INFO 29136 --- [appverse-ai] [http-nio-8080-exec-8] c.w.s.impl.RecommendationServiceImpl     : Fetching recommendations for user id: 5
2026-06-17T12:07:06.427+05:30  INFO 29136 --- [appverse-ai] [http-nio-8080-exec-6] c.wipro.service.impl.ReviewServiceImpl   : Fetching all reviews
2026-06-17T12:07:06.442+05:30  INFO 29136 --- [appverse-ai] [http-nio-8080-exec-7] c.w.s.impl.RecommendationServiceImpl     : Fetching recommendations for user id: 5
2026-06-17T12:07:06.444+05:30  INFO 29136 --- [appverse-ai] [http-nio-8080-exec-10] c.wipro.service.impl.ReviewServiceImpl   : Fetching all reviews
2026-06-17T12:07:06.448+05:30  INFO 29136 --- [appverse-ai] [http-nio-8080-exec-1] c.w.service.impl.DownloadServiceImpl     : Fetching downloads for user id: 5
2026-06-17T12:07:06.450+05:30  INFO 29136 --- [appverse-ai] [http-nio-8080-exec-3] com.wipro.service.impl.AppServiceImpl    : Fetching all apps
2026-06-17T12:07:19.697+05:30  INFO 29136 --- [appverse-ai] [http-nio-8080-exec-4] c.w.s.impl.RecommendationServiceImpl     : Fetching recommendations for user id: 5
2026-06-17T12:07:19.697+05:30  INFO 29136 --- [appverse-ai] [http-nio-8080-exec-2] com.wipro.service.impl.AppServiceImpl    : Fetching all apps
2026-06-17T12:07:19.712+05:30  INFO 29136 --- [appverse-ai] [http-nio-8080-exec-8] c.w.s.impl.RecommendationServiceImpl     : Fetching recommendations for user id: 5
2026-06-17T12:07:19.714+05:30  INFO 29136 --- [appverse-ai] [http-nio-8080-exec-5] com.wipro.service.impl.AppServiceImpl    : Fetching all apps
2026-06-17T12:07:19.719+05:30  INFO 29136 --- [appverse-ai] [http-nio-8080-exec-6] com.wipro.service.impl.AppServiceImpl    : Fetching app by id: 15
2026-06-17T12:07:19.719+05:30  INFO 29136 --- [appverse-ai] [http-nio-8080-exec-9] com.wipro.service.impl.AppServiceImpl    : Fetching app by id: 33
2026-06-17T12:07:19.735+05:30  INFO 29136 --- [appverse-ai] [http-nio-8080-exec-10] com.wipro.service.impl.AppServiceImpl    : Fetching app by id: 33
2026-06-17T12:07:19.735+05:30  INFO 29136 --- [appverse-ai] [http-nio-8080-exec-7] com.wipro.service.impl.AppServiceImpl    : Fetching app by id: 15
2026-06-17T12:07:22.324+05:30  INFO 29136 --- [appverse-ai] [http-nio-8080-exec-2] c.wipro.service.impl.ReviewServiceImpl   : Fetching all reviews
2026-06-17T12:07:22.324+05:30  INFO 29136 --- [appverse-ai] [http-nio-8080-exec-4] com.wipro.service.impl.AppServiceImpl    : Fetching all apps
2026-06-17T12:07:22.324+05:30  INFO 29136 --- [appverse-ai] [http-nio-8080-exec-3] c.w.s.impl.RecommendationServiceImpl     : Fetching recommendations for user id: 5
2026-06-17T12:07:22.324+05:30  INFO 29136 --- [appverse-ai] [http-nio-8080-exec-1] c.w.service.impl.DownloadServiceImpl     : Fetching downloads for user id: 5
2026-06-17T12:07:22.339+05:30  INFO 29136 --- [appverse-ai] [http-nio-8080-exec-8] c.w.s.impl.RecommendationServiceImpl     : Fetching recommendations for user id: 5
2026-06-17T12:07:22.339+05:30  INFO 29136 --- [appverse-ai] [http-nio-8080-exec-9] c.w.service.impl.DownloadServiceImpl     : Fetching downloads for user id: 5
2026-06-17T12:07:22.339+05:30  INFO 29136 --- [appverse-ai] [http-nio-8080-exec-6] c.wipro.service.impl.ReviewServiceImpl   : Fetching all reviews
2026-06-17T12:07:22.341+05:30  INFO 29136 --- [appverse-ai] [http-nio-8080-exec-5] com.wipro.service.impl.AppServiceImpl    : Fetching all apps
2026-06-17T12:07:23.724+05:30  INFO 29136 --- [appverse-ai] [http-nio-8080-exec-7] c.w.service.impl.DownloadServiceImpl     : Fetching downloads for user id: 5
2026-06-17T12:07:23.737+05:30  INFO 29136 --- [appverse-ai] [http-nio-8080-exec-10] c.w.service.impl.DownloadServiceImpl     : Fetching downloads for user id: 5
2026-06-17T12:07:23.740+05:30  INFO 29136 --- [appverse-ai] [http-nio-8080-exec-1] com.wipro.service.impl.AppServiceImpl    : Fetching app by id: 26
2026-06-17T12:07:23.740+05:30  INFO 29136 --- [appverse-ai] [http-nio-8080-exec-2] com.wipro.service.impl.AppServiceImpl    : Fetching app by id: 33
2026-06-17T12:07:23.740+05:30  INFO 29136 --- [appverse-ai] [http-nio-8080-exec-4] com.wipro.service.impl.AppServiceImpl    : Fetching app by id: 35
2026-06-17T12:07:23.740+05:30  INFO 29136 --- [appverse-ai] [http-nio-8080-exec-3] com.wipro.service.impl.AppServiceImpl    : Fetching app by id: 16
2026-06-17T12:07:23.757+05:30  INFO 29136 --- [appverse-ai] [http-nio-8080-exec-8] com.wipro.service.impl.AppServiceImpl    : Fetching app by id: 16
2026-06-17T12:07:23.757+05:30  INFO 29136 --- [appverse-ai] [http-nio-8080-exec-9] com.wipro.service.impl.AppServiceImpl    : Fetching app by id: 26
2026-06-17T12:07:23.757+05:30  INFO 29136 --- [appverse-ai] [http-nio-8080-exec-5] com.wipro.service.impl.AppServiceImpl    : Fetching app by id: 35
2026-06-17T12:07:23.757+05:30  INFO 29136 --- [appverse-ai] [http-nio-8080-exec-6] com.wipro.service.impl.AppServiceImpl    : Fetching app by id: 33
2026-06-17T12:07:25.666+05:30  INFO 29136 --- [appverse-ai] [http-nio-8080-exec-7] c.w.service.impl.DownloadServiceImpl     : Fetching downloads for user id: 5
2026-06-17T12:07:25.666+05:30  INFO 29136 --- [appverse-ai] [http-nio-8080-exec-2] c.wipro.service.impl.ReviewServiceImpl   : Fetching all reviews
2026-06-17T12:07:25.666+05:30  INFO 29136 --- [appverse-ai] [http-nio-8080-exec-4] c.w.s.impl.RecommendationServiceImpl     : Fetching recommendations for user id: 5
2026-06-17T12:07:25.666+05:30  INFO 29136 --- [appverse-ai] [http-nio-8080-exec-3] com.wipro.service.impl.AppServiceImpl    : Fetching all apps
2026-06-17T12:07:25.677+05:30  INFO 29136 --- [appverse-ai] [http-nio-8080-exec-9] c.wipro.service.impl.ReviewServiceImpl   : Fetching all reviews
2026-06-17T12:07:25.678+05:30  INFO 29136 --- [appverse-ai] [http-nio-8080-exec-10] c.w.service.impl.DownloadServiceImpl     : Fetching downloads for user id: 5
2026-06-17T12:07:25.678+05:30  INFO 29136 --- [appverse-ai] [http-nio-8080-exec-1] c.w.s.impl.RecommendationServiceImpl     : Fetching recommendations for user id: 5
2026-06-17T12:07:25.680+05:30  INFO 29136 --- [appverse-ai] [http-nio-8080-exec-5] com.wipro.service.impl.AppServiceImpl    : Fetching all apps
2026-06-17T12:07:44.504+05:30  INFO 29136 --- [appverse-ai] [http-nio-8080-exec-6] c.w.s.impl.RecommendationServiceImpl     : Fetching recommendations for user id: 5
2026-06-17T12:07:44.504+05:30  INFO 29136 --- [appverse-ai] [http-nio-8080-exec-8] com.wipro.service.impl.AppServiceImpl    : Fetching all apps
2026-06-17T12:07:44.518+05:30  INFO 29136 --- [appverse-ai] [http-nio-8080-exec-4] c.w.s.impl.RecommendationServiceImpl     : Fetching recommendations for user id: 5
2026-06-17T12:07:44.524+05:30  INFO 29136 --- [appverse-ai] [http-nio-8080-exec-7] com.wipro.service.impl.AppServiceImpl    : Fetching all apps
2026-06-17T12:07:44.526+05:30  INFO 29136 --- [appverse-ai] [http-nio-8080-exec-3] com.wipro.service.impl.AppServiceImpl    : Fetching app by id: 33
2026-06-17T12:07:44.526+05:30  INFO 29136 --- [appverse-ai] [http-nio-8080-exec-2] com.wipro.service.impl.AppServiceImpl    : Fetching app by id: 15
2026-06-17T12:07:44.545+05:30  INFO 29136 --- [appverse-ai] [http-nio-8080-exec-10] com.wipro.service.impl.AppServiceImpl    : Fetching app by id: 33
2026-06-17T12:07:44.545+05:30  INFO 29136 --- [appverse-ai] [http-nio-8080-exec-1] com.wipro.service.impl.AppServiceImpl    : Fetching app by id: 15
2026-06-17T12:08:16.597+05:30  INFO 29136 --- [appverse-ai] [http-nio-8080-exec-5] com.wipro.service.impl.UserServiceImpl   : Login attempt for email: lisa@example.com
2026-06-17T12:08:28.030+05:30  INFO 29136 --- [appverse-ai] [http-nio-8080-exec-8] com.wipro.service.impl.UserServiceImpl   : Login attempt for email: lisa@example.com
2026-06-17T12:08:28.102+05:30  INFO 29136 --- [appverse-ai] [http-nio-8080-exec-8] com.wipro.service.impl.UserServiceImpl   : Login successful for email: lisa@example.com
2026-06-17T12:08:28.111+05:30  INFO 29136 --- [appverse-ai] [http-nio-8080-exec-4] com.wipro.service.impl.UserServiceImpl   : Fetching all users
2026-06-17T12:08:28.146+05:30  INFO 29136 --- [appverse-ai] [http-nio-8080-exec-3] c.w.service.impl.CategoryServiceImpl     : Fetching all categories
2026-06-17T12:08:28.146+05:30  INFO 29136 --- [appverse-ai] [http-nio-8080-exec-2] com.wipro.service.impl.AppServiceImpl    : Fetching all apps
2026-06-17T12:08:28.158+05:30  INFO 29136 --- [appverse-ai] [http-nio-8080-exec-7] c.w.service.impl.CategoryServiceImpl     : Fetching all categories
2026-06-17T12:08:28.164+05:30  INFO 29136 --- [appverse-ai] [http-nio-8080-exec-1] com.wipro.service.impl.AppServiceImpl    : Fetching all apps
2026-06-17T12:08:37.276+05:30  INFO 29136 --- [appverse-ai] [http-nio-8080-exec-9] c.wipro.service.impl.ReviewServiceImpl   : Fetching reviews for app id: 11
2026-06-17T12:08:37.276+05:30  INFO 29136 --- [appverse-ai] [http-nio-8080-exec-6] c.w.service.impl.DownloadServiceImpl     : Getting total downloads for app id: 11
2026-06-17T12:08:37.276+05:30  INFO 29136 --- [appverse-ai] [http-nio-8080-exec-10] com.wipro.service.impl.AppServiceImpl    : Fetching app by id: 11
2026-06-17T12:08:37.276+05:30  INFO 29136 --- [appverse-ai] [http-nio-8080-exec-5] c.w.service.impl.AppVersionServiceImpl   : Fetching versions for app id: 11
2026-06-17T12:08:37.309+05:30  INFO 29136 --- [appverse-ai] [http-nio-8080-exec-2] com.wipro.service.impl.AppServiceImpl    : Fetching app by id: 11
2026-06-17T12:08:37.309+05:30  INFO 29136 --- [appverse-ai] [http-nio-8080-exec-3] c.w.service.impl.AppVersionServiceImpl   : Fetching versions for app id: 11
2026-06-17T12:08:37.309+05:30  INFO 29136 --- [appverse-ai] [http-nio-8080-exec-4] c.wipro.service.impl.ReviewServiceImpl   : Fetching reviews for app id: 11
2026-06-17T12:08:37.309+05:30  INFO 29136 --- [appverse-ai] [http-nio-8080-exec-8] c.w.service.impl.DownloadServiceImpl     : Getting total downloads for app id: 11
2026-06-17T12:08:40.687+05:30  INFO 29136 --- [appverse-ai] [http-nio-8080-exec-7] com.wipro.service.impl.AppServiceImpl    : Fetching all apps
2026-06-17T12:08:40.687+05:30  INFO 29136 --- [appverse-ai] [http-nio-8080-exec-1] c.w.service.impl.CategoryServiceImpl     : Fetching all categories
2026-06-17T12:08:40.700+05:30  INFO 29136 --- [appverse-ai] [http-nio-8080-exec-9] c.w.service.impl.CategoryServiceImpl     : Fetching all categories
2026-06-17T12:08:40.705+05:30  INFO 29136 --- [appverse-ai] [http-nio-8080-exec-6] com.wipro.service.impl.AppServiceImpl    : Fetching all apps
2026-06-17T12:08:42.550+05:30  INFO 29136 --- [appverse-ai] [http-nio-8080-exec-9] com.wipro.service.impl.AppServiceImpl    : Fetching app by id: 12
2026-06-17T12:08:42.550+05:30  INFO 29136 --- [appverse-ai] [http-nio-8080-exec-6] c.wipro.service.impl.ReviewServiceImpl   : Fetching reviews for app id: 12
2026-06-17T12:08:42.550+05:30  INFO 29136 --- [appverse-ai] [http-nio-8080-exec-5] c.w.service.impl.AppVersionServiceImpl   : Fetching versions for app id: 12
2026-06-17T12:08:42.550+05:30  INFO 29136 --- [appverse-ai] [http-nio-8080-exec-10] c.w.service.impl.DownloadServiceImpl     : Getting total downloads for app id: 12
2026-06-17T12:08:42.560+05:30  INFO 29136 --- [appverse-ai] [http-nio-8080-exec-8] c.wipro.service.impl.ReviewServiceImpl   : Fetching reviews for app id: 12
2026-06-17T12:08:42.560+05:30  INFO 29136 --- [appverse-ai] [http-nio-8080-exec-4] c.w.service.impl.DownloadServiceImpl     : Getting total downloads for app id: 12
2026-06-17T12:08:42.560+05:30  INFO 29136 --- [appverse-ai] [http-nio-8080-exec-3] c.w.service.impl.AppVersionServiceImpl   : Fetching versions for app id: 12
2026-06-17T12:08:42.561+05:30  INFO 29136 --- [appverse-ai] [http-nio-8080-exec-2] com.wipro.service.impl.AppServiceImpl    : Fetching app by id: 12
2026-06-17T12:08:46.142+05:30  INFO 29136 --- [appverse-ai] [http-nio-8080-exec-7] c.w.service.impl.DownloadServiceImpl     : User 6 downloading app 12
2026-06-17T12:09:09.631+05:30  INFO 29136 --- [appverse-ai] [http-nio-8080-exec-6] c.wipro.service.impl.ReviewServiceImpl   : Creating review for app id: 12
2026-06-17T12:09:09.656+05:30  INFO 29136 --- [appverse-ai] [http-nio-8080-exec-10] c.wipro.service.impl.ReviewServiceImpl   : Fetching reviews for app id: 12
2026-06-17T12:09:50.645+05:30  INFO 29136 --- [appverse-ai] [http-nio-8080-exec-2] com.wipro.service.impl.AppServiceImpl    : Fetching all apps
2026-06-17T12:09:50.645+05:30  INFO 29136 --- [appverse-ai] [http-nio-8080-exec-1] c.w.service.impl.CategoryServiceImpl     : Fetching all categories
2026-06-17T12:09:50.661+05:30  INFO 29136 --- [appverse-ai] [http-nio-8080-exec-7] c.w.service.impl.CategoryServiceImpl     : Fetching all categories
2026-06-17T12:09:50.664+05:30  INFO 29136 --- [appverse-ai] [http-nio-8080-exec-6] com.wipro.service.impl.AppServiceImpl    : Fetching all apps
2026-06-17T12:09:52.808+05:30  INFO 29136 --- [appverse-ai] [http-nio-8080-exec-5] com.wipro.service.impl.AppServiceImpl    : Fetching app by id: 13
2026-06-17T12:09:52.812+05:30  INFO 29136 --- [appverse-ai] [http-nio-8080-exec-6] c.w.service.impl.DownloadServiceImpl     : Getting total downloads for app id: 13
2026-06-17T12:09:52.812+05:30  INFO 29136 --- [appverse-ai] [http-nio-8080-exec-7] c.w.service.impl.AppVersionServiceImpl   : Fetching versions for app id: 13
2026-06-17T12:09:52.812+05:30  INFO 29136 --- [appverse-ai] [http-nio-8080-exec-2] c.wipro.service.impl.ReviewServiceImpl   : Fetching reviews for app id: 13
2026-06-17T12:09:52.820+05:30  INFO 29136 --- [appverse-ai] [http-nio-8080-exec-10] com.wipro.service.impl.AppServiceImpl    : Fetching app by id: 13
2026-06-17T12:09:52.821+05:30  INFO 29136 --- [appverse-ai] [http-nio-8080-exec-4] c.wipro.service.impl.ReviewServiceImpl   : Fetching reviews for app id: 13
2026-06-17T12:09:52.821+05:30  INFO 29136 --- [appverse-ai] [http-nio-8080-exec-9] c.w.service.impl.DownloadServiceImpl     : Getting total downloads for app id: 13
2026-06-17T12:09:52.822+05:30  INFO 29136 --- [appverse-ai] [http-nio-8080-exec-8] c.w.service.impl.AppVersionServiceImpl   : Fetching versions for app id: 13
2026-06-17T12:09:54.452+05:30  INFO 29136 --- [appverse-ai] [http-nio-8080-exec-1] c.w.service.impl.DownloadServiceImpl     : User 6 downloading app 13
2026-06-17T12:10:49.489+05:30  INFO 29136 --- [appverse-ai] [http-nio-8080-exec-5] c.wipro.service.impl.ReviewServiceImpl   : Creating review for app id: 13
2026-06-17T12:10:49.509+05:30  INFO 29136 --- [appverse-ai] [http-nio-8080-exec-2] c.wipro.service.impl.ReviewServiceImpl   : Fetching reviews for app id: 13
2026-06-17T12:11:05.703+05:30  INFO 29136 --- [appverse-ai] [http-nio-8080-exec-3] c.w.service.impl.CategoryServiceImpl     : Fetching all categories
2026-06-17T12:11:05.703+05:30  INFO 29136 --- [appverse-ai] [http-nio-8080-exec-8] com.wipro.service.impl.AppServiceImpl    : Fetching all apps
2026-06-17T12:11:05.714+05:30  INFO 29136 --- [appverse-ai] [http-nio-8080-exec-1] c.w.service.impl.CategoryServiceImpl     : Fetching all categories
2026-06-17T12:11:05.721+05:30  INFO 29136 --- [appverse-ai] [http-nio-8080-exec-5] com.wipro.service.impl.AppServiceImpl    : Fetching all apps
2026-06-17T12:11:14.308+05:30  INFO 29136 --- [appverse-ai] [http-nio-8080-exec-1] com.wipro.service.impl.AppServiceImpl    : Fetching app by id: 18
2026-06-17T12:11:14.308+05:30  INFO 29136 --- [appverse-ai] [http-nio-8080-exec-2] c.w.service.impl.DownloadServiceImpl     : Getting total downloads for app id: 18
2026-06-17T12:11:14.308+05:30  INFO 29136 --- [appverse-ai] [http-nio-8080-exec-5] c.wipro.service.impl.ReviewServiceImpl   : Fetching reviews for app id: 18
2026-06-17T12:11:14.308+05:30  INFO 29136 --- [appverse-ai] [http-nio-8080-exec-6] c.w.service.impl.AppVersionServiceImpl   : Fetching versions for app id: 18
2026-06-17T12:11:14.318+05:30  INFO 29136 --- [appverse-ai] [http-nio-8080-exec-1] c.w.service.impl.AppVersionServiceImpl   : Fetching versions for app id: 18
2026-06-17T12:11:14.318+05:30  INFO 29136 --- [appverse-ai] [http-nio-8080-exec-10] com.wipro.service.impl.AppServiceImpl    : Fetching app by id: 18
2026-06-17T12:11:14.318+05:30  INFO 29136 --- [appverse-ai] [http-nio-8080-exec-4] c.w.service.impl.DownloadServiceImpl     : Getting total downloads for app id: 18
2026-06-17T12:11:14.318+05:30  INFO 29136 --- [appverse-ai] [http-nio-8080-exec-9] c.wipro.service.impl.ReviewServiceImpl   : Fetching reviews for app id: 18
2026-06-17T12:11:15.493+05:30  INFO 29136 --- [appverse-ai] [http-nio-8080-exec-8] c.w.service.impl.DownloadServiceImpl     : User 6 downloading app 18
2026-06-17T12:11:17.546+05:30  INFO 29136 --- [appverse-ai] [http-nio-8080-exec-2] c.w.service.impl.DownloadServiceImpl     : Fetching downloads for user id: 6
2026-06-17T12:11:17.561+05:30  INFO 29136 --- [appverse-ai] [http-nio-8080-exec-7] c.w.service.impl.DownloadServiceImpl     : Fetching downloads for user id: 6
2026-06-17T12:11:17.562+05:30  INFO 29136 --- [appverse-ai] [http-nio-8080-exec-9] com.wipro.service.impl.AppServiceImpl    : Fetching app by id: 18
2026-06-17T12:11:17.562+05:30  INFO 29136 --- [appverse-ai] [http-nio-8080-exec-4] com.wipro.service.impl.AppServiceImpl    : Fetching app by id: 12
2026-06-17T12:11:17.562+05:30  INFO 29136 --- [appverse-ai] [http-nio-8080-exec-1] com.wipro.service.impl.AppServiceImpl    : Fetching app by id: 13
2026-06-17T12:11:17.578+05:30  INFO 29136 --- [appverse-ai] [http-nio-8080-exec-8] com.wipro.service.impl.AppServiceImpl    : Fetching app by id: 18
2026-06-17T12:11:17.578+05:30  INFO 29136 --- [appverse-ai] [http-nio-8080-exec-10] com.wipro.service.impl.AppServiceImpl    : Fetching app by id: 12
2026-06-17T12:11:17.578+05:30  INFO 29136 --- [appverse-ai] [http-nio-8080-exec-3] com.wipro.service.impl.AppServiceImpl    : Fetching app by id: 13
2026-06-17T12:11:26.362+05:30  INFO 29136 --- [appverse-ai] [http-nio-8080-exec-2] c.w.service.impl.AppVersionServiceImpl   : Fetching versions for app id: 18
2026-06-17T12:11:26.362+05:30  INFO 29136 --- [appverse-ai] [http-nio-8080-exec-9] c.w.service.impl.DownloadServiceImpl     : Getting total downloads for app id: 18
2026-06-17T12:11:26.362+05:30  INFO 29136 --- [appverse-ai] [http-nio-8080-exec-6] c.wipro.service.impl.ReviewServiceImpl   : Fetching reviews for app id: 18
2026-06-17T12:11:26.362+05:30  INFO 29136 --- [appverse-ai] [http-nio-8080-exec-5] com.wipro.service.impl.AppServiceImpl    : Fetching app by id: 18
2026-06-17T12:11:26.373+05:30  INFO 29136 --- [appverse-ai] [http-nio-8080-exec-8] com.wipro.service.impl.AppServiceImpl    : Fetching app by id: 18
2026-06-17T12:11:26.373+05:30  INFO 29136 --- [appverse-ai] [http-nio-8080-exec-4] c.w.service.impl.AppVersionServiceImpl   : Fetching versions for app id: 18
2026-06-17T12:11:26.373+05:30  INFO 29136 --- [appverse-ai] [http-nio-8080-exec-1] c.wipro.service.impl.ReviewServiceImpl   : Fetching reviews for app id: 18
2026-06-17T12:11:26.373+05:30  INFO 29136 --- [appverse-ai] [http-nio-8080-exec-7] c.w.service.impl.DownloadServiceImpl     : Getting total downloads for app id: 18
2026-06-17T13:01:14.976+05:30  INFO 29136 --- [appverse-ai] [http-nio-8080-exec-5] com.wipro.service.impl.AppServiceImpl    : Fetching app by id: 18
2026-06-17T13:01:14.976+05:30  INFO 29136 --- [appverse-ai] [http-nio-8080-exec-9] c.w.service.impl.AppVersionServiceImpl   : Fetching versions for app id: 18
2026-06-17T13:01:14.976+05:30  INFO 29136 --- [appverse-ai] [http-nio-8080-exec-6] c.wipro.service.impl.ReviewServiceImpl   : Fetching reviews for app id: 18
2026-06-17T13:01:14.976+05:30  INFO 29136 --- [appverse-ai] [http-nio-8080-exec-3] c.w.service.impl.DownloadServiceImpl     : Getting total downloads for app id: 18
2026-06-17T13:09:33.674+05:30  INFO 29136 --- [appverse-ai] [http-nio-8080-exec-4] c.wipro.service.impl.ReviewServiceImpl   : Fetching reviews for app id: 18
2026-06-17T13:09:33.674+05:30  INFO 29136 --- [appverse-ai] [http-nio-8080-exec-8] com.wipro.service.impl.AppServiceImpl    : Fetching app by id: 18
2026-06-17T13:09:33.674+05:30  INFO 29136 --- [appverse-ai] [http-nio-8080-exec-3] c.w.service.impl.AppVersionServiceImpl   : Fetching versions for app id: 18
2026-06-17T13:09:33.674+05:30  INFO 29136 --- [appverse-ai] [http-nio-8080-exec-9] c.w.service.impl.DownloadServiceImpl     : Getting total downloads for app id: 18
2026-06-17T13:09:33.696+05:30  INFO 29136 --- [appverse-ai] [http-nio-8080-exec-6] c.wipro.service.impl.ReviewServiceImpl   : Fetching reviews for app id: 18
2026-06-17T13:09:33.696+05:30  INFO 29136 --- [appverse-ai] [http-nio-8080-exec-5] c.w.service.impl.AppVersionServiceImpl   : Fetching versions for app id: 18
2026-06-17T13:09:33.696+05:30  INFO 29136 --- [appverse-ai] [http-nio-8080-exec-10] c.w.service.impl.DownloadServiceImpl     : Getting total downloads for app id: 18
2026-06-17T13:09:33.706+05:30  INFO 29136 --- [appverse-ai] [http-nio-8080-exec-2] com.wipro.service.impl.AppServiceImpl    : Fetching app by id: 18
2026-06-17T13:09:37.550+05:30  INFO 29136 --- [appverse-ai] [http-nio-8080-exec-1] c.wipro.service.impl.ReviewServiceImpl   : Fetching reviews for app id: 18
2026-06-17T13:09:37.550+05:30  INFO 29136 --- [appverse-ai] [http-nio-8080-exec-3] c.w.service.impl.DownloadServiceImpl     : Getting total downloads for app id: 18
2026-06-17T13:09:37.550+05:30  INFO 29136 --- [appverse-ai] [http-nio-8080-exec-4] c.w.service.impl.AppVersionServiceImpl   : Fetching versions for app id: 18
2026-06-17T13:09:37.550+05:30  INFO 29136 --- [appverse-ai] [http-nio-8080-exec-7] com.wipro.service.impl.AppServiceImpl    : Fetching app by id: 18
2026-06-17T13:09:37.564+05:30  INFO 29136 --- [appverse-ai] [http-nio-8080-exec-9] c.wipro.service.impl.ReviewServiceImpl   : Fetching reviews for app id: 18
2026-06-17T13:09:37.564+05:30  INFO 29136 --- [appverse-ai] [http-nio-8080-exec-5] c.w.service.impl.DownloadServiceImpl     : Getting total downloads for app id: 18
2026-06-17T13:09:37.564+05:30  INFO 29136 --- [appverse-ai] [http-nio-8080-exec-10] com.wipro.service.impl.AppServiceImpl    : Fetching app by id: 18
2026-06-17T13:09:37.564+05:30  INFO 29136 --- [appverse-ai] [http-nio-8080-exec-8] c.w.service.impl.AppVersionServiceImpl   : Fetching versions for app id: 18
2026-06-17T13:09:40.634+05:30  INFO 29136 --- [appverse-ai] [http-nio-8080-exec-4] c.w.service.impl.DownloadServiceImpl     : Fetching downloads for user id: 6
2026-06-17T13:09:40.651+05:30  INFO 29136 --- [appverse-ai] [http-nio-8080-exec-1] c.w.service.impl.DownloadServiceImpl     : Fetching downloads for user id: 6
2026-06-17T13:09:40.654+05:30  INFO 29136 --- [appverse-ai] [http-nio-8080-exec-9] com.wipro.service.impl.AppServiceImpl    : Fetching app by id: 18
2026-06-17T13:09:40.659+05:30  INFO 29136 --- [appverse-ai] [http-nio-8080-exec-5] com.wipro.service.impl.AppServiceImpl    : Fetching app by id: 12
2026-06-17T13:09:40.659+05:30  INFO 29136 --- [appverse-ai] [http-nio-8080-exec-8] com.wipro.service.impl.AppServiceImpl    : Fetching app by id: 13
2026-06-17T13:09:40.669+05:30  INFO 29136 --- [appverse-ai] [http-nio-8080-exec-10] com.wipro.service.impl.AppServiceImpl    : Fetching app by id: 18
2026-06-17T13:09:40.669+05:30  INFO 29136 --- [appverse-ai] [http-nio-8080-exec-6] com.wipro.service.impl.AppServiceImpl    : Fetching app by id: 12
2026-06-17T13:09:40.669+05:30  INFO 29136 --- [appverse-ai] [http-nio-8080-exec-2] com.wipro.service.impl.AppServiceImpl    : Fetching app by id: 13
2026-06-17T13:09:43.064+05:30  INFO 29136 --- [appverse-ai] [http-nio-8080-exec-3] c.w.service.impl.AppVersionServiceImpl   : Fetching versions for app id: 18
2026-06-17T13:09:43.064+05:30  INFO 29136 --- [appverse-ai] [http-nio-8080-exec-4] com.wipro.service.impl.AppServiceImpl    : Fetching app by id: 18
2026-06-17T13:09:43.064+05:30  INFO 29136 --- [appverse-ai] [http-nio-8080-exec-1] c.w.service.impl.DownloadServiceImpl     : Getting total downloads for app id: 18
2026-06-17T13:09:43.064+05:30  INFO 29136 --- [appverse-ai] [http-nio-8080-exec-7] c.wipro.service.impl.ReviewServiceImpl   : Fetching reviews for app id: 18
2026-06-17T13:09:43.079+05:30  INFO 29136 --- [appverse-ai] [http-nio-8080-exec-9] c.wipro.service.impl.ReviewServiceImpl   : Fetching reviews for app id: 18
2026-06-17T13:09:43.079+05:30  INFO 29136 --- [appverse-ai] [http-nio-8080-exec-10] com.wipro.service.impl.AppServiceImpl    : Fetching app by id: 18
2026-06-17T13:09:43.079+05:30  INFO 29136 --- [appverse-ai] [http-nio-8080-exec-8] c.w.service.impl.AppVersionServiceImpl   : Fetching versions for app id: 18
2026-06-17T13:09:43.079+05:30  INFO 29136 --- [appverse-ai] [http-nio-8080-exec-5] c.w.service.impl.DownloadServiceImpl     : Getting total downloads for app id: 18
2026-06-17T13:09:43.082+05:30  INFO 29136 --- [appverse-ai] [http-nio-8080-exec-2] c.w.service.impl.DownloadServiceImpl     : Fetching downloads for user id: 6
2026-06-17T13:09:43.096+05:30  INFO 29136 --- [appverse-ai] [http-nio-8080-exec-6] c.w.service.impl.DownloadServiceImpl     : Fetching downloads for user id: 6
2026-06-17T13:09:51.716+05:30  INFO 29136 --- [appverse-ai] [http-nio-8080-exec-9] com.wipro.service.impl.AppServiceImpl    : Fetching all apps
2026-06-17T13:09:51.716+05:30  INFO 29136 --- [appverse-ai] [http-nio-8080-exec-8] c.w.service.impl.CategoryServiceImpl     : Fetching all categories
2026-06-17T13:09:51.725+05:30  INFO 29136 --- [appverse-ai] [http-nio-8080-exec-5] c.w.service.impl.CategoryServiceImpl     : Fetching all categories
2026-06-17T13:09:51.734+05:30  INFO 29136 --- [appverse-ai] [http-nio-8080-exec-10] com.wipro.service.impl.AppServiceImpl    : Fetching all apps
2026-06-17T13:09:54.394+05:30  INFO 29136 --- [appverse-ai] [http-nio-8080-exec-2] com.wipro.service.impl.AppServiceImpl    : Fetching app by id: 12
2026-06-17T13:09:54.400+05:30  INFO 29136 --- [appverse-ai] [http-nio-8080-exec-9] c.wipro.service.impl.ReviewServiceImpl   : Fetching reviews for app id: 12
2026-06-17T13:09:54.400+05:30  INFO 29136 --- [appverse-ai] [http-nio-8080-exec-5] c.w.service.impl.AppVersionServiceImpl   : Fetching versions for app id: 12
2026-06-17T13:09:54.400+05:30  INFO 29136 --- [appverse-ai] [http-nio-8080-exec-10] c.w.service.impl.DownloadServiceImpl     : Getting total downloads for app id: 12
2026-06-17T13:09:54.408+05:30  INFO 29136 --- [appverse-ai] [http-nio-8080-exec-6] com.wipro.service.impl.AppServiceImpl    : Fetching app by id: 12
2026-06-17T13:09:54.408+05:30  INFO 29136 --- [appverse-ai] [http-nio-8080-exec-7] c.w.service.impl.DownloadServiceImpl     : Getting total downloads for app id: 12
2026-06-17T13:09:54.408+05:30  INFO 29136 --- [appverse-ai] [http-nio-8080-exec-3] c.w.service.impl.AppVersionServiceImpl   : Fetching versions for app id: 12
2026-06-17T13:09:54.408+05:30  INFO 29136 --- [appverse-ai] [http-nio-8080-exec-1] c.wipro.service.impl.ReviewServiceImpl   : Fetching reviews for app id: 12
2026-06-17T13:09:54.416+05:30  INFO 29136 --- [appverse-ai] [http-nio-8080-exec-4] c.w.service.impl.DownloadServiceImpl     : Fetching downloads for user id: 6
2026-06-17T13:09:54.436+05:30  INFO 29136 --- [appverse-ai] [http-nio-8080-exec-8] c.w.service.impl.DownloadServiceImpl     : Fetching downloads for user id: 6
2026-06-17T13:09:57.584+05:30  INFO 29136 --- [appverse-ai] [http-nio-8080-exec-10] c.w.service.impl.CategoryServiceImpl     : Fetching all categories
2026-06-17T13:09:57.584+05:30  INFO 29136 --- [appverse-ai] [http-nio-8080-exec-2] com.wipro.service.impl.AppServiceImpl    : Fetching all apps
2026-06-17T13:09:57.594+05:30  INFO 29136 --- [appverse-ai] [http-nio-8080-exec-5] c.w.service.impl.CategoryServiceImpl     : Fetching all categories
2026-06-17T13:09:57.599+05:30  INFO 29136 --- [appverse-ai] [http-nio-8080-exec-9] com.wipro.service.impl.AppServiceImpl    : Fetching all apps
2026-06-17T13:09:59.439+05:30  INFO 29136 --- [appverse-ai] [http-nio-8080-exec-9] c.wipro.service.impl.ReviewServiceImpl   : Fetching reviews for app id: 16
2026-06-17T13:09:59.439+05:30  INFO 29136 --- [appverse-ai] [http-nio-8080-exec-5] c.w.service.impl.AppVersionServiceImpl   : Fetching versions for app id: 16
2026-06-17T13:09:59.439+05:30  INFO 29136 --- [appverse-ai] [http-nio-8080-exec-6] com.wipro.service.impl.AppServiceImpl    : Fetching app by id: 16
2026-06-17T13:09:59.439+05:30  INFO 29136 --- [appverse-ai] [http-nio-8080-exec-3] c.w.service.impl.DownloadServiceImpl     : Getting total downloads for app id: 16
2026-06-17T13:09:59.447+05:30  INFO 29136 --- [appverse-ai] [http-nio-8080-exec-7] c.w.service.impl.AppVersionServiceImpl   : Fetching versions for app id: 16
2026-06-17T13:09:59.447+05:30  INFO 29136 --- [appverse-ai] [http-nio-8080-exec-8] c.wipro.service.impl.ReviewServiceImpl   : Fetching reviews for app id: 16
2026-06-17T13:09:59.447+05:30  INFO 29136 --- [appverse-ai] [http-nio-8080-exec-4] c.w.service.impl.DownloadServiceImpl     : Getting total downloads for app id: 16
2026-06-17T13:09:59.454+05:30  INFO 29136 --- [appverse-ai] [http-nio-8080-exec-1] com.wipro.service.impl.AppServiceImpl    : Fetching app by id: 16
2026-06-17T13:09:59.454+05:30  INFO 29136 --- [appverse-ai] [http-nio-8080-exec-10] c.w.service.impl.DownloadServiceImpl     : Fetching downloads for user id: 6
2026-06-17T13:09:59.471+05:30  INFO 29136 --- [appverse-ai] [http-nio-8080-exec-2] c.w.service.impl.DownloadServiceImpl     : Fetching downloads for user id: 6
2026-06-17T14:32:15.059+05:30  INFO 29136 --- [appverse-ai] [http-nio-8080-exec-6] com.wipro.service.impl.AppServiceImpl    : Fetching app by id: 16
2026-06-17T14:32:15.059+05:30  INFO 29136 --- [appverse-ai] [http-nio-8080-exec-7] c.w.service.impl.DownloadServiceImpl     : Getting total downloads for app id: 16
2026-06-17T14:32:15.059+05:30  INFO 29136 --- [appverse-ai] [http-nio-8080-exec-8] c.w.service.impl.AppVersionServiceImpl   : Fetching versions for app id: 16
2026-06-17T14:32:15.059+05:30  INFO 29136 --- [appverse-ai] [http-nio-8080-exec-5] c.wipro.service.impl.ReviewServiceImpl   : Fetching reviews for app id: 16
2026-06-17T14:32:15.077+05:30  INFO 29136 --- [appverse-ai] [http-nio-8080-exec-2] com.wipro.service.impl.AppServiceImpl    : Fetching app by id: 16
2026-06-17T14:32:15.077+05:30  INFO 29136 --- [appverse-ai] [http-nio-8080-exec-3] c.wipro.service.impl.ReviewServiceImpl   : Fetching reviews for app id: 16
2026-06-17T14:32:15.077+05:30  INFO 29136 --- [appverse-ai] [http-nio-8080-exec-1] c.w.service.impl.AppVersionServiceImpl   : Fetching versions for app id: 16
2026-06-17T14:32:15.077+05:30  INFO 29136 --- [appverse-ai] [http-nio-8080-exec-5] c.w.service.impl.DownloadServiceImpl     : Getting total downloads for app id: 16
2026-06-17T14:32:19.352+05:30  INFO 29136 --- [appverse-ai] [http-nio-8080-exec-2] com.wipro.service.impl.AppServiceImpl    : Fetching all apps
2026-06-17T14:32:19.352+05:30  INFO 29136 --- [appverse-ai] [http-nio-8080-exec-8] c.w.service.impl.DownloadServiceImpl     : Fetching downloads for user id: 6
2026-06-17T14:32:19.352+05:30  INFO 29136 --- [appverse-ai] [http-nio-8080-exec-3] c.wipro.service.impl.ReviewServiceImpl   : Fetching all reviews
2026-06-17T14:32:19.352+05:30  INFO 29136 --- [appverse-ai] [http-nio-8080-exec-7] c.w.s.impl.RecommendationServiceImpl     : Fetching recommendations for user id: 6
2026-06-17T14:32:19.371+05:30  INFO 29136 --- [appverse-ai] [http-nio-8080-exec-9] c.w.service.impl.DownloadServiceImpl     : Fetching downloads for user id: 6
2026-06-17T14:32:19.371+05:30  INFO 29136 --- [appverse-ai] [http-nio-8080-exec-4] c.w.s.impl.RecommendationServiceImpl     : Fetching recommendations for user id: 6
2026-06-17T14:32:19.374+05:30  INFO 29136 --- [appverse-ai] [http-nio-8080-exec-6] com.wipro.service.impl.AppServiceImpl    : Fetching all apps
2026-06-17T14:32:19.399+05:30  INFO 29136 --- [appverse-ai] [http-nio-8080-exec-10] c.wipro.service.impl.ReviewServiceImpl   : Fetching all reviews
2026-06-17T14:32:42.489+05:30  INFO 29136 --- [appverse-ai] [http-nio-8080-exec-1] com.wipro.service.impl.AppServiceImpl    : Fetching all apps
2026-06-17T14:32:42.492+05:30  INFO 29136 --- [appverse-ai] [http-nio-8080-exec-7] c.w.service.impl.CategoryServiceImpl     : Fetching all categories
2026-06-17T14:32:42.506+05:30  INFO 29136 --- [appverse-ai] [http-nio-8080-exec-2] c.w.service.impl.CategoryServiceImpl     : Fetching all categories
2026-06-17T14:32:42.511+05:30  INFO 29136 --- [appverse-ai] [http-nio-8080-exec-4] com.wipro.service.impl.AppServiceImpl    : Fetching all apps
2026-06-17T14:33:04.931+05:30  INFO 29136 --- [appverse-ai] [http-nio-8080-exec-6] com.wipro.service.impl.UserServiceImpl   : Login attempt for email: john@example.com
2026-06-17T14:33:05.011+05:30  INFO 29136 --- [appverse-ai] [http-nio-8080-exec-6] com.wipro.service.impl.UserServiceImpl   : Login successful for email: john@example.com
2026-06-17T14:33:05.030+05:30  INFO 29136 --- [appverse-ai] [http-nio-8080-exec-10] com.wipro.service.impl.UserServiceImpl   : Fetching all users
2026-06-17T14:33:05.070+05:30  INFO 29136 --- [appverse-ai] [http-nio-8080-exec-8] c.w.service.impl.CategoryServiceImpl     : Fetching all categories
2026-06-17T14:33:05.070+05:30  INFO 29136 --- [appverse-ai] [http-nio-8080-exec-5] com.wipro.service.impl.AppServiceImpl    : Fetching all apps
2026-06-17T14:33:05.085+05:30  INFO 29136 --- [appverse-ai] [http-nio-8080-exec-7] c.w.service.impl.CategoryServiceImpl     : Fetching all categories
2026-06-17T14:33:05.094+05:30  INFO 29136 --- [appverse-ai] [http-nio-8080-exec-1] com.wipro.service.impl.AppServiceImpl    : Fetching all apps
2026-06-17T14:33:08.846+05:30  INFO 29136 --- [appverse-ai] [http-nio-8080-exec-9] com.wipro.service.impl.AppServiceImpl    : Fetching all apps
2026-06-17T14:33:08.847+05:30  INFO 29136 --- [appverse-ai] [http-nio-8080-exec-6] c.w.service.impl.DownloadServiceImpl     : Fetching all downloads
2026-06-17T14:33:08.863+05:30  INFO 29136 --- [appverse-ai] [http-nio-8080-exec-3] com.wipro.service.impl.AppServiceImpl    : Fetching all apps
2026-06-17T14:33:08.874+05:30  INFO 29136 --- [appverse-ai] [http-nio-8080-exec-10] c.w.service.impl.DownloadServiceImpl     : Fetching all downloads
2026-06-17T14:57:29.046+05:30  INFO 29136 --- [appverse-ai] [http-nio-8080-exec-3] c.w.service.impl.DownloadServiceImpl     : Fetching downloads for user id: 1
2026-06-17T14:57:29.059+05:30  INFO 29136 --- [appverse-ai] [http-nio-8080-exec-10] c.w.service.impl.DownloadServiceImpl     : Fetching downloads for user id: 1
2026-06-17T14:57:34.204+05:30  INFO 29136 --- [appverse-ai] [http-nio-8080-exec-8] c.w.service.impl.DownloadServiceImpl     : Fetching all downloads
2026-06-17T14:57:34.206+05:30  INFO 29136 --- [appverse-ai] [http-nio-8080-exec-7] com.wipro.service.impl.AppServiceImpl    : Fetching all apps
2026-06-17T14:57:34.226+05:30  INFO 29136 --- [appverse-ai] [http-nio-8080-exec-5] com.wipro.service.impl.AppServiceImpl    : Fetching all apps
2026-06-17T14:57:34.236+05:30  INFO 29136 --- [appverse-ai] [http-nio-8080-exec-2] c.w.service.impl.DownloadServiceImpl     : Fetching all downloads
2026-06-17T14:57:39.450+05:30  INFO 29136 --- [appverse-ai] [http-nio-8080-exec-4] c.w.service.impl.DownloadServiceImpl     : Fetching downloads for user id: 1
2026-06-17T14:57:39.452+05:30  INFO 29136 --- [appverse-ai] [http-nio-8080-exec-3] c.wipro.service.impl.ReviewServiceImpl   : Fetching all reviews
2026-06-17T14:57:39.453+05:30  INFO 29136 --- [appverse-ai] [http-nio-8080-exec-6] com.wipro.service.impl.AppServiceImpl    : Fetching all apps
2026-06-17T14:57:39.454+05:30  INFO 29136 --- [appverse-ai] [http-nio-8080-exec-10] c.w.s.impl.RecommendationServiceImpl     : Fetching recommendations for user id: 1
2026-06-17T14:57:39.464+05:30  INFO 29136 --- [appverse-ai] [http-nio-8080-exec-7] c.w.service.impl.DownloadServiceImpl     : Fetching downloads for user id: 1
2026-06-17T14:57:39.466+05:30  INFO 29136 --- [appverse-ai] [http-nio-8080-exec-8] c.w.s.impl.RecommendationServiceImpl     : Fetching recommendations for user id: 1
2026-06-17T14:57:39.474+05:30  INFO 29136 --- [appverse-ai] [http-nio-8080-exec-5] com.wipro.service.impl.AppServiceImpl    : Fetching all apps
2026-06-17T14:57:39.474+05:30  INFO 29136 --- [appverse-ai] [http-nio-8080-exec-2] c.wipro.service.impl.ReviewServiceImpl   : Fetching all reviews
2026-06-17T14:57:42.202+05:30  INFO 29136 --- [appverse-ai] [http-nio-8080-exec-9] c.wipro.service.impl.ReviewServiceImpl   : Fetching all reviews
2026-06-17T14:57:42.203+05:30  INFO 29136 --- [appverse-ai] [http-nio-8080-exec-1] c.w.service.impl.DownloadServiceImpl     : Fetching downloads for user id: 1
2026-06-17T14:57:42.215+05:30  INFO 29136 --- [appverse-ai] [http-nio-8080-exec-4] c.w.service.impl.DownloadServiceImpl     : Fetching downloads for user id: 1
2026-06-17T14:57:42.225+05:30  INFO 29136 --- [appverse-ai] [http-nio-8080-exec-10] c.wipro.service.impl.ReviewServiceImpl   : Fetching all reviews
2026-06-17T14:57:45.222+05:30  INFO 29136 --- [appverse-ai] [http-nio-8080-exec-8] c.wipro.service.impl.ReviewServiceImpl   : Fetching all reviews
2026-06-17T14:57:45.222+05:30  INFO 29136 --- [appverse-ai] [http-nio-8080-exec-7] com.wipro.service.impl.AppServiceImpl    : Fetching all apps
2026-06-17T14:57:45.222+05:30  INFO 29136 --- [appverse-ai] [http-nio-8080-exec-3] c.w.s.impl.RecommendationServiceImpl     : Fetching recommendations for user id: 1
2026-06-17T14:57:45.222+05:30  INFO 29136 --- [appverse-ai] [http-nio-8080-exec-6] c.w.service.impl.DownloadServiceImpl     : Fetching downloads for user id: 1
2026-06-17T14:57:45.236+05:30  INFO 29136 --- [appverse-ai] [http-nio-8080-exec-5] c.w.s.impl.RecommendationServiceImpl     : Fetching recommendations for user id: 1
2026-06-17T14:57:45.236+05:30  INFO 29136 --- [appverse-ai] [http-nio-8080-exec-2] c.w.service.impl.DownloadServiceImpl     : Fetching downloads for user id: 1
2026-06-17T14:57:45.242+05:30  INFO 29136 --- [appverse-ai] [http-nio-8080-exec-1] com.wipro.service.impl.AppServiceImpl    : Fetching all apps
2026-06-17T14:57:45.243+05:30  INFO 29136 --- [appverse-ai] [http-nio-8080-exec-9] c.wipro.service.impl.ReviewServiceImpl   : Fetching all reviews
2026-06-17T14:57:46.863+05:30  INFO 29136 --- [appverse-ai] [http-nio-8080-exec-4] c.w.service.impl.DownloadServiceImpl     : Fetching downloads for user id: 1
2026-06-17T14:57:46.874+05:30  INFO 29136 --- [appverse-ai] [http-nio-8080-exec-10] c.w.service.impl.DownloadServiceImpl     : Fetching downloads for user id: 1
2026-06-17T14:57:48.750+05:30  INFO 29136 --- [appverse-ai] [http-nio-8080-exec-6] c.w.s.impl.RecommendationServiceImpl     : Fetching recommendations for user id: 1
2026-06-17T14:57:48.750+05:30  INFO 29136 --- [appverse-ai] [http-nio-8080-exec-3] c.w.service.impl.DownloadServiceImpl     : Fetching downloads for user id: 1
2026-06-17T14:57:48.750+05:30  INFO 29136 --- [appverse-ai] [http-nio-8080-exec-8] c.wipro.service.impl.ReviewServiceImpl   : Fetching all reviews
2026-06-17T14:57:48.750+05:30  INFO 29136 --- [appverse-ai] [http-nio-8080-exec-7] com.wipro.service.impl.AppServiceImpl    : Fetching all apps
2026-06-17T14:57:48.776+05:30  INFO 29136 --- [appverse-ai] [http-nio-8080-exec-5] c.w.s.impl.RecommendationServiceImpl     : Fetching recommendations for user id: 1
2026-06-17T14:57:48.776+05:30  INFO 29136 --- [appverse-ai] [http-nio-8080-exec-2] c.w.service.impl.DownloadServiceImpl     : Fetching downloads for user id: 1
2026-06-17T14:57:48.794+05:30  INFO 29136 --- [appverse-ai] [http-nio-8080-exec-9] c.wipro.service.impl.ReviewServiceImpl   : Fetching all reviews
2026-06-17T14:57:48.794+05:30  INFO 29136 --- [appverse-ai] [http-nio-8080-exec-1] com.wipro.service.impl.AppServiceImpl    : Fetching all apps
2026-06-17T14:57:51.331+05:30  INFO 29136 --- [appverse-ai] [http-nio-8080-exec-4] com.wipro.service.impl.AppServiceImpl    : Fetching all apps
2026-06-17T14:57:51.331+05:30  INFO 29136 --- [appverse-ai] [http-nio-8080-exec-10] c.w.service.impl.CategoryServiceImpl     : Fetching all categories
2026-06-17T14:57:51.353+05:30  INFO 29136 --- [appverse-ai] [http-nio-8080-exec-6] com.wipro.service.impl.AppServiceImpl    : Fetching all apps
2026-06-17T14:57:51.353+05:30  INFO 29136 --- [appverse-ai] [http-nio-8080-exec-3] c.w.service.impl.CategoryServiceImpl     : Fetching all categories
2026-06-17T14:57:51.360+05:30  INFO 29136 --- [appverse-ai] [http-nio-8080-exec-8] c.w.s.impl.DeveloperProfileServiceImpl   : Fetching developer profile for user id: 1
2026-06-17T14:57:51.374+05:30  INFO 29136 --- [appverse-ai] [http-nio-8080-exec-5] c.w.s.impl.DeveloperProfileServiceImpl   : Fetching developer profile for user id: 1
2026-06-17T14:57:53.085+05:30  INFO 29136 --- [appverse-ai] [http-nio-8080-exec-4] c.wipro.service.impl.ReviewServiceImpl   : Fetching all reviews
2026-06-17T14:57:53.085+05:30  INFO 29136 --- [appverse-ai] [http-nio-8080-exec-9] com.wipro.service.impl.AppServiceImpl    : Fetching all apps
2026-06-17T14:57:53.086+05:30  INFO 29136 --- [appverse-ai] [http-nio-8080-exec-2] c.w.service.impl.DownloadServiceImpl     : Fetching downloads for user id: 1
2026-06-17T14:57:53.086+05:30  INFO 29136 --- [appverse-ai] [http-nio-8080-exec-1] c.w.s.impl.RecommendationServiceImpl     : Fetching recommendations for user id: 1
2026-06-17T14:57:53.098+05:30  INFO 29136 --- [appverse-ai] [http-nio-8080-exec-10] c.w.service.impl.DownloadServiceImpl     : Fetching downloads for user id: 1
2026-06-17T14:57:53.098+05:30  INFO 29136 --- [appverse-ai] [http-nio-8080-exec-7] c.w.s.impl.RecommendationServiceImpl     : Fetching recommendations for user id: 1
2026-06-17T14:57:53.103+05:30  INFO 29136 --- [appverse-ai] [http-nio-8080-exec-3] com.wipro.service.impl.AppServiceImpl    : Fetching all apps
2026-06-17T14:57:53.103+05:30  INFO 29136 --- [appverse-ai] [http-nio-8080-exec-6] c.wipro.service.impl.ReviewServiceImpl   : Fetching all reviews
2026-06-17T14:58:16.466+05:30  INFO 29136 --- [appverse-ai] [http-nio-8080-exec-5] c.w.service.impl.CategoryServiceImpl     : Fetching all categories
2026-06-17T14:58:16.466+05:30  INFO 29136 --- [appverse-ai] [http-nio-8080-exec-8] com.wipro.service.impl.AppServiceImpl    : Fetching all apps
2026-06-17T14:58:16.477+05:30  INFO 29136 --- [appverse-ai] [http-nio-8080-exec-2] c.w.service.impl.CategoryServiceImpl     : Fetching all categories
2026-06-17T14:58:16.482+05:30  INFO 29136 --- [appverse-ai] [http-nio-8080-exec-1] com.wipro.service.impl.AppServiceImpl    : Fetching all apps
2026-06-17T14:58:17.924+05:30  INFO 29136 --- [appverse-ai] [http-nio-8080-exec-4] c.w.service.impl.CategoryServiceImpl     : Fetching all categories
2026-06-17T14:58:17.924+05:30  INFO 29136 --- [appverse-ai] [http-nio-8080-exec-9] com.wipro.service.impl.AppServiceImpl    : Fetching all apps
2026-06-17T14:58:17.934+05:30  INFO 29136 --- [appverse-ai] [http-nio-8080-exec-10] c.w.service.impl.CategoryServiceImpl     : Fetching all categories
2026-06-17T14:58:17.940+05:30  INFO 29136 --- [appverse-ai] [http-nio-8080-exec-7] com.wipro.service.impl.AppServiceImpl    : Fetching all apps
2026-06-17T15:05:39.515+05:30  INFO 29136 --- [appverse-ai] [http-nio-8080-exec-6] c.w.service.impl.CategoryServiceImpl     : Fetching all categories
2026-06-17T15:05:39.515+05:30  INFO 29136 --- [appverse-ai] [http-nio-8080-exec-7] com.wipro.service.impl.AppServiceImpl    : Fetching all apps
2026-06-17T15:05:39.528+05:30  INFO 29136 --- [appverse-ai] [http-nio-8080-exec-3] c.w.service.impl.CategoryServiceImpl     : Fetching all categories
2026-06-17T15:05:39.533+05:30  INFO 29136 --- [appverse-ai] [http-nio-8080-exec-5] com.wipro.service.impl.AppServiceImpl    : Fetching all apps
2026-06-17T15:05:39.536+05:30  INFO 29136 --- [appverse-ai] [http-nio-8080-exec-2] c.w.s.impl.DeveloperProfileServiceImpl   : Fetching developer profile for user id: 1
2026-06-17T15:05:39.556+05:30  INFO 29136 --- [appverse-ai] [http-nio-8080-exec-8] c.w.s.impl.DeveloperProfileServiceImpl   : Fetching developer profile for user id: 1
2026-06-17T15:14:20.411+05:30  INFO 29136 --- [appverse-ai] [http-nio-8080-exec-7] c.w.service.impl.CategoryServiceImpl     : Fetching all categories
2026-06-17T15:14:20.411+05:30  INFO 29136 --- [appverse-ai] [http-nio-8080-exec-6] com.wipro.service.impl.AppServiceImpl    : Fetching all apps
2026-06-17T15:14:20.425+05:30  INFO 29136 --- [appverse-ai] [http-nio-8080-exec-3] c.w.service.impl.CategoryServiceImpl     : Fetching all categories
2026-06-17T15:14:20.431+05:30  INFO 29136 --- [appverse-ai] [http-nio-8080-exec-2] com.wipro.service.impl.AppServiceImpl    : Fetching all apps
2026-06-17T15:14:40.721+05:30  INFO 29136 --- [appverse-ai] [http-nio-8080-exec-8] com.wipro.service.impl.AppServiceImpl    : Fetching apps by category id: 1
2026-06-17T15:14:42.158+05:30  INFO 29136 --- [appverse-ai] [http-nio-8080-exec-4] com.wipro.service.impl.AppServiceImpl    : Fetching apps by category id: 2
2026-06-17T15:14:42.999+05:30  INFO 29136 --- [appverse-ai] [http-nio-8080-exec-10] com.wipro.service.impl.AppServiceImpl    : Fetching apps by category id: 3
2026-06-17T15:14:45.896+05:30  INFO 29136 --- [appverse-ai] [http-nio-8080-exec-7] com.wipro.service.impl.AppServiceImpl    : Fetching apps by category id: 2
2026-06-17T15:14:50.349+05:30  INFO 29136 --- [appverse-ai] [http-nio-8080-exec-6] com.wipro.service.impl.AppServiceImpl    : Fetching apps by category id: 3
2026-06-17T15:14:51.653+05:30  INFO 29136 --- [appverse-ai] [http-nio-8080-exec-2] com.wipro.service.impl.AppServiceImpl    : Fetching apps by category id: 4
2026-06-17T15:14:52.576+05:30  INFO 29136 --- [appverse-ai] [http-nio-8080-exec-8] com.wipro.service.impl.AppServiceImpl    : Fetching apps by category id: 5
2026-06-17T15:14:54.399+05:30  INFO 29136 --- [appverse-ai] [http-nio-8080-exec-4] com.wipro.service.impl.AppServiceImpl    : Fetching apps by category id: 9
2026-06-17T15:14:55.498+05:30  INFO 29136 --- [appverse-ai] [http-nio-8080-exec-10] com.wipro.service.impl.AppServiceImpl    : Fetching apps by category id: 10
2026-06-17T15:14:56.674+05:30  INFO 29136 --- [appverse-ai] [http-nio-8080-exec-7] com.wipro.service.impl.AppServiceImpl    : Fetching apps by category id: 9
2026-06-17T15:14:57.688+05:30  INFO 29136 --- [appverse-ai] [http-nio-8080-exec-6] com.wipro.service.impl.AppServiceImpl    : Fetching apps by category id: 5
2026-06-17T15:15:01.696+05:30  INFO 29136 --- [appverse-ai] [http-nio-8080-exec-3] com.wipro.service.impl.AppServiceImpl    : Fetching all apps
2026-06-17T15:15:01.696+05:30  INFO 29136 --- [appverse-ai] [http-nio-8080-exec-2] c.w.service.impl.CategoryServiceImpl     : Fetching all categories
2026-06-17T15:15:03.510+05:30  INFO 29136 --- [appverse-ai] [http-nio-8080-exec-8] c.w.service.impl.CategoryServiceImpl     : Fetching all categories
2026-06-17T15:15:03.510+05:30  INFO 29136 --- [appverse-ai] [http-nio-8080-exec-5] com.wipro.service.impl.AppServiceImpl    : Fetching all apps
2026-06-17T15:15:03.522+05:30  INFO 29136 --- [appverse-ai] [http-nio-8080-exec-1] c.w.service.impl.CategoryServiceImpl     : Fetching all categories
2026-06-17T15:15:03.530+05:30  INFO 29136 --- [appverse-ai] [http-nio-8080-exec-4] com.wipro.service.impl.AppServiceImpl    : Fetching all apps
2026-06-17T15:15:07.831+05:30  INFO 29136 --- [appverse-ai] [http-nio-8080-exec-6] com.wipro.service.impl.AppServiceImpl    : Fetching all apps
2026-06-17T15:15:07.831+05:30  INFO 29136 --- [appverse-ai] [http-nio-8080-exec-10] c.w.service.impl.DownloadServiceImpl     : Fetching downloads for user id: 1
2026-06-17T15:15:07.831+05:30  INFO 29136 --- [appverse-ai] [http-nio-8080-exec-7] c.w.s.impl.RecommendationServiceImpl     : Fetching recommendations for user id: 1
2026-06-17T15:15:07.837+05:30  INFO 29136 --- [appverse-ai] [http-nio-8080-exec-3] c.wipro.service.impl.ReviewServiceImpl   : Fetching all reviews
2026-06-17T15:15:07.843+05:30  INFO 29136 --- [appverse-ai] [http-nio-8080-exec-5] c.w.s.impl.RecommendationServiceImpl     : Fetching recommendations for user id: 1
2026-06-17T15:15:07.843+05:30  INFO 29136 --- [appverse-ai] [http-nio-8080-exec-8] c.w.service.impl.DownloadServiceImpl     : Fetching downloads for user id: 1
2026-06-17T15:15:07.850+05:30  INFO 29136 --- [appverse-ai] [http-nio-8080-exec-1] com.wipro.service.impl.AppServiceImpl    : Fetching all apps
2026-06-17T15:15:07.865+05:30  INFO 29136 --- [appverse-ai] [http-nio-8080-exec-4] c.wipro.service.impl.ReviewServiceImpl   : Fetching all reviews
2026-06-17T15:15:09.123+05:30  INFO 29136 --- [appverse-ai] [http-nio-8080-exec-2] c.w.service.impl.CategoryServiceImpl     : Fetching all categories
2026-06-17T15:15:09.123+05:30  INFO 29136 --- [appverse-ai] [http-nio-8080-exec-9] com.wipro.service.impl.AppServiceImpl    : Fetching all apps
2026-06-17T15:15:09.134+05:30  INFO 29136 --- [appverse-ai] [http-nio-8080-exec-7] c.w.service.impl.CategoryServiceImpl     : Fetching all categories
2026-06-17T15:15:09.136+05:30  INFO 29136 --- [appverse-ai] [http-nio-8080-exec-10] com.wipro.service.impl.AppServiceImpl    : Fetching all apps
2026-06-17T15:15:10.577+05:30  INFO 29136 --- [appverse-ai] [http-nio-8080-exec-6] com.wipro.service.impl.AppServiceImpl    : Fetching all apps
2026-06-17T15:15:10.577+05:30  INFO 29136 --- [appverse-ai] [http-nio-8080-exec-8] c.w.service.impl.CategoryServiceImpl     : Fetching all categories
2026-06-17T15:15:10.588+05:30  INFO 29136 --- [appverse-ai] [http-nio-8080-exec-5] c.w.service.impl.CategoryServiceImpl     : Fetching all categories
2026-06-17T15:15:10.592+05:30  INFO 29136 --- [appverse-ai] [http-nio-8080-exec-1] com.wipro.service.impl.AppServiceImpl    : Fetching all apps
2026-06-17T15:15:11.742+05:30  INFO 29136 --- [appverse-ai] [http-nio-8080-exec-4] c.w.service.impl.CategoryServiceImpl     : Fetching all categories
2026-06-17T15:15:11.742+05:30  INFO 29136 --- [appverse-ai] [http-nio-8080-exec-3] com.wipro.service.impl.AppServiceImpl    : Fetching all apps
2026-06-17T15:15:11.754+05:30  INFO 29136 --- [appverse-ai] [http-nio-8080-exec-2] c.w.service.impl.CategoryServiceImpl     : Fetching all categories
2026-06-17T15:15:11.760+05:30  INFO 29136 --- [appverse-ai] [http-nio-8080-exec-9] com.wipro.service.impl.AppServiceImpl    : Fetching all apps
2026-06-17T15:15:15.050+05:30  INFO 29136 --- [appverse-ai] [http-nio-8080-exec-8] com.wipro.service.impl.AppServiceImpl    : Fetching all apps
2026-06-17T15:15:15.050+05:30  INFO 29136 --- [appverse-ai] [http-nio-8080-exec-6] c.wipro.service.impl.ReviewServiceImpl   : Fetching all reviews
2026-06-17T15:15:15.050+05:30  INFO 29136 --- [appverse-ai] [http-nio-8080-exec-10] c.w.s.impl.RecommendationServiceImpl     : Fetching recommendations for user id: 1
2026-06-17T15:15:15.050+05:30  INFO 29136 --- [appverse-ai] [http-nio-8080-exec-7] c.w.service.impl.DownloadServiceImpl     : Fetching downloads for user id: 1
2026-06-17T15:15:15.061+05:30  INFO 29136 --- [appverse-ai] [http-nio-8080-exec-1] c.w.service.impl.DownloadServiceImpl     : Fetching downloads for user id: 1
2026-06-17T15:15:15.061+05:30  INFO 29136 --- [appverse-ai] [http-nio-8080-exec-5] c.w.s.impl.RecommendationServiceImpl     : Fetching recommendations for user id: 1
2026-06-17T15:15:15.067+05:30  INFO 29136 --- [appverse-ai] [http-nio-8080-exec-3] c.wipro.service.impl.ReviewServiceImpl   : Fetching all reviews
2026-06-17T15:15:15.067+05:30  INFO 29136 --- [appverse-ai] [http-nio-8080-exec-4] com.wipro.service.impl.AppServiceImpl    : Fetching all apps
2026-06-17T15:15:24.485+05:30  INFO 29136 --- [appverse-ai] [http-nio-8080-exec-10] com.wipro.service.impl.AppServiceImpl    : Fetching all apps
2026-06-17T15:15:24.487+05:30  INFO 29136 --- [appverse-ai] [http-nio-8080-exec-7] c.w.service.impl.DownloadServiceImpl     : Fetching all downloads
2026-06-17T15:15:24.503+05:30  INFO 29136 --- [appverse-ai] [http-nio-8080-exec-8] com.wipro.service.impl.AppServiceImpl    : Fetching all apps
2026-06-17T15:15:24.508+05:30  INFO 29136 --- [appverse-ai] [http-nio-8080-exec-6] c.w.service.impl.DownloadServiceImpl     : Fetching all downloads
2026-06-17T15:15:25.696+05:30  INFO 29136 --- [appverse-ai] [http-nio-8080-exec-3] c.wipro.service.impl.ReviewServiceImpl   : Fetching all reviews
2026-06-17T15:15:25.696+05:30  INFO 29136 --- [appverse-ai] [http-nio-8080-exec-1] c.w.s.impl.RecommendationServiceImpl     : Fetching recommendations for user id: 1
2026-06-17T15:15:25.696+05:30  INFO 29136 --- [appverse-ai] [http-nio-8080-exec-4] com.wipro.service.impl.AppServiceImpl    : Fetching all apps
2026-06-17T15:15:25.696+05:30  INFO 29136 --- [appverse-ai] [http-nio-8080-exec-5] c.w.service.impl.DownloadServiceImpl     : Fetching downloads for user id: 1
2026-06-17T15:15:25.707+05:30  INFO 29136 --- [appverse-ai] [http-nio-8080-exec-2] c.w.service.impl.DownloadServiceImpl     : Fetching downloads for user id: 1
2026-06-17T15:15:25.707+05:30  INFO 29136 --- [appverse-ai] [http-nio-8080-exec-9] c.w.s.impl.RecommendationServiceImpl     : Fetching recommendations for user id: 1
2026-06-17T15:15:25.712+05:30  INFO 29136 --- [appverse-ai] [http-nio-8080-exec-10] com.wipro.service.impl.AppServiceImpl    : Fetching all apps
2026-06-17T15:15:25.712+05:30  INFO 29136 --- [appverse-ai] [http-nio-8080-exec-7] c.wipro.service.impl.ReviewServiceImpl   : Fetching all reviews
2026-06-17T15:15:26.807+05:30  INFO 29136 --- [appverse-ai] [http-nio-8080-exec-6] c.w.service.impl.CategoryServiceImpl     : Fetching all categories
2026-06-17T15:15:26.807+05:30  INFO 29136 --- [appverse-ai] [http-nio-8080-exec-8] com.wipro.service.impl.AppServiceImpl    : Fetching all apps
2026-06-17T15:15:26.818+05:30  INFO 29136 --- [appverse-ai] [http-nio-8080-exec-1] c.w.service.impl.CategoryServiceImpl     : Fetching all categories
2026-06-17T15:15:26.822+05:30  INFO 29136 --- [appverse-ai] [http-nio-8080-exec-5] com.wipro.service.impl.AppServiceImpl    : Fetching all apps
2026-06-17T15:16:16.624+05:30  INFO 29136 --- [appverse-ai] [http-nio-8080-exec-4] c.w.service.impl.DownloadServiceImpl     : Fetching all downloads
2026-06-17T15:16:16.624+05:30  INFO 29136 --- [appverse-ai] [http-nio-8080-exec-3] com.wipro.service.impl.AppServiceImpl    : Fetching all apps
2026-06-17T15:16:16.643+05:30  INFO 29136 --- [appverse-ai] [http-nio-8080-exec-9] com.wipro.service.impl.AppServiceImpl    : Fetching all apps
2026-06-17T15:16:16.645+05:30  INFO 29136 --- [appverse-ai] [http-nio-8080-exec-2] c.w.service.impl.DownloadServiceImpl     : Fetching all downloads
2026-06-17T15:17:50.846+05:30  INFO 29136 --- [appverse-ai] [http-nio-8080-exec-5] com.wipro.service.impl.AppServiceImpl    : Fetching all apps
2026-06-17T15:17:50.846+05:30  INFO 29136 --- [appverse-ai] [http-nio-8080-exec-3] c.w.service.impl.CategoryServiceImpl     : Fetching all categories
2026-06-17T15:17:50.863+05:30  INFO 29136 --- [appverse-ai] [http-nio-8080-exec-4] c.w.service.impl.CategoryServiceImpl     : Fetching all categories
2026-06-17T15:17:50.868+05:30  INFO 29136 --- [appverse-ai] [http-nio-8080-exec-9] com.wipro.service.impl.AppServiceImpl    : Fetching all apps
2026-06-17T15:17:50.872+05:30  INFO 29136 --- [appverse-ai] [http-nio-8080-exec-2] c.w.s.impl.DeveloperProfileServiceImpl   : Fetching developer profile for user id: 1
2026-06-17T15:17:50.889+05:30  INFO 29136 --- [appverse-ai] [http-nio-8080-exec-7] c.w.s.impl.DeveloperProfileServiceImpl   : Fetching developer profile for user id: 1
2026-06-17T15:18:00.622+05:30  INFO 29136 --- [appverse-ai] [http-nio-8080-exec-1] c.w.service.impl.DownloadServiceImpl     : Fetching all downloads
2026-06-17T15:18:00.622+05:30  INFO 29136 --- [appverse-ai] [http-nio-8080-exec-10] com.wipro.service.impl.AppServiceImpl    : Fetching all apps
2026-06-17T15:18:00.639+05:30  INFO 29136 --- [appverse-ai] [http-nio-8080-exec-8] com.wipro.service.impl.AppServiceImpl    : Fetching all apps
2026-06-17T15:18:00.642+05:30  INFO 29136 --- [appverse-ai] [http-nio-8080-exec-6] c.w.service.impl.DownloadServiceImpl     : Fetching all downloads
2026-06-17T15:18:57.346+05:30  INFO 29136 --- [appverse-ai] [http-nio-8080-exec-2] c.wipro.service.impl.ReviewServiceImpl   : Fetching all reviews
2026-06-17T15:18:57.346+05:30  INFO 29136 --- [appverse-ai] [http-nio-8080-exec-4] com.wipro.service.impl.AppServiceImpl    : Fetching all apps
2026-06-17T15:18:57.347+05:30  INFO 29136 --- [appverse-ai] [http-nio-8080-exec-3] c.w.service.impl.DownloadServiceImpl     : Fetching downloads for user id: 1
2026-06-17T15:18:57.347+05:30  INFO 29136 --- [appverse-ai] [http-nio-8080-exec-5] c.w.s.impl.RecommendationServiceImpl     : Fetching recommendations for user id: 1
2026-06-17T15:18:57.360+05:30  INFO 29136 --- [appverse-ai] [http-nio-8080-exec-7] c.w.s.impl.RecommendationServiceImpl     : Fetching recommendations for user id: 1
2026-06-17T15:18:57.360+05:30  INFO 29136 --- [appverse-ai] [http-nio-8080-exec-9] c.w.service.impl.DownloadServiceImpl     : Fetching downloads for user id: 1
2026-06-17T15:18:57.368+05:30  INFO 29136 --- [appverse-ai] [http-nio-8080-exec-1] c.wipro.service.impl.ReviewServiceImpl   : Fetching all reviews
2026-06-17T15:18:57.368+05:30  INFO 29136 --- [appverse-ai] [http-nio-8080-exec-10] com.wipro.service.impl.AppServiceImpl    : Fetching all apps
2026-06-17T15:18:59.022+05:30  INFO 29136 --- [appverse-ai] [http-nio-8080-exec-6] com.wipro.service.impl.AppServiceImpl    : Fetching all apps
2026-06-17T15:18:59.022+05:30  INFO 29136 --- [appverse-ai] [http-nio-8080-exec-8] c.w.service.impl.DownloadServiceImpl     : Fetching all downloads
2026-06-17T15:18:59.037+05:30  INFO 29136 --- [appverse-ai] [http-nio-8080-exec-3] com.wipro.service.impl.AppServiceImpl    : Fetching all apps
2026-06-17T15:18:59.040+05:30  INFO 29136 --- [appverse-ai] [http-nio-8080-exec-5] c.w.service.impl.DownloadServiceImpl     : Fetching all downloads
2026-06-17T15:19:00.385+05:30  INFO 29136 --- [appverse-ai] [http-nio-8080-exec-4] c.w.service.impl.DownloadServiceImpl     : Fetching downloads for user id: 1
2026-06-17T15:19:00.394+05:30  INFO 29136 --- [appverse-ai] [http-nio-8080-exec-2] c.w.service.impl.DownloadServiceImpl     : Fetching downloads for user id: 1
2026-06-17T15:19:03.084+05:30  INFO 29136 --- [appverse-ai] [http-nio-8080-exec-7] c.w.service.impl.CategoryServiceImpl     : Fetching all categories
2026-06-17T15:19:03.084+05:30  INFO 29136 --- [appverse-ai] [http-nio-8080-exec-9] com.wipro.service.impl.AppServiceImpl    : Fetching all apps
2026-06-17T15:19:03.095+05:30  INFO 29136 --- [appverse-ai] [http-nio-8080-exec-10] c.w.service.impl.CategoryServiceImpl     : Fetching all categories
2026-06-17T15:19:03.099+05:30  INFO 29136 --- [appverse-ai] [http-nio-8080-exec-1] com.wipro.service.impl.AppServiceImpl    : Fetching all apps
2026-06-17T15:44:10.079+05:30  INFO 29136 --- [appverse-ai] [http-nio-8080-exec-9] c.w.service.impl.DownloadServiceImpl     : Fetching all downloads
2026-06-17T15:44:10.079+05:30  INFO 29136 --- [appverse-ai] [http-nio-8080-exec-1] com.wipro.service.impl.AppServiceImpl    : Fetching all apps
2026-06-17T15:44:10.114+05:30  INFO 29136 --- [appverse-ai] [http-nio-8080-exec-8] com.wipro.service.impl.AppServiceImpl    : Fetching all apps
2026-06-17T15:44:10.118+05:30  INFO 29136 --- [appverse-ai] [http-nio-8080-exec-6] c.w.service.impl.DownloadServiceImpl     : Fetching all downloads
2026-06-17T16:48:58.572+05:30  INFO 22180 --- [appverse-ai] [main] com.wipro.AppverseAiApplication          : Starting AppverseAiApplication using Java 21.0.3 with PID 22180 (C:\Users\HA20695868\Documents\workspace-spring-tool-suite-4-4.23.1.RELEASE\appverse-ai\target\classes started by HA20695868 in C:\Users\HA20695868\Documents\workspace-spring-tool-suite-4-4.23.1.RELEASE\appverse-ai)
2026-06-17T16:48:58.576+05:30 DEBUG 22180 --- [appverse-ai] [main] com.wipro.AppverseAiApplication          : Running with Spring Boot v3.2.0, Spring v6.1.1
2026-06-17T16:48:58.577+05:30  INFO 22180 --- [appverse-ai] [main] com.wipro.AppverseAiApplication          : No active profile set, falling back to 1 default profile: "default"
2026-06-17T16:49:00.637+05:30  INFO 22180 --- [appverse-ai] [main] .s.d.r.c.RepositoryConfigurationDelegate : Bootstrapping Spring Data JPA repositories in DEFAULT mode.
2026-06-17T16:49:00.889+05:30  INFO 22180 --- [appverse-ai] [main] .s.d.r.c.RepositoryConfigurationDelegate : Finished Spring Data repository scanning in 230 ms. Found 8 JPA repository interfaces.
2026-06-17T16:49:02.044+05:30  INFO 22180 --- [appverse-ai] [main] o.s.b.w.embedded.tomcat.TomcatWebServer  : Tomcat initialized with port 8080 (http)
2026-06-17T16:49:02.064+05:30  INFO 22180 --- [appverse-ai] [main] o.apache.catalina.core.StandardService   : Starting service [Tomcat]
2026-06-17T16:49:02.065+05:30  INFO 22180 --- [appverse-ai] [main] o.apache.catalina.core.StandardEngine    : Starting Servlet engine: [Apache Tomcat/10.1.16]
2026-06-17T16:49:02.178+05:30  INFO 22180 --- [appverse-ai] [main] o.a.c.c.C.[Tomcat].[localhost].[/]       : Initializing Spring embedded WebApplicationContext
2026-06-17T16:49:02.179+05:30  INFO 22180 --- [appverse-ai] [main] w.s.c.ServletWebServerApplicationContext : Root WebApplicationContext: initialization completed in 3480 ms
2026-06-17T16:49:02.438+05:30  INFO 22180 --- [appverse-ai] [main] o.hibernate.jpa.internal.util.LogHelper  : HHH000204: Processing PersistenceUnitInfo [name: default]
2026-06-17T16:49:02.624+05:30  INFO 22180 --- [appverse-ai] [main] org.hibernate.Version                    : HHH000412: Hibernate ORM core version 6.3.1.Final
2026-06-17T16:49:02.725+05:30  INFO 22180 --- [appverse-ai] [main] o.h.c.internal.RegionFactoryInitiator    : HHH000026: Second-level cache disabled
2026-06-17T16:49:03.399+05:30  INFO 22180 --- [appverse-ai] [main] o.s.o.j.p.SpringPersistenceUnitInfo      : No LoadTimeWeaver setup: ignoring JPA class transformer
2026-06-17T16:49:03.465+05:30  INFO 22180 --- [appverse-ai] [main] com.zaxxer.hikari.HikariDataSource       : HikariPool-1 - Starting...
2026-06-17T16:49:04.015+05:30  INFO 22180 --- [appverse-ai] [main] com.zaxxer.hikari.pool.HikariPool        : HikariPool-1 - Added connection com.mysql.cj.jdbc.ConnectionImpl@5cf2f5d6
2026-06-17T16:49:04.021+05:30  INFO 22180 --- [appverse-ai] [main] com.zaxxer.hikari.HikariDataSource       : HikariPool-1 - Start completed.
2026-06-17T16:49:04.152+05:30  WARN 22180 --- [appverse-ai] [main] org.hibernate.orm.deprecation            : HHH90000025: MySQL8Dialect does not need to be specified explicitly using 'hibernate.dialect' (remove the property setting and it will be selected by default)
2026-06-17T16:49:04.155+05:30  WARN 22180 --- [appverse-ai] [main] org.hibernate.orm.deprecation            : HHH90000026: MySQL8Dialect has been deprecated; use org.hibernate.dialect.MySQLDialect instead
2026-06-17T16:49:06.677+05:30  INFO 22180 --- [appverse-ai] [main] o.h.e.t.j.p.i.JtaPlatformInitiator       : HHH000489: No JTA platform available (set 'hibernate.transaction.jta.platform' to enable JTA platform integration)
2026-06-17T16:49:06.898+05:30  INFO 22180 --- [appverse-ai] [main] j.LocalContainerEntityManagerFactoryBean : Initialized JPA EntityManagerFactory for persistence unit 'default'
2026-06-17T16:49:07.595+05:30 DEBUG 22180 --- [appverse-ai] [main] com.wipro.filter.JwtAuthFilter           : Filter 'jwtAuthFilter' configured for use
2026-06-17T16:49:07.944+05:30  WARN 22180 --- [appverse-ai] [main] JpaBaseConfiguration$JpaWebConfiguration : spring.jpa.open-in-view is enabled by default. Therefore, database queries may be performed during view rendering. Explicitly configure spring.jpa.open-in-view to disable this warning
2026-06-17T16:49:08.524+05:30  INFO 22180 --- [appverse-ai] [main] o.s.s.web.DefaultSecurityFilterChain     : Will secure any request with [org.springframework.security.web.session.DisableEncodeUrlFilter@5b395ee, org.springframework.security.web.context.request.async.WebAsyncManagerIntegrationFilter@24facb47, org.springframework.security.web.context.SecurityContextHolderFilter@7d018c58, org.springframework.security.web.header.HeaderWriterFilter@240c626d, org.springframework.web.filter.CorsFilter@6020cd42, org.springframework.security.web.authentication.logout.LogoutFilter@304933cb, com.wipro.filter.JwtAuthFilter@4f2b1a2f, org.springframework.security.web.savedrequest.RequestCacheAwareFilter@2e4262d2, org.springframework.security.web.servletapi.SecurityContextHolderAwareRequestFilter@546ca9da, org.springframework.security.web.authentication.AnonymousAuthenticationFilter@2b68c59b, org.springframework.security.web.session.SessionManagementFilter@5889e697, org.springframework.security.web.access.ExceptionTranslationFilter@22bbbe6, org.springframework.security.web.access.intercept.AuthorizationFilter@4a9d6eb9]
2026-06-17T16:49:08.908+05:30  WARN 22180 --- [appverse-ai] [main] ConfigServletWebServerApplicationContext : Exception encountered during context initialization - cancelling refresh attempt: org.springframework.context.ApplicationContextException: Failed to start bean 'webServerStartStop'
2026-06-17T16:49:08.911+05:30  INFO 22180 --- [appverse-ai] [main] j.LocalContainerEntityManagerFactoryBean : Closing JPA EntityManagerFactory for persistence unit 'default'
2026-06-17T16:49:08.914+05:30  INFO 22180 --- [appverse-ai] [main] com.zaxxer.hikari.HikariDataSource       : HikariPool-1 - Shutdown initiated...
2026-06-17T16:49:08.928+05:30  INFO 22180 --- [appverse-ai] [main] com.zaxxer.hikari.HikariDataSource       : HikariPool-1 - Shutdown completed.
2026-06-17T16:49:08.945+05:30  INFO 22180 --- [appverse-ai] [main] .s.b.a.l.ConditionEvaluationReportLogger : 

Error starting ApplicationContext. To display the condition evaluation report re-run your application with 'debug' enabled.
2026-06-17T16:49:08.990+05:30 ERROR 22180 --- [appverse-ai] [main] o.s.b.d.LoggingFailureAnalysisReporter   : 

***************************
APPLICATION FAILED TO START
***************************

Description:

Web server failed to start. Port 8080 was already in use.

Action:

Identify and stop the process that's listening on port 8080 or configure this application to listen on another port.

2026-06-17T16:49:16.825+05:30  INFO 29136 --- [appverse-ai] [RMI TCP Connection(387)-127.0.0.1] inMXBeanRegistrar$SpringApplicationAdmin : Application shutdown requested.
2026-06-17T16:49:16.987+05:30  INFO 29136 --- [appverse-ai] [RMI TCP Connection(387)-127.0.0.1] j.LocalContainerEntityManagerFactoryBean : Closing JPA EntityManagerFactory for persistence unit 'default'
2026-06-17T16:49:17.020+05:30  INFO 29136 --- [appverse-ai] [RMI TCP Connection(387)-127.0.0.1] com.zaxxer.hikari.HikariDataSource       : HikariPool-1 - Shutdown initiated...
2026-06-17T16:49:17.030+05:30  INFO 29136 --- [appverse-ai] [RMI TCP Connection(387)-127.0.0.1] com.zaxxer.hikari.HikariDataSource       : HikariPool-1 - Shutdown completed.
2026-06-17T16:49:29.502+05:30  INFO 17240 --- [appverse-ai] [main] com.wipro.AppverseAiApplication          : Starting AppverseAiApplication using Java 21.0.3 with PID 17240 (C:\Users\HA20695868\Documents\workspace-spring-tool-suite-4-4.23.1.RELEASE\appverse-ai\target\classes started by HA20695868 in C:\Users\HA20695868\Documents\workspace-spring-tool-suite-4-4.23.1.RELEASE\appverse-ai)
2026-06-17T16:49:29.506+05:30 DEBUG 17240 --- [appverse-ai] [main] com.wipro.AppverseAiApplication          : Running with Spring Boot v3.2.0, Spring v6.1.1
2026-06-17T16:49:29.507+05:30  INFO 17240 --- [appverse-ai] [main] com.wipro.AppverseAiApplication          : No active profile set, falling back to 1 default profile: "default"
2026-06-17T16:49:31.506+05:30  INFO 17240 --- [appverse-ai] [main] .s.d.r.c.RepositoryConfigurationDelegate : Bootstrapping Spring Data JPA repositories in DEFAULT mode.
2026-06-17T16:49:31.757+05:30  INFO 17240 --- [appverse-ai] [main] .s.d.r.c.RepositoryConfigurationDelegate : Finished Spring Data repository scanning in 219 ms. Found 8 JPA repository interfaces.
2026-06-17T16:49:32.874+05:30  INFO 17240 --- [appverse-ai] [main] o.s.b.w.embedded.tomcat.TomcatWebServer  : Tomcat initialized with port 8080 (http)
2026-06-17T16:49:32.892+05:30  INFO 17240 --- [appverse-ai] [main] o.apache.catalina.core.StandardService   : Starting service [Tomcat]
2026-06-17T16:49:32.893+05:30  INFO 17240 --- [appverse-ai] [main] o.apache.catalina.core.StandardEngine    : Starting Servlet engine: [Apache Tomcat/10.1.16]
2026-06-17T16:49:32.994+05:30  INFO 17240 --- [appverse-ai] [main] o.a.c.c.C.[Tomcat].[localhost].[/]       : Initializing Spring embedded WebApplicationContext
2026-06-17T16:49:32.994+05:30  INFO 17240 --- [appverse-ai] [main] w.s.c.ServletWebServerApplicationContext : Root WebApplicationContext: initialization completed in 3362 ms
2026-06-17T16:49:33.251+05:30  INFO 17240 --- [appverse-ai] [main] o.hibernate.jpa.internal.util.LogHelper  : HHH000204: Processing PersistenceUnitInfo [name: default]
2026-06-17T16:49:33.404+05:30  INFO 17240 --- [appverse-ai] [main] org.hibernate.Version                    : HHH000412: Hibernate ORM core version 6.3.1.Final
2026-06-17T16:49:33.486+05:30  INFO 17240 --- [appverse-ai] [main] o.h.c.internal.RegionFactoryInitiator    : HHH000026: Second-level cache disabled
2026-06-17T16:49:34.075+05:30  INFO 17240 --- [appverse-ai] [main] o.s.o.j.p.SpringPersistenceUnitInfo      : No LoadTimeWeaver setup: ignoring JPA class transformer
2026-06-17T16:49:34.135+05:30  INFO 17240 --- [appverse-ai] [main] com.zaxxer.hikari.HikariDataSource       : HikariPool-1 - Starting...
2026-06-17T16:49:34.673+05:30  INFO 17240 --- [appverse-ai] [main] com.zaxxer.hikari.pool.HikariPool        : HikariPool-1 - Added connection com.mysql.cj.jdbc.ConnectionImpl@3fd5d679
2026-06-17T16:49:34.677+05:30  INFO 17240 --- [appverse-ai] [main] com.zaxxer.hikari.HikariDataSource       : HikariPool-1 - Start completed.
2026-06-17T16:49:34.783+05:30  WARN 17240 --- [appverse-ai] [main] org.hibernate.orm.deprecation            : HHH90000025: MySQL8Dialect does not need to be specified explicitly using 'hibernate.dialect' (remove the property setting and it will be selected by default)
2026-06-17T16:49:34.789+05:30  WARN 17240 --- [appverse-ai] [main] org.hibernate.orm.deprecation            : HHH90000026: MySQL8Dialect has been deprecated; use org.hibernate.dialect.MySQLDialect instead
2026-06-17T16:49:37.164+05:30  INFO 17240 --- [appverse-ai] [main] o.h.e.t.j.p.i.JtaPlatformInitiator       : HHH000489: No JTA platform available (set 'hibernate.transaction.jta.platform' to enable JTA platform integration)
2026-06-17T16:49:37.335+05:30  INFO 17240 --- [appverse-ai] [main] j.LocalContainerEntityManagerFactoryBean : Initialized JPA EntityManagerFactory for persistence unit 'default'
2026-06-17T16:49:37.848+05:30 DEBUG 17240 --- [appverse-ai] [main] com.wipro.filter.JwtAuthFilter           : Filter 'jwtAuthFilter' configured for use
2026-06-17T16:49:38.150+05:30  WARN 17240 --- [appverse-ai] [main] JpaBaseConfiguration$JpaWebConfiguration : spring.jpa.open-in-view is enabled by default. Therefore, database queries may be performed during view rendering. Explicitly configure spring.jpa.open-in-view to disable this warning
2026-06-17T16:49:38.715+05:30  INFO 17240 --- [appverse-ai] [main] o.s.s.web.DefaultSecurityFilterChain     : Will secure any request with [org.springframework.security.web.session.DisableEncodeUrlFilter@33319df0, org.springframework.security.web.context.request.async.WebAsyncManagerIntegrationFilter@73b71935, org.springframework.security.web.context.SecurityContextHolderFilter@4f5ad6b7, org.springframework.security.web.header.HeaderWriterFilter@7d018c58, org.springframework.web.filter.CorsFilter@7d453075, org.springframework.security.web.authentication.logout.LogoutFilter@2b68c59b, com.wipro.filter.JwtAuthFilter@679886ad, org.springframework.security.web.savedrequest.RequestCacheAwareFilter@443d94ae, org.springframework.security.web.servletapi.SecurityContextHolderAwareRequestFilter@322399e6, org.springframework.security.web.authentication.AnonymousAuthenticationFilter@16df0ebd, org.springframework.security.web.session.SessionManagementFilter@5e38329d, org.springframework.security.web.access.ExceptionTranslationFilter@2c3d1214, org.springframework.security.web.access.intercept.AuthorizationFilter@6fa5fc67]
2026-06-17T16:49:39.195+05:30  INFO 17240 --- [appverse-ai] [main] o.s.b.w.embedded.tomcat.TomcatWebServer  : Tomcat started on port 8080 (http) with context path ''
2026-06-17T16:49:39.202+05:30  INFO 17240 --- [appverse-ai] [main] com.wipro.AppverseAiApplication          : Started AppverseAiApplication in 10.721 seconds (process running for 12.256)
2026-06-17T16:51:21.599+05:30  INFO 17240 --- [appverse-ai] [http-nio-8080-exec-3] o.a.c.c.C.[Tomcat].[localhost].[/]       : Initializing Spring DispatcherServlet 'dispatcherServlet'
2026-06-17T16:51:21.599+05:30  INFO 17240 --- [appverse-ai] [http-nio-8080-exec-3] o.s.web.servlet.DispatcherServlet        : Initializing Servlet 'dispatcherServlet'
2026-06-17T16:51:21.599+05:30  INFO 17240 --- [appverse-ai] [http-nio-8080-exec-3] o.s.web.servlet.DispatcherServlet        : Completed initialization in 0 ms
2026-06-17T16:51:21.627+05:30  WARN 17240 --- [appverse-ai] [http-nio-8080-exec-1] o.s.w.s.h.HandlerMappingIntrospector     : Cache miss for REQUEST dispatch to '/api/downloads/analytics' (previous null). Performing CorsConfiguration lookup. This is logged once only at WARN level, and every time at TRACE.
2026-06-17T16:51:22.220+05:30  WARN 17240 --- [appverse-ai] [http-nio-8080-exec-6] o.s.w.s.h.HandlerMappingIntrospector     : Cache miss for REQUEST dispatch to '/api/downloads/analytics' (previous null). Performing MatchableHandlerMapping lookup. This is logged once only at WARN level, and every time at TRACE.
2026-06-17T16:51:22.254+05:30  INFO 17240 --- [appverse-ai] [http-nio-8080-exec-5] com.wipro.service.impl.AppServiceImpl    : Fetching all apps
2026-06-17T16:51:22.254+05:30  INFO 17240 --- [appverse-ai] [http-nio-8080-exec-6] c.w.service.impl.DownloadServiceImpl     : Fetching all downloads
2026-06-17T16:51:22.410+05:30  INFO 17240 --- [appverse-ai] [http-nio-8080-exec-6] c.w.service.impl.DownloadServiceImpl     : Fetching all downloads
2026-06-17T16:51:22.487+05:30  INFO 17240 --- [appverse-ai] [http-nio-8080-exec-3] com.wipro.service.impl.AppServiceImpl    : Fetching all apps
2026-06-17T16:51:32.299+05:30  INFO 17240 --- [appverse-ai] [http-nio-8080-exec-2] com.wipro.service.impl.AppServiceImpl    : Fetching all apps
2026-06-17T16:51:32.307+05:30  INFO 17240 --- [appverse-ai] [http-nio-8080-exec-6] com.wipro.service.impl.AppServiceImpl    : Fetching all apps
2026-06-17T16:51:32.307+05:30  INFO 17240 --- [appverse-ai] [http-nio-8080-exec-10] c.w.service.impl.CategoryServiceImpl     : Fetching all categories
2026-06-17T16:51:32.327+05:30  INFO 17240 --- [appverse-ai] [http-nio-8080-exec-5] c.w.service.impl.CategoryServiceImpl     : Fetching all categories
2026-06-17T16:51:32.347+05:30  INFO 17240 --- [appverse-ai] [http-nio-8080-exec-4] com.wipro.service.impl.AppServiceImpl    : Fetching all apps
2026-06-17T16:51:32.350+05:30  INFO 17240 --- [appverse-ai] [http-nio-8080-exec-3] com.wipro.service.impl.AppServiceImpl    : Fetching all apps
2026-06-17T16:51:34.203+05:30  INFO 17240 --- [appverse-ai] [http-nio-8080-exec-1] com.wipro.service.impl.AppServiceImpl    : Fetching all apps
2026-06-17T16:51:34.203+05:30  INFO 17240 --- [appverse-ai] [http-nio-8080-exec-7] c.w.service.impl.CategoryServiceImpl     : Fetching all categories
2026-06-17T16:51:34.222+05:30  INFO 17240 --- [appverse-ai] [http-nio-8080-exec-8] c.w.service.impl.CategoryServiceImpl     : Fetching all categories
2026-06-17T16:51:34.234+05:30  INFO 17240 --- [appverse-ai] [http-nio-8080-exec-9] com.wipro.service.impl.AppServiceImpl    : Fetching all apps
2026-06-17T16:51:35.397+05:30  INFO 17240 --- [appverse-ai] [http-nio-8080-exec-3] com.wipro.service.impl.AppServiceImpl    : Fetching all apps
2026-06-17T16:51:35.399+05:30  INFO 17240 --- [appverse-ai] [http-nio-8080-exec-1] c.wipro.service.impl.ReviewServiceImpl   : Fetching all reviews
2026-06-17T16:51:35.417+05:30  INFO 17240 --- [appverse-ai] [http-nio-8080-exec-6] com.wipro.service.impl.AppServiceImpl    : Fetching all apps
2026-06-17T16:51:35.426+05:30  INFO 17240 --- [appverse-ai] [http-nio-8080-exec-8] c.w.service.impl.DownloadServiceImpl     : Fetching downloads for user id: 1
2026-06-17T16:51:35.426+05:30  INFO 17240 --- [appverse-ai] [http-nio-8080-exec-9] c.w.s.impl.RecommendationServiceImpl     : Fetching recommendations for user id: 1
2026-06-17T16:51:35.442+05:30  INFO 17240 --- [appverse-ai] [http-nio-8080-exec-5] c.wipro.service.impl.ReviewServiceImpl   : Fetching all reviews
2026-06-17T16:51:35.447+05:30  INFO 17240 --- [appverse-ai] [http-nio-8080-exec-4] c.w.s.impl.RecommendationServiceImpl     : Fetching recommendations for user id: 1
2026-06-17T16:51:35.447+05:30  INFO 17240 --- [appverse-ai] [http-nio-8080-exec-2] c.w.service.impl.DownloadServiceImpl     : Fetching downloads for user id: 1
2026-06-17T16:51:39.137+05:30  INFO 17240 --- [appverse-ai] [http-nio-8080-exec-10] c.w.service.impl.DownloadServiceImpl     : Fetching all downloads
2026-06-17T16:51:39.137+05:30  INFO 17240 --- [appverse-ai] [http-nio-8080-exec-7] com.wipro.service.impl.AppServiceImpl    : Fetching all apps
2026-06-17T16:51:39.193+05:30  INFO 17240 --- [appverse-ai] [http-nio-8080-exec-1] c.w.service.impl.DownloadServiceImpl     : Fetching all downloads
2026-06-17T16:51:39.193+05:30  INFO 17240 --- [appverse-ai] [http-nio-8080-exec-7] com.wipro.service.impl.AppServiceImpl    : Fetching all apps
2026-06-17T16:51:41.718+05:30  INFO 17240 --- [appverse-ai] [http-nio-8080-exec-8] c.w.service.impl.DownloadServiceImpl     : Fetching downloads for user id: 1
2026-06-17T16:51:41.727+05:30  INFO 17240 --- [appverse-ai] [http-nio-8080-exec-9] c.w.service.impl.DownloadServiceImpl     : Fetching downloads for user id: 1
2026-06-17T16:51:45.517+05:30  INFO 17240 --- [appverse-ai] [http-nio-8080-exec-4] c.w.service.impl.CategoryServiceImpl     : Fetching all categories
2026-06-17T16:51:45.517+05:30  INFO 17240 --- [appverse-ai] [http-nio-8080-exec-6] com.wipro.service.impl.AppServiceImpl    : Fetching all apps
2026-06-17T16:51:45.537+05:30  INFO 17240 --- [appverse-ai] [http-nio-8080-exec-2] c.w.service.impl.CategoryServiceImpl     : Fetching all categories
2026-06-17T16:51:45.550+05:30  INFO 17240 --- [appverse-ai] [http-nio-8080-exec-5] com.wipro.service.impl.AppServiceImpl    : Fetching all apps
2026-06-17T16:51:45.562+05:30  INFO 17240 --- [appverse-ai] [http-nio-8080-exec-10] c.w.s.impl.DeveloperProfileServiceImpl   : Fetching developer profile for user id: 1
2026-06-17T16:51:45.587+05:30  INFO 17240 --- [appverse-ai] [http-nio-8080-exec-7] c.w.s.impl.DeveloperProfileServiceImpl   : Fetching developer profile for user id: 1
2026-06-17T16:52:03.080+05:30  INFO 17240 --- [appverse-ai] [http-nio-8080-exec-8] c.w.service.impl.CategoryServiceImpl     : Fetching all categories
2026-06-17T16:52:03.080+05:30  INFO 17240 --- [appverse-ai] [http-nio-8080-exec-1] com.wipro.service.impl.AppServiceImpl    : Fetching all apps
2026-06-17T16:52:03.080+05:30  INFO 17240 --- [appverse-ai] [http-nio-8080-exec-9] com.wipro.service.impl.AppServiceImpl    : Fetching all apps
2026-06-17T16:52:03.090+05:30  INFO 17240 --- [appverse-ai] [http-nio-8080-exec-4] c.w.service.impl.CategoryServiceImpl     : Fetching all categories
2026-06-17T16:52:03.099+05:30  INFO 17240 --- [appverse-ai] [http-nio-8080-exec-6] com.wipro.service.impl.AppServiceImpl    : Fetching all apps
2026-06-17T16:52:03.099+05:30  INFO 17240 --- [appverse-ai] [http-nio-8080-exec-3] com.wipro.service.impl.AppServiceImpl    : Fetching all apps
2026-06-17T16:52:16.138+05:30  INFO 17240 --- [appverse-ai] [http-nio-8080-exec-10] com.wipro.service.impl.AppServiceImpl    : Fetching all apps
2026-06-17T16:52:16.138+05:30  INFO 17240 --- [appverse-ai] [http-nio-8080-exec-2] com.wipro.service.impl.AppServiceImpl    : Fetching all apps
2026-06-17T16:52:16.138+05:30  INFO 17240 --- [appverse-ai] [http-nio-8080-exec-5] c.w.service.impl.CategoryServiceImpl     : Fetching all categories
2026-06-17T16:52:16.157+05:30  INFO 17240 --- [appverse-ai] [http-nio-8080-exec-7] c.w.service.impl.CategoryServiceImpl     : Fetching all categories
2026-06-17T16:52:16.167+05:30  INFO 17240 --- [appverse-ai] [http-nio-8080-exec-9] com.wipro.service.impl.AppServiceImpl    : Fetching all apps
2026-06-17T16:52:16.167+05:30  INFO 17240 --- [appverse-ai] [http-nio-8080-exec-8] com.wipro.service.impl.AppServiceImpl    : Fetching all apps
2026-06-17T16:53:18.793+05:30  INFO 17240 --- [appverse-ai] [http-nio-8080-exec-2] com.wipro.service.impl.AppServiceImpl    : Fetching all apps
2026-06-17T16:53:18.807+05:30  INFO 17240 --- [appverse-ai] [http-nio-8080-exec-7] c.w.service.impl.CategoryServiceImpl     : Fetching all categories
2026-06-17T16:53:18.811+05:30  INFO 17240 --- [appverse-ai] [http-nio-8080-exec-8] com.wipro.service.impl.AppServiceImpl    : Fetching all apps
2026-06-17T16:53:18.860+05:30  INFO 17240 --- [appverse-ai] [http-nio-8080-exec-9] c.w.service.impl.CategoryServiceImpl     : Fetching all categories
2026-06-17T16:53:18.860+05:30  INFO 17240 --- [appverse-ai] [http-nio-8080-exec-4] com.wipro.service.impl.AppServiceImpl    : Fetching all apps
2026-06-17T16:53:18.880+05:30  INFO 17240 --- [appverse-ai] [http-nio-8080-exec-1] com.wipro.service.impl.AppServiceImpl    : Fetching all apps
2026-06-17T16:53:30.263+05:30  INFO 17240 --- [appverse-ai] [http-nio-8080-exec-3] com.wipro.service.impl.AppServiceImpl    : Fetching all apps
2026-06-17T16:53:30.263+05:30  INFO 17240 --- [appverse-ai] [http-nio-8080-exec-10] c.w.service.impl.CategoryServiceImpl     : Fetching all categories
2026-06-17T16:53:30.278+05:30  INFO 17240 --- [appverse-ai] [http-nio-8080-exec-6] c.w.service.impl.CategoryServiceImpl     : Fetching all categories
2026-06-17T16:53:30.282+05:30  INFO 17240 --- [appverse-ai] [http-nio-8080-exec-5] com.wipro.service.impl.AppServiceImpl    : Fetching all apps
2026-06-17T16:53:31.945+05:30  INFO 17240 --- [appverse-ai] [http-nio-8080-exec-8] com.wipro.service.impl.AppServiceImpl    : Fetching all apps
2026-06-17T16:53:31.945+05:30  INFO 17240 --- [appverse-ai] [http-nio-8080-exec-7] c.w.service.impl.DownloadServiceImpl     : Fetching downloads for user id: 1
2026-06-17T16:53:31.945+05:30  INFO 17240 --- [appverse-ai] [http-nio-8080-exec-9] c.wipro.service.impl.ReviewServiceImpl   : Fetching all reviews
2026-06-17T16:53:31.945+05:30  INFO 17240 --- [appverse-ai] [http-nio-8080-exec-2] c.w.s.impl.RecommendationServiceImpl     : Fetching recommendations for user id: 1
2026-06-17T16:53:31.958+05:30  INFO 17240 --- [appverse-ai] [http-nio-8080-exec-4] c.w.service.impl.DownloadServiceImpl     : Fetching downloads for user id: 1
2026-06-17T16:53:31.964+05:30  INFO 17240 --- [appverse-ai] [http-nio-8080-exec-1] c.w.s.impl.RecommendationServiceImpl     : Fetching recommendations for user id: 1
2026-06-17T16:53:31.968+05:30  INFO 17240 --- [appverse-ai] [http-nio-8080-exec-10] com.wipro.service.impl.AppServiceImpl    : Fetching all apps
2026-06-17T16:53:31.969+05:30  INFO 17240 --- [appverse-ai] [http-nio-8080-exec-3] c.wipro.service.impl.ReviewServiceImpl   : Fetching all reviews
2026-06-17T16:53:33.209+05:30  INFO 17240 --- [appverse-ai] [http-nio-8080-exec-5] c.w.service.impl.CategoryServiceImpl     : Fetching all categories
2026-06-17T16:53:33.209+05:30  INFO 17240 --- [appverse-ai] [http-nio-8080-exec-6] com.wipro.service.impl.AppServiceImpl    : Fetching all apps
2026-06-17T16:53:33.209+05:30  INFO 17240 --- [appverse-ai] [http-nio-8080-exec-7] com.wipro.service.impl.AppServiceImpl    : Fetching all apps
2026-06-17T16:53:33.228+05:30  INFO 17240 --- [appverse-ai] [http-nio-8080-exec-2] c.w.service.impl.CategoryServiceImpl     : Fetching all categories
2026-06-17T16:53:33.228+05:30  INFO 17240 --- [appverse-ai] [http-nio-8080-exec-9] com.wipro.service.impl.AppServiceImpl    : Fetching all apps
2026-06-17T16:53:33.228+05:30  INFO 17240 --- [appverse-ai] [http-nio-8080-exec-8] com.wipro.service.impl.AppServiceImpl    : Fetching all apps
2026-06-17T16:53:46.661+05:30  INFO 17240 --- [appverse-ai] [http-nio-8080-exec-1] com.wipro.service.impl.UserServiceImpl   : Login attempt for email: mary@example.com
2026-06-17T16:53:46.790+05:30  INFO 17240 --- [appverse-ai] [http-nio-8080-exec-1] com.wipro.service.impl.UserServiceImpl   : Login successful for email: mary@example.com
2026-06-17T16:53:46.812+05:30  INFO 17240 --- [appverse-ai] [http-nio-8080-exec-3] com.wipro.service.impl.UserServiceImpl   : Fetching all users
2026-06-17T16:53:46.870+05:30  INFO 17240 --- [appverse-ai] [http-nio-8080-exec-6] com.wipro.service.impl.AppServiceImpl    : Fetching all apps
2026-06-17T16:53:46.870+05:30  INFO 17240 --- [appverse-ai] [http-nio-8080-exec-7] c.w.service.impl.CategoryServiceImpl     : Fetching all categories
2026-06-17T16:53:46.870+05:30  INFO 17240 --- [appverse-ai] [http-nio-8080-exec-5] com.wipro.service.impl.AppServiceImpl    : Fetching all apps
2026-06-17T16:53:46.887+05:30  INFO 17240 --- [appverse-ai] [http-nio-8080-exec-2] c.w.service.impl.CategoryServiceImpl     : Fetching all categories
2026-06-17T16:53:46.894+05:30  INFO 17240 --- [appverse-ai] [http-nio-8080-exec-9] com.wipro.service.impl.AppServiceImpl    : Fetching all apps
2026-06-17T16:53:46.894+05:30  INFO 17240 --- [appverse-ai] [http-nio-8080-exec-8] com.wipro.service.impl.AppServiceImpl    : Fetching all apps
2026-06-17T16:56:26.740+05:30  INFO 17240 --- [appverse-ai] [http-nio-8080-exec-2] com.wipro.service.impl.AppServiceImpl    : Fetching app by id: 12
2026-06-17T16:56:26.740+05:30  INFO 17240 --- [appverse-ai] [http-nio-8080-exec-9] c.w.service.impl.AppVersionServiceImpl   : Fetching versions for app id: 12
2026-06-17T16:56:26.740+05:30  INFO 17240 --- [appverse-ai] [http-nio-8080-exec-4] c.wipro.service.impl.ReviewServiceImpl   : Fetching reviews for app id: 12
2026-06-17T16:56:26.743+05:30  INFO 17240 --- [appverse-ai] [http-nio-8080-exec-3] c.w.service.impl.DownloadServiceImpl     : Getting total downloads for app id: 12
2026-06-17T16:56:26.758+05:30  INFO 17240 --- [appverse-ai] [http-nio-8080-exec-1] c.wipro.service.impl.ReviewServiceImpl   : Fetching reviews for app id: 12
2026-06-17T16:56:26.758+05:30  INFO 17240 --- [appverse-ai] [http-nio-8080-exec-6] c.w.service.impl.AppVersionServiceImpl   : Fetching versions for app id: 12
2026-06-17T16:56:26.760+05:30  INFO 17240 --- [appverse-ai] [http-nio-8080-exec-5] com.wipro.service.impl.AppServiceImpl    : Fetching app by id: 12
2026-06-17T16:56:26.769+05:30  INFO 17240 --- [appverse-ai] [http-nio-8080-exec-8] c.w.service.impl.DownloadServiceImpl     : Getting total downloads for app id: 12
2026-06-17T16:56:26.779+05:30  INFO 17240 --- [appverse-ai] [http-nio-8080-exec-7] c.w.service.impl.DownloadServiceImpl     : Fetching downloads for user id: 3
2026-06-17T16:56:26.797+05:30  INFO 17240 --- [appverse-ai] [http-nio-8080-exec-4] c.w.service.impl.DownloadServiceImpl     : Fetching downloads for user id: 3
2026-06-17T16:56:31.261+05:30  INFO 17240 --- [appverse-ai] [http-nio-8080-exec-9] com.wipro.service.impl.AppServiceImpl    : Fetching all apps
2026-06-17T16:56:31.261+05:30  INFO 17240 --- [appverse-ai] [http-nio-8080-exec-3] com.wipro.service.impl.AppServiceImpl    : Fetching all apps
2026-06-17T16:56:31.261+05:30  INFO 17240 --- [appverse-ai] [http-nio-8080-exec-2] c.w.service.impl.CategoryServiceImpl     : Fetching all categories
2026-06-17T16:56:31.277+05:30  INFO 17240 --- [appverse-ai] [http-nio-8080-exec-6] c.w.service.impl.CategoryServiceImpl     : Fetching all categories
2026-06-17T16:56:31.286+05:30  INFO 17240 --- [appverse-ai] [http-nio-8080-exec-1] com.wipro.service.impl.AppServiceImpl    : Fetching all apps
2026-06-17T16:56:31.286+05:30  INFO 17240 --- [appverse-ai] [http-nio-8080-exec-5] com.wipro.service.impl.AppServiceImpl    : Fetching all apps
2026-06-17T16:56:33.054+05:30  INFO 17240 --- [appverse-ai] [http-nio-8080-exec-5] c.w.service.impl.AppVersionServiceImpl   : Fetching versions for app id: 11
2026-06-17T16:56:33.054+05:30  INFO 17240 --- [appverse-ai] [http-nio-8080-exec-1] c.w.service.impl.DownloadServiceImpl     : Getting total downloads for app id: 11
2026-06-17T16:56:33.054+05:30  INFO 17240 --- [appverse-ai] [http-nio-8080-exec-2] com.wipro.service.impl.AppServiceImpl    : Fetching app by id: 11
2026-06-17T16:56:33.054+05:30  INFO 17240 --- [appverse-ai] [http-nio-8080-exec-8] c.wipro.service.impl.ReviewServiceImpl   : Fetching reviews for app id: 11
2026-06-17T16:56:33.067+05:30  INFO 17240 --- [appverse-ai] [http-nio-8080-exec-3] c.w.service.impl.AppVersionServiceImpl   : Fetching versions for app id: 11
2026-06-17T16:56:33.067+05:30  INFO 17240 --- [appverse-ai] [http-nio-8080-exec-10] com.wipro.service.impl.AppServiceImpl    : Fetching app by id: 11
2026-06-17T16:56:33.067+05:30  INFO 17240 --- [appverse-ai] [http-nio-8080-exec-4] c.wipro.service.impl.ReviewServiceImpl   : Fetching reviews for app id: 11
2026-06-17T16:56:33.067+05:30  INFO 17240 --- [appverse-ai] [http-nio-8080-exec-7] c.w.service.impl.DownloadServiceImpl     : Getting total downloads for app id: 11
2026-06-17T16:56:33.079+05:30  INFO 17240 --- [appverse-ai] [http-nio-8080-exec-9] c.w.service.impl.DownloadServiceImpl     : Fetching downloads for user id: 3
2026-06-17T16:56:33.101+05:30  INFO 17240 --- [appverse-ai] [http-nio-8080-exec-6] c.w.service.impl.DownloadServiceImpl     : Fetching downloads for user id: 3
2026-06-17T16:57:05.611+05:30  INFO 17240 --- [appverse-ai] [http-nio-8080-exec-1] com.wipro.service.impl.UserServiceImpl   : Login attempt for email: sam@example.com
2026-06-17T16:57:05.693+05:30  INFO 17240 --- [appverse-ai] [http-nio-8080-exec-1] com.wipro.service.impl.UserServiceImpl   : Login successful for email: sam@example.com
2026-06-17T16:57:05.703+05:30  INFO 17240 --- [appverse-ai] [http-nio-8080-exec-8] com.wipro.service.impl.UserServiceImpl   : Fetching all users
2026-06-17T16:57:05.749+05:30  INFO 17240 --- [appverse-ai] [http-nio-8080-exec-5] com.wipro.service.impl.AppServiceImpl    : Fetching all apps
2026-06-17T16:57:05.749+05:30  INFO 17240 --- [appverse-ai] [http-nio-8080-exec-7] com.wipro.service.impl.AppServiceImpl    : Fetching all apps
2026-06-17T16:57:05.749+05:30  INFO 17240 --- [appverse-ai] [http-nio-8080-exec-2] c.w.service.impl.CategoryServiceImpl     : Fetching all categories
2026-06-17T16:57:05.767+05:30  INFO 17240 --- [appverse-ai] [http-nio-8080-exec-4] c.w.service.impl.CategoryServiceImpl     : Fetching all categories
2026-06-17T16:57:05.772+05:30  INFO 17240 --- [appverse-ai] [http-nio-8080-exec-10] com.wipro.service.impl.AppServiceImpl    : Fetching all apps
2026-06-17T16:57:05.772+05:30  INFO 17240 --- [appverse-ai] [http-nio-8080-exec-3] com.wipro.service.impl.AppServiceImpl    : Fetching all apps
2026-06-17T16:57:21.649+05:30  INFO 17240 --- [appverse-ai] [http-nio-8080-exec-6] c.wipro.service.impl.ReviewServiceImpl   : Fetching reviews for app id: 11
2026-06-17T16:57:21.649+05:30  INFO 17240 --- [appverse-ai] [http-nio-8080-exec-9] com.wipro.service.impl.AppServiceImpl    : Fetching app by id: 11
2026-06-17T16:57:21.649+05:30  INFO 17240 --- [appverse-ai] [http-nio-8080-exec-8] c.w.service.impl.DownloadServiceImpl     : Getting total downloads for app id: 11
2026-06-17T16:57:21.649+05:30  INFO 17240 --- [appverse-ai] [http-nio-8080-exec-1] c.w.service.impl.AppVersionServiceImpl   : Fetching versions for app id: 11
2026-06-17T16:57:21.661+05:30  INFO 17240 --- [appverse-ai] [http-nio-8080-exec-7] c.wipro.service.impl.ReviewServiceImpl   : Fetching reviews for app id: 11
2026-06-17T16:57:21.661+05:30  INFO 17240 --- [appverse-ai] [http-nio-8080-exec-5] com.wipro.service.impl.AppServiceImpl    : Fetching app by id: 11
2026-06-17T16:57:21.661+05:30  INFO 17240 --- [appverse-ai] [http-nio-8080-exec-2] c.w.service.impl.DownloadServiceImpl     : Getting total downloads for app id: 11
2026-06-17T16:57:21.661+05:30  INFO 17240 --- [appverse-ai] [http-nio-8080-exec-4] c.w.service.impl.AppVersionServiceImpl   : Fetching versions for app id: 11
2026-06-17T16:57:21.672+05:30  INFO 17240 --- [appverse-ai] [http-nio-8080-exec-3] c.w.service.impl.DownloadServiceImpl     : Fetching downloads for user id: 5
2026-06-17T16:57:21.689+05:30  INFO 17240 --- [appverse-ai] [http-nio-8080-exec-8] c.w.service.impl.DownloadServiceImpl     : Fetching downloads for user id: 5
2026-06-17T16:57:25.370+05:30  INFO 17240 --- [appverse-ai] [http-nio-8080-exec-9] c.w.service.impl.DownloadServiceImpl     : User 5 downloading app 11
2026-06-17T16:57:46.580+05:30  INFO 17240 --- [appverse-ai] [http-nio-8080-exec-10] com.wipro.service.impl.UserServiceImpl   : Login attempt for email: lisa@example.com
2026-06-17T16:57:46.649+05:30  INFO 17240 --- [appverse-ai] [http-nio-8080-exec-10] com.wipro.service.impl.UserServiceImpl   : Login successful for email: lisa@example.com
2026-06-17T16:57:46.663+05:30  INFO 17240 --- [appverse-ai] [http-nio-8080-exec-2] com.wipro.service.impl.UserServiceImpl   : Fetching all users
2026-06-17T16:57:46.704+05:30  INFO 17240 --- [appverse-ai] [http-nio-8080-exec-4] com.wipro.service.impl.AppServiceImpl    : Fetching all apps
2026-06-17T16:57:46.704+05:30  INFO 17240 --- [appverse-ai] [http-nio-8080-exec-7] com.wipro.service.impl.AppServiceImpl    : Fetching all apps
2026-06-17T16:57:46.704+05:30  INFO 17240 --- [appverse-ai] [http-nio-8080-exec-5] c.w.service.impl.CategoryServiceImpl     : Fetching all categories
2026-06-17T16:57:46.717+05:30  INFO 17240 --- [appverse-ai] [http-nio-8080-exec-3] c.w.service.impl.CategoryServiceImpl     : Fetching all categories
2026-06-17T16:57:46.722+05:30  INFO 17240 --- [appverse-ai] [http-nio-8080-exec-6] com.wipro.service.impl.AppServiceImpl    : Fetching all apps
2026-06-17T16:57:46.722+05:30  INFO 17240 --- [appverse-ai] [http-nio-8080-exec-8] com.wipro.service.impl.AppServiceImpl    : Fetching all apps
2026-06-17T16:58:12.219+05:30  INFO 17240 --- [appverse-ai] [http-nio-8080-exec-9] com.wipro.service.impl.AppServiceImpl    : Fetching all apps
2026-06-17T16:58:12.219+05:30  INFO 17240 --- [appverse-ai] [http-nio-8080-exec-4] c.wipro.service.impl.ReviewServiceImpl   : Fetching all reviews
2026-06-17T16:58:12.219+05:30  INFO 17240 --- [appverse-ai] [http-nio-8080-exec-3] c.w.s.impl.RecommendationServiceImpl     : Fetching recommendations for user id: 6
2026-06-17T16:58:12.219+05:30  INFO 17240 --- [appverse-ai] [http-nio-8080-exec-7] c.w.service.impl.DownloadServiceImpl     : Fetching downloads for user id: 6
2026-06-17T16:58:12.240+05:30  INFO 17240 --- [appverse-ai] [http-nio-8080-exec-8] com.wipro.service.impl.AppServiceImpl    : Fetching all apps
2026-06-17T16:58:12.240+05:30  INFO 17240 --- [appverse-ai] [http-nio-8080-exec-5] c.wipro.service.impl.ReviewServiceImpl   : Fetching all reviews
2026-06-17T16:58:12.240+05:30  INFO 17240 --- [appverse-ai] [http-nio-8080-exec-6] c.w.s.impl.RecommendationServiceImpl     : Fetching recommendations for user id: 6
2026-06-17T16:58:12.240+05:30  INFO 17240 --- [appverse-ai] [http-nio-8080-exec-1] c.w.service.impl.DownloadServiceImpl     : Fetching downloads for user id: 6
2026-06-17T16:58:15.470+05:30  INFO 17240 --- [appverse-ai] [http-nio-8080-exec-3] com.wipro.service.impl.AppServiceImpl    : Fetching all apps
2026-06-17T16:58:15.470+05:30  INFO 17240 --- [appverse-ai] [http-nio-8080-exec-2] com.wipro.service.impl.AppServiceImpl    : Fetching all apps
2026-06-17T16:58:15.470+05:30  INFO 17240 --- [appverse-ai] [http-nio-8080-exec-10] c.w.service.impl.CategoryServiceImpl     : Fetching all categories
2026-06-17T16:58:15.488+05:30  INFO 17240 --- [appverse-ai] [http-nio-8080-exec-9] c.w.service.impl.CategoryServiceImpl     : Fetching all categories
2026-06-17T16:58:15.494+05:30  INFO 17240 --- [appverse-ai] [http-nio-8080-exec-4] com.wipro.service.impl.AppServiceImpl    : Fetching all apps
2026-06-17T16:58:15.494+05:30  INFO 17240 --- [appverse-ai] [http-nio-8080-exec-7] com.wipro.service.impl.AppServiceImpl    : Fetching all apps
2026-06-17T16:59:36.669+05:30  INFO 17240 --- [appverse-ai] [http-nio-8080-exec-4] c.w.service.impl.AppVersionServiceImpl   : Fetching versions for app id: 11
2026-06-17T16:59:36.669+05:30  INFO 17240 --- [appverse-ai] [http-nio-8080-exec-2] com.wipro.service.impl.AppServiceImpl    : Fetching app by id: 11
2026-06-17T16:59:36.669+05:30  INFO 17240 --- [appverse-ai] [http-nio-8080-exec-7] c.w.service.impl.DownloadServiceImpl     : Getting total downloads for app id: 11
2026-06-17T16:59:36.669+05:30  INFO 17240 --- [appverse-ai] [http-nio-8080-exec-9] c.wipro.service.impl.ReviewServiceImpl   : Fetching reviews for app id: 11
2026-06-17T16:59:36.692+05:30  INFO 17240 --- [appverse-ai] [http-nio-8080-exec-6] c.w.service.impl.DownloadServiceImpl     : Getting total downloads for app id: 11
2026-06-17T16:59:36.692+05:30  INFO 17240 --- [appverse-ai] [http-nio-8080-exec-1] c.wipro.service.impl.ReviewServiceImpl   : Fetching reviews for app id: 11
2026-06-17T16:59:36.692+05:30  INFO 17240 --- [appverse-ai] [http-nio-8080-exec-8] c.w.service.impl.AppVersionServiceImpl   : Fetching versions for app id: 11
2026-06-17T16:59:36.692+05:30  INFO 17240 --- [appverse-ai] [http-nio-8080-exec-3] com.wipro.service.impl.AppServiceImpl    : Fetching app by id: 11
2026-06-17T16:59:36.692+05:30  INFO 17240 --- [appverse-ai] [http-nio-8080-exec-10] c.w.service.impl.DownloadServiceImpl     : Fetching downloads for user id: 6
2026-06-17T16:59:36.710+05:30  INFO 17240 --- [appverse-ai] [http-nio-8080-exec-5] c.w.service.impl.DownloadServiceImpl     : Fetching downloads for user id: 6
2026-06-17T16:59:38.651+05:30  INFO 17240 --- [appverse-ai] [http-nio-8080-exec-7] c.w.service.impl.DownloadServiceImpl     : User 6 downloading app 11
2026-06-17T16:59:40.937+05:30  INFO 17240 --- [appverse-ai] [http-nio-8080-exec-1] com.wipro.service.impl.AppServiceImpl    : Fetching all apps
2026-06-17T16:59:40.937+05:30  INFO 17240 --- [appverse-ai] [http-nio-8080-exec-2] c.w.service.impl.CategoryServiceImpl     : Fetching all categories
2026-06-17T16:59:40.937+05:30  INFO 17240 --- [appverse-ai] [http-nio-8080-exec-4] com.wipro.service.impl.AppServiceImpl    : Fetching all apps
2026-06-17T16:59:40.949+05:30  INFO 17240 --- [appverse-ai] [http-nio-8080-exec-6] c.w.service.impl.CategoryServiceImpl     : Fetching all categories
2026-06-17T16:59:40.949+05:30  INFO 17240 --- [appverse-ai] [http-nio-8080-exec-3] com.wipro.service.impl.AppServiceImpl    : Fetching all apps
2026-06-17T16:59:40.949+05:30  INFO 17240 --- [appverse-ai] [http-nio-8080-exec-8] com.wipro.service.impl.AppServiceImpl    : Fetching all apps
2026-06-17T16:59:43.311+05:30  INFO 17240 --- [appverse-ai] [http-nio-8080-exec-9] c.w.service.impl.AppVersionServiceImpl   : Fetching versions for app id: 11
2026-06-17T16:59:43.311+05:30  INFO 17240 --- [appverse-ai] [http-nio-8080-exec-10] com.wipro.service.impl.AppServiceImpl    : Fetching app by id: 11
2026-06-17T16:59:43.311+05:30  INFO 17240 --- [appverse-ai] [http-nio-8080-exec-5] c.wipro.service.impl.ReviewServiceImpl   : Fetching reviews for app id: 11
2026-06-17T16:59:43.311+05:30  INFO 17240 --- [appverse-ai] [http-nio-8080-exec-7] c.w.service.impl.DownloadServiceImpl     : Getting total downloads for app id: 11
2026-06-17T16:59:43.320+05:30  INFO 17240 --- [appverse-ai] [http-nio-8080-exec-4] c.w.service.impl.AppVersionServiceImpl   : Fetching versions for app id: 11
2026-06-17T16:59:43.320+05:30  INFO 17240 --- [appverse-ai] [http-nio-8080-exec-6] com.wipro.service.impl.AppServiceImpl    : Fetching app by id: 11
2026-06-17T16:59:43.320+05:30  INFO 17240 --- [appverse-ai] [http-nio-8080-exec-1] c.wipro.service.impl.ReviewServiceImpl   : Fetching reviews for app id: 11
2026-06-17T16:59:43.320+05:30  INFO 17240 --- [appverse-ai] [http-nio-8080-exec-2] c.w.service.impl.DownloadServiceImpl     : Getting total downloads for app id: 11
2026-06-17T16:59:43.327+05:30  INFO 17240 --- [appverse-ai] [http-nio-8080-exec-3] c.w.service.impl.DownloadServiceImpl     : Fetching downloads for user id: 6
2026-06-17T16:59:43.344+05:30  INFO 17240 --- [appverse-ai] [http-nio-8080-exec-8] c.w.service.impl.DownloadServiceImpl     : Fetching downloads for user id: 6
2026-06-17T16:59:47.988+05:30  INFO 17240 --- [appverse-ai] [http-nio-8080-exec-5] c.w.service.impl.CategoryServiceImpl     : Fetching all categories
2026-06-17T16:59:47.988+05:30  INFO 17240 --- [appverse-ai] [http-nio-8080-exec-9] com.wipro.service.impl.AppServiceImpl    : Fetching all apps
2026-06-17T16:59:47.988+05:30  INFO 17240 --- [appverse-ai] [http-nio-8080-exec-7] com.wipro.service.impl.AppServiceImpl    : Fetching all apps
2026-06-17T16:59:47.997+05:30  INFO 17240 --- [appverse-ai] [http-nio-8080-exec-10] c.w.service.impl.CategoryServiceImpl     : Fetching all categories
2026-06-17T16:59:48.004+05:30  INFO 17240 --- [appverse-ai] [http-nio-8080-exec-1] com.wipro.service.impl.AppServiceImpl    : Fetching all apps
2026-06-17T16:59:48.004+05:30  INFO 17240 --- [appverse-ai] [http-nio-8080-exec-4] com.wipro.service.impl.AppServiceImpl    : Fetching all apps
2026-06-17T18:09:23.596+05:30  INFO 17240 --- [appverse-ai] [RMI TCP Connection(89)-127.0.0.1] inMXBeanRegistrar$SpringApplicationAdmin : Application shutdown requested.
2026-06-17T18:09:24.298+05:30  INFO 17240 --- [appverse-ai] [RMI TCP Connection(89)-127.0.0.1] j.LocalContainerEntityManagerFactoryBean : Closing JPA EntityManagerFactory for persistence unit 'default'
2026-06-17T18:09:24.487+05:30  INFO 17240 --- [appverse-ai] [RMI TCP Connection(89)-127.0.0.1] com.zaxxer.hikari.HikariDataSource       : HikariPool-1 - Shutdown initiated...
2026-06-17T18:09:24.623+05:30  INFO 17240 --- [appverse-ai] [RMI TCP Connection(89)-127.0.0.1] com.zaxxer.hikari.HikariDataSource       : HikariPool-1 - Shutdown completed.
2026-06-17T21:38:31.934+05:30  INFO 20424 --- [appverse-ai] [main] com.wipro.AppverseAiApplication          : Starting AppverseAiApplication using Java 21.0.3 with PID 20424 (C:\Users\HA20695868\Documents\workspace-spring-tool-suite-4-4.23.1.RELEASE\appverse-ai\target\classes started by HA20695868 in C:\Users\HA20695868\Documents\workspace-spring-tool-suite-4-4.23.1.RELEASE\appverse-ai)
2026-06-17T21:38:31.937+05:30 DEBUG 20424 --- [appverse-ai] [main] com.wipro.AppverseAiApplication          : Running with Spring Boot v3.2.0, Spring v6.1.1
2026-06-17T21:38:31.938+05:30  INFO 20424 --- [appverse-ai] [main] com.wipro.AppverseAiApplication          : No active profile set, falling back to 1 default profile: "default"
2026-06-17T21:38:33.653+05:30  INFO 20424 --- [appverse-ai] [main] .s.d.r.c.RepositoryConfigurationDelegate : Bootstrapping Spring Data JPA repositories in DEFAULT mode.
2026-06-17T21:38:33.889+05:30  INFO 20424 --- [appverse-ai] [main] .s.d.r.c.RepositoryConfigurationDelegate : Finished Spring Data repository scanning in 212 ms. Found 8 JPA repository interfaces.
2026-06-17T21:38:35.030+05:30  INFO 20424 --- [appverse-ai] [main] o.s.b.w.embedded.tomcat.TomcatWebServer  : Tomcat initialized with port 8080 (http)
2026-06-17T21:38:35.053+05:30  INFO 20424 --- [appverse-ai] [main] o.apache.catalina.core.StandardService   : Starting service [Tomcat]
2026-06-17T21:38:35.053+05:30  INFO 20424 --- [appverse-ai] [main] o.apache.catalina.core.StandardEngine    : Starting Servlet engine: [Apache Tomcat/10.1.16]
2026-06-17T21:38:35.168+05:30  INFO 20424 --- [appverse-ai] [main] o.a.c.c.C.[Tomcat].[localhost].[/]       : Initializing Spring embedded WebApplicationContext
2026-06-17T21:38:35.169+05:30  INFO 20424 --- [appverse-ai] [main] w.s.c.ServletWebServerApplicationContext : Root WebApplicationContext: initialization completed in 3115 ms
2026-06-17T21:38:35.437+05:30  INFO 20424 --- [appverse-ai] [main] o.hibernate.jpa.internal.util.LogHelper  : HHH000204: Processing PersistenceUnitInfo [name: default]
2026-06-17T21:38:35.697+05:30  INFO 20424 --- [appverse-ai] [main] org.hibernate.Version                    : HHH000412: Hibernate ORM core version 6.3.1.Final
2026-06-17T21:38:35.813+05:30  INFO 20424 --- [appverse-ai] [main] o.h.c.internal.RegionFactoryInitiator    : HHH000026: Second-level cache disabled
2026-06-17T21:38:36.557+05:30  INFO 20424 --- [appverse-ai] [main] o.s.o.j.p.SpringPersistenceUnitInfo      : No LoadTimeWeaver setup: ignoring JPA class transformer
2026-06-17T21:38:36.633+05:30  INFO 20424 --- [appverse-ai] [main] com.zaxxer.hikari.HikariDataSource       : HikariPool-1 - Starting...
2026-06-17T21:38:37.187+05:30  INFO 20424 --- [appverse-ai] [main] com.zaxxer.hikari.pool.HikariPool        : HikariPool-1 - Added connection com.mysql.cj.jdbc.ConnectionImpl@7c4ca87c
2026-06-17T21:38:37.194+05:30  INFO 20424 --- [appverse-ai] [main] com.zaxxer.hikari.HikariDataSource       : HikariPool-1 - Start completed.
2026-06-17T21:38:37.399+05:30  WARN 20424 --- [appverse-ai] [main] org.hibernate.orm.deprecation            : HHH90000025: MySQL8Dialect does not need to be specified explicitly using 'hibernate.dialect' (remove the property setting and it will be selected by default)
2026-06-17T21:38:37.402+05:30  WARN 20424 --- [appverse-ai] [main] org.hibernate.orm.deprecation            : HHH90000026: MySQL8Dialect has been deprecated; use org.hibernate.dialect.MySQLDialect instead
2026-06-17T21:38:39.833+05:30  INFO 20424 --- [appverse-ai] [main] o.h.e.t.j.p.i.JtaPlatformInitiator       : HHH000489: No JTA platform available (set 'hibernate.transaction.jta.platform' to enable JTA platform integration)
2026-06-17T21:38:40.051+05:30  INFO 20424 --- [appverse-ai] [main] j.LocalContainerEntityManagerFactoryBean : Initialized JPA EntityManagerFactory for persistence unit 'default'
2026-06-17T21:38:40.599+05:30 DEBUG 20424 --- [appverse-ai] [main] com.wipro.filter.JwtAuthFilter           : Filter 'jwtAuthFilter' configured for use
2026-06-17T21:38:40.903+05:30  WARN 20424 --- [appverse-ai] [main] JpaBaseConfiguration$JpaWebConfiguration : spring.jpa.open-in-view is enabled by default. Therefore, database queries may be performed during view rendering. Explicitly configure spring.jpa.open-in-view to disable this warning
2026-06-17T21:38:41.427+05:30  INFO 20424 --- [appverse-ai] [main] o.s.s.web.DefaultSecurityFilterChain     : Will secure any request with [org.springframework.security.web.session.DisableEncodeUrlFilter@16df0ebd, org.springframework.security.web.context.request.async.WebAsyncManagerIntegrationFilter@29becf8b, org.springframework.security.web.context.SecurityContextHolderFilter@322399e6, org.springframework.security.web.header.HeaderWriterFilter@546ca9da, org.springframework.web.filter.CorsFilter@628b1538, org.springframework.security.web.authentication.logout.LogoutFilter@2693e39c, com.wipro.filter.JwtAuthFilter@59172d2, org.springframework.security.web.savedrequest.RequestCacheAwareFilter@36e95b7b, org.springframework.security.web.servletapi.SecurityContextHolderAwareRequestFilter@1e5921ec, org.springframework.security.web.authentication.AnonymousAuthenticationFilter@36995784, org.springframework.security.web.session.SessionManagementFilter@4f5ad6b7, org.springframework.security.web.access.ExceptionTranslationFilter@6a2b6031, org.springframework.security.web.access.intercept.AuthorizationFilter@33319df0]
2026-06-17T21:38:41.814+05:30  INFO 20424 --- [appverse-ai] [main] o.s.b.w.embedded.tomcat.TomcatWebServer  : Tomcat started on port 8080 (http) with context path ''
2026-06-17T21:38:41.820+05:30  INFO 20424 --- [appverse-ai] [main] com.wipro.AppverseAiApplication          : Started AppverseAiApplication in 10.794 seconds (process running for 12.116)
2026-06-17T21:40:32.773+05:30  INFO 20424 --- [appverse-ai] [http-nio-8080-exec-1] o.a.c.c.C.[Tomcat].[localhost].[/]       : Initializing Spring DispatcherServlet 'dispatcherServlet'
2026-06-17T21:40:32.773+05:30  INFO 20424 --- [appverse-ai] [http-nio-8080-exec-1] o.s.web.servlet.DispatcherServlet        : Initializing Servlet 'dispatcherServlet'
2026-06-17T21:40:32.773+05:30  INFO 20424 --- [appverse-ai] [http-nio-8080-exec-1] o.s.web.servlet.DispatcherServlet        : Completed initialization in 0 ms
2026-06-17T21:40:32.838+05:30  WARN 20424 --- [appverse-ai] [http-nio-8080-exec-5] o.s.w.s.h.HandlerMappingIntrospector     : Cache miss for REQUEST dispatch to '/api/apps/trending' (previous null). Performing CorsConfiguration lookup. This is logged once only at WARN level, and every time at TRACE.
2026-06-17T21:40:34.118+05:30  WARN 20424 --- [appverse-ai] [http-nio-8080-exec-9] o.s.w.s.h.HandlerMappingIntrospector     : Cache miss for REQUEST dispatch to '/api/apps/trending' (previous null). Performing MatchableHandlerMapping lookup. This is logged once only at WARN level, and every time at TRACE.
2026-06-17T21:40:34.180+05:30  INFO 20424 --- [appverse-ai] [http-nio-8080-exec-8] c.w.service.impl.CategoryServiceImpl     : Fetching all categories
2026-06-17T21:40:34.180+05:30  INFO 20424 --- [appverse-ai] [http-nio-8080-exec-9] com.wipro.service.impl.AppServiceImpl    : Fetching all apps
2026-06-17T21:40:34.180+05:30  INFO 20424 --- [appverse-ai] [http-nio-8080-exec-7] com.wipro.service.impl.AppServiceImpl    : Fetching all apps
2026-06-17T21:40:34.552+05:30  INFO 20424 --- [appverse-ai] [http-nio-8080-exec-2] com.wipro.service.impl.AppServiceImpl    : Fetching all apps
2026-06-17T21:40:34.552+05:30  INFO 20424 --- [appverse-ai] [http-nio-8080-exec-10] c.w.service.impl.CategoryServiceImpl     : Fetching all categories
2026-06-17T21:40:34.556+05:30  INFO 20424 --- [appverse-ai] [http-nio-8080-exec-3] com.wipro.service.impl.AppServiceImpl    : Fetching all apps
2026-06-17T22:03:44.886+05:30  INFO 20424 --- [appverse-ai] [http-nio-8080-exec-8] c.w.service.impl.AppVersionServiceImpl   : Fetching versions for app id: 12
2026-06-17T22:03:44.886+05:30  INFO 20424 --- [appverse-ai] [http-nio-8080-exec-3] c.wipro.service.impl.ReviewServiceImpl   : Fetching reviews for app id: 12
2026-06-17T22:03:44.886+05:30  INFO 20424 --- [appverse-ai] [http-nio-8080-exec-1] c.w.service.impl.DownloadServiceImpl     : Getting total downloads for app id: 12
2026-06-17T22:03:44.886+05:30  INFO 20424 --- [appverse-ai] [http-nio-8080-exec-5] com.wipro.service.impl.AppServiceImpl    : Fetching app by id: 12
2026-06-17T22:03:44.926+05:30  INFO 20424 --- [appverse-ai] [http-nio-8080-exec-6] c.w.service.impl.AppVersionServiceImpl   : Fetching versions for app id: 12
2026-06-17T22:03:44.930+05:30  INFO 20424 --- [appverse-ai] [http-nio-8080-exec-2] com.wipro.service.impl.AppServiceImpl    : Fetching app by id: 12
2026-06-17T22:03:44.932+05:30  INFO 20424 --- [appverse-ai] [http-nio-8080-exec-10] c.w.service.impl.DownloadServiceImpl     : Getting total downloads for app id: 12
2026-06-17T22:03:44.932+05:30  INFO 20424 --- [appverse-ai] [http-nio-8080-exec-4] c.wipro.service.impl.ReviewServiceImpl   : Fetching reviews for app id: 12
2026-06-17T22:03:44.942+05:30  INFO 20424 --- [appverse-ai] [http-nio-8080-exec-9] c.w.service.impl.DownloadServiceImpl     : Fetching downloads for user id: 6
2026-06-17T22:03:44.968+05:30  INFO 20424 --- [appverse-ai] [http-nio-8080-exec-5] c.w.service.impl.DownloadServiceImpl     : Fetching downloads for user id: 6
2026-06-17T22:30:05.010+05:30  WARN 20424 --- [appverse-ai] [HikariPool-1 housekeeper] com.zaxxer.hikari.pool.HikariPool        : HikariPool-1 - Thread starvation or clock leap detected (housekeeper delta=3m27s1ms527µs400ns).
2026-06-17T22:44:21.697+05:30  WARN 20424 --- [appverse-ai] [HikariPool-1 housekeeper] com.zaxxer.hikari.pool.HikariPool        : HikariPool-1 - Thread starvation or clock leap detected (housekeeper delta=4m13s359ms702µs800ns).
2026-06-17T23:47:57.531+05:30  INFO 20424 --- [appverse-ai] [http-nio-8080-exec-4] com.wipro.service.impl.UserServiceImpl   : Login attempt for email: mary@example.com
2026-06-17T23:47:57.680+05:30  INFO 20424 --- [appverse-ai] [http-nio-8080-exec-4] com.wipro.service.impl.UserServiceImpl   : Login successful for email: mary@example.com
2026-06-17T23:47:57.714+05:30  INFO 20424 --- [appverse-ai] [http-nio-8080-exec-5] com.wipro.service.impl.UserServiceImpl   : Fetching all users
2026-06-17T23:47:57.826+05:30  INFO 20424 --- [appverse-ai] [http-nio-8080-exec-10] com.wipro.service.impl.AppServiceImpl    : Fetching all apps
2026-06-17T23:47:57.829+05:30  INFO 20424 --- [appverse-ai] [http-nio-8080-exec-4] com.wipro.service.impl.AppServiceImpl    : Fetching all apps
2026-06-17T23:47:57.829+05:30  INFO 20424 --- [appverse-ai] [http-nio-8080-exec-9] c.w.service.impl.CategoryServiceImpl     : Fetching all categories
2026-06-17T23:47:57.865+05:30  INFO 20424 --- [appverse-ai] [http-nio-8080-exec-5] c.w.service.impl.CategoryServiceImpl     : Fetching all categories
2026-06-17T23:47:57.887+05:30  INFO 20424 --- [appverse-ai] [http-nio-8080-exec-7] com.wipro.service.impl.AppServiceImpl    : Fetching all apps
2026-06-17T23:47:57.889+05:30  INFO 20424 --- [appverse-ai] [http-nio-8080-exec-1] com.wipro.service.impl.AppServiceImpl    : Fetching all apps
2026-06-17T23:48:25.780+05:30  INFO 20424 --- [appverse-ai] [http-nio-8080-exec-1] c.wipro.service.impl.ReviewServiceImpl   : Fetching reviews for app id: 11
2026-06-17T23:48:25.780+05:30  INFO 20424 --- [appverse-ai] [http-nio-8080-exec-8] com.wipro.service.impl.AppServiceImpl    : Fetching app by id: 11
2026-06-17T23:48:25.781+05:30  INFO 20424 --- [appverse-ai] [http-nio-8080-exec-7] c.w.service.impl.AppVersionServiceImpl   : Fetching versions for app id: 11
2026-06-17T23:48:25.782+05:30  INFO 20424 --- [appverse-ai] [http-nio-8080-exec-3] c.w.service.impl.DownloadServiceImpl     : Getting total downloads for app id: 11
2026-06-17T23:48:25.800+05:30  INFO 20424 --- [appverse-ai] [http-nio-8080-exec-9] c.wipro.service.impl.ReviewServiceImpl   : Fetching reviews for app id: 11
2026-06-17T23:48:25.800+05:30  INFO 20424 --- [appverse-ai] [http-nio-8080-exec-2] c.w.service.impl.DownloadServiceImpl     : Getting total downloads for app id: 11
2026-06-17T23:48:25.800+05:30  INFO 20424 --- [appverse-ai] [http-nio-8080-exec-4] c.w.service.impl.AppVersionServiceImpl   : Fetching versions for app id: 11
2026-06-17T23:48:25.800+05:30  INFO 20424 --- [appverse-ai] [http-nio-8080-exec-6] com.wipro.service.impl.AppServiceImpl    : Fetching app by id: 11
2026-06-17T23:48:25.807+05:30  INFO 20424 --- [appverse-ai] [http-nio-8080-exec-5] c.w.service.impl.DownloadServiceImpl     : Fetching downloads for user id: 3
2026-06-17T23:48:25.828+05:30  INFO 20424 --- [appverse-ai] [http-nio-8080-exec-1] c.w.service.impl.DownloadServiceImpl     : Fetching downloads for user id: 3
2026-06-17T23:48:39.453+05:30  INFO 20424 --- [appverse-ai] [http-nio-8080-exec-7] com.wipro.service.impl.AppServiceImpl    : Fetching all apps
2026-06-17T23:48:39.453+05:30  INFO 20424 --- [appverse-ai] [http-nio-8080-exec-3] com.wipro.service.impl.AppServiceImpl    : Fetching all apps
2026-06-17T23:48:39.453+05:30  INFO 20424 --- [appverse-ai] [http-nio-8080-exec-8] c.w.service.impl.CategoryServiceImpl     : Fetching all categories
2026-06-17T23:48:39.475+05:30  INFO 20424 --- [appverse-ai] [http-nio-8080-exec-10] c.w.service.impl.CategoryServiceImpl     : Fetching all categories
2026-06-17T23:48:39.480+05:30  INFO 20424 --- [appverse-ai] [http-nio-8080-exec-9] com.wipro.service.impl.AppServiceImpl    : Fetching all apps
2026-06-17T23:48:39.480+05:30  INFO 20424 --- [appverse-ai] [http-nio-8080-exec-2] com.wipro.service.impl.AppServiceImpl    : Fetching all apps
2026-06-17T23:48:43.071+05:30  INFO 20424 --- [appverse-ai] [http-nio-8080-exec-2] c.wipro.service.impl.ReviewServiceImpl   : Fetching reviews for app id: 12
2026-06-17T23:48:43.071+05:30  INFO 20424 --- [appverse-ai] [http-nio-8080-exec-5] c.w.service.impl.AppVersionServiceImpl   : Fetching versions for app id: 12
2026-06-17T23:48:43.071+05:30  INFO 20424 --- [appverse-ai] [http-nio-8080-exec-6] c.w.service.impl.DownloadServiceImpl     : Getting total downloads for app id: 12
2026-06-17T23:48:43.071+05:30  INFO 20424 --- [appverse-ai] [http-nio-8080-exec-9] com.wipro.service.impl.AppServiceImpl    : Fetching app by id: 12
2026-06-17T23:48:43.088+05:30  INFO 20424 --- [appverse-ai] [http-nio-8080-exec-9] c.w.service.impl.DownloadServiceImpl     : Getting total downloads for app id: 12
2026-06-17T23:48:43.089+05:30  INFO 20424 --- [appverse-ai] [http-nio-8080-exec-7] com.wipro.service.impl.AppServiceImpl    : Fetching app by id: 12
2026-06-17T23:48:43.090+05:30  INFO 20424 --- [appverse-ai] [http-nio-8080-exec-4] c.w.service.impl.AppVersionServiceImpl   : Fetching versions for app id: 12
2026-06-17T23:48:43.094+05:30  INFO 20424 --- [appverse-ai] [http-nio-8080-exec-8] c.wipro.service.impl.ReviewServiceImpl   : Fetching reviews for app id: 12
2026-06-17T23:48:43.094+05:30  INFO 20424 --- [appverse-ai] [http-nio-8080-exec-3] c.w.service.impl.DownloadServiceImpl     : Fetching downloads for user id: 3
2026-06-17T23:48:43.111+05:30  INFO 20424 --- [appverse-ai] [http-nio-8080-exec-10] c.w.service.impl.DownloadServiceImpl     : Fetching downloads for user id: 3
2026-06-17T23:48:46.078+05:30  INFO 20424 --- [appverse-ai] [http-nio-8080-exec-1] c.w.service.impl.CategoryServiceImpl     : Fetching all categories
2026-06-17T23:48:46.078+05:30  INFO 20424 --- [appverse-ai] [http-nio-8080-exec-5] com.wipro.service.impl.AppServiceImpl    : Fetching all apps
2026-06-17T23:48:46.078+05:30  INFO 20424 --- [appverse-ai] [http-nio-8080-exec-6] com.wipro.service.impl.AppServiceImpl    : Fetching all apps
2026-06-17T23:48:46.099+05:30  INFO 20424 --- [appverse-ai] [http-nio-8080-exec-2] c.w.service.impl.CategoryServiceImpl     : Fetching all categories
2026-06-17T23:48:46.104+05:30  INFO 20424 --- [appverse-ai] [http-nio-8080-exec-9] com.wipro.service.impl.AppServiceImpl    : Fetching all apps
2026-06-17T23:48:46.104+05:30  INFO 20424 --- [appverse-ai] [http-nio-8080-exec-7] com.wipro.service.impl.AppServiceImpl    : Fetching all apps
2026-06-17T23:48:48.224+05:30  INFO 20424 --- [appverse-ai] [http-nio-8080-exec-8] c.wipro.service.impl.ReviewServiceImpl   : Fetching reviews for app id: 11
2026-06-17T23:48:48.224+05:30  INFO 20424 --- [appverse-ai] [http-nio-8080-exec-10] c.w.service.impl.DownloadServiceImpl     : Getting total downloads for app id: 11
2026-06-17T23:48:48.224+05:30  INFO 20424 --- [appverse-ai] [http-nio-8080-exec-3] c.w.service.impl.AppVersionServiceImpl   : Fetching versions for app id: 11
2026-06-17T23:48:48.224+05:30  INFO 20424 --- [appverse-ai] [http-nio-8080-exec-4] com.wipro.service.impl.AppServiceImpl    : Fetching app by id: 11
2026-06-17T23:48:48.242+05:30  INFO 20424 --- [appverse-ai] [http-nio-8080-exec-1] c.w.service.impl.DownloadServiceImpl     : Getting total downloads for app id: 11
2026-06-17T23:48:48.242+05:30  INFO 20424 --- [appverse-ai] [http-nio-8080-exec-6] c.wipro.service.impl.ReviewServiceImpl   : Fetching reviews for app id: 11
2026-06-17T23:48:48.244+05:30  INFO 20424 --- [appverse-ai] [http-nio-8080-exec-5] c.w.service.impl.AppVersionServiceImpl   : Fetching versions for app id: 11
2026-06-17T23:48:48.245+05:30  INFO 20424 --- [appverse-ai] [http-nio-8080-exec-2] com.wipro.service.impl.AppServiceImpl    : Fetching app by id: 11
2026-06-17T23:48:48.253+05:30  INFO 20424 --- [appverse-ai] [http-nio-8080-exec-9] c.w.service.impl.DownloadServiceImpl     : Fetching downloads for user id: 3
2026-06-17T23:48:48.276+05:30  INFO 20424 --- [appverse-ai] [http-nio-8080-exec-7] c.w.service.impl.DownloadServiceImpl     : Fetching downloads for user id: 3
2026-06-17T23:49:04.734+05:30  INFO 20424 --- [appverse-ai] [http-nio-8080-exec-3] com.wipro.service.impl.AppServiceImpl    : Fetching all apps
2026-06-17T23:49:04.734+05:30  INFO 20424 --- [appverse-ai] [http-nio-8080-exec-8] com.wipro.service.impl.AppServiceImpl    : Fetching all apps
2026-06-17T23:49:04.734+05:30  INFO 20424 --- [appverse-ai] [http-nio-8080-exec-10] c.w.service.impl.CategoryServiceImpl     : Fetching all categories
2026-06-17T23:49:04.754+05:30  INFO 20424 --- [appverse-ai] [http-nio-8080-exec-4] c.w.service.impl.CategoryServiceImpl     : Fetching all categories
2026-06-17T23:49:04.763+05:30  INFO 20424 --- [appverse-ai] [http-nio-8080-exec-6] com.wipro.service.impl.AppServiceImpl    : Fetching all apps
2026-06-17T23:49:04.764+05:30  INFO 20424 --- [appverse-ai] [http-nio-8080-exec-1] com.wipro.service.impl.AppServiceImpl    : Fetching all apps
2026-06-17T23:49:27.595+05:30  INFO 20424 --- [appverse-ai] [http-nio-8080-exec-9] c.w.service.impl.AppVersionServiceImpl   : Fetching versions for app id: 12
2026-06-17T23:49:27.595+05:30  INFO 20424 --- [appverse-ai] [http-nio-8080-exec-2] c.wipro.service.impl.ReviewServiceImpl   : Fetching reviews for app id: 12
2026-06-17T23:49:27.595+05:30  INFO 20424 --- [appverse-ai] [http-nio-8080-exec-5] com.wipro.service.impl.AppServiceImpl    : Fetching app by id: 12
2026-06-17T23:49:27.595+05:30  INFO 20424 --- [appverse-ai] [http-nio-8080-exec-7] c.w.service.impl.DownloadServiceImpl     : Getting total downloads for app id: 12
2026-06-17T23:49:27.611+05:30  INFO 20424 --- [appverse-ai] [http-nio-8080-exec-8] com.wipro.service.impl.AppServiceImpl    : Fetching app by id: 12
2026-06-17T23:49:27.611+05:30  INFO 20424 --- [appverse-ai] [http-nio-8080-exec-10] c.w.service.impl.DownloadServiceImpl     : Getting total downloads for app id: 12
2026-06-17T23:49:27.611+05:30  INFO 20424 --- [appverse-ai] [http-nio-8080-exec-4] c.wipro.service.impl.ReviewServiceImpl   : Fetching reviews for app id: 12
2026-06-17T23:49:27.611+05:30  INFO 20424 --- [appverse-ai] [http-nio-8080-exec-3] c.w.service.impl.AppVersionServiceImpl   : Fetching versions for app id: 12
2026-06-17T23:49:27.615+05:30  INFO 20424 --- [appverse-ai] [http-nio-8080-exec-1] c.w.service.impl.DownloadServiceImpl     : Fetching downloads for user id: 3
2026-06-17T23:49:27.632+05:30  INFO 20424 --- [appverse-ai] [http-nio-8080-exec-6] c.w.service.impl.DownloadServiceImpl     : Fetching downloads for user id: 3
2026-06-17T23:49:35.914+05:30  INFO 20424 --- [appverse-ai] [http-nio-8080-exec-9] c.w.service.impl.DownloadServiceImpl     : User 3 downloading app 12
2026-06-17T23:49:44.761+05:30  INFO 20424 --- [appverse-ai] [http-nio-8080-exec-5] com.wipro.service.impl.AppServiceImpl    : Fetching all apps
2026-06-17T23:49:44.761+05:30  INFO 20424 --- [appverse-ai] [http-nio-8080-exec-10] c.w.service.impl.CategoryServiceImpl     : Fetching all categories
2026-06-17T23:49:44.761+05:30  INFO 20424 --- [appverse-ai] [http-nio-8080-exec-8] com.wipro.service.impl.AppServiceImpl    : Fetching all apps
2026-06-17T23:49:44.779+05:30  INFO 20424 --- [appverse-ai] [http-nio-8080-exec-3] c.w.service.impl.CategoryServiceImpl     : Fetching all categories
2026-06-17T23:49:44.783+05:30  INFO 20424 --- [appverse-ai] [http-nio-8080-exec-4] com.wipro.service.impl.AppServiceImpl    : Fetching all apps
2026-06-17T23:49:44.783+05:30  INFO 20424 --- [appverse-ai] [http-nio-8080-exec-1] com.wipro.service.impl.AppServiceImpl    : Fetching all apps
2026-06-17T23:49:46.865+05:30  INFO 20424 --- [appverse-ai] [http-nio-8080-exec-6] com.wipro.service.impl.AppServiceImpl    : Fetching app by id: 11
2026-06-17T23:49:46.865+05:30  INFO 20424 --- [appverse-ai] [http-nio-8080-exec-7] c.wipro.service.impl.ReviewServiceImpl   : Fetching reviews for app id: 11
2026-06-17T23:49:46.866+05:30  INFO 20424 --- [appverse-ai] [http-nio-8080-exec-2] c.w.service.impl.DownloadServiceImpl     : Getting total downloads for app id: 11
2026-06-17T23:49:46.866+05:30  INFO 20424 --- [appverse-ai] [http-nio-8080-exec-9] c.w.service.impl.AppVersionServiceImpl   : Fetching versions for app id: 11
2026-06-17T23:49:46.881+05:30  INFO 20424 --- [appverse-ai] [http-nio-8080-exec-8] c.w.service.impl.DownloadServiceImpl     : Getting total downloads for app id: 11
2026-06-17T23:49:46.881+05:30  INFO 20424 --- [appverse-ai] [http-nio-8080-exec-10] c.wipro.service.impl.ReviewServiceImpl   : Fetching reviews for app id: 11
2026-06-17T23:49:46.884+05:30  INFO 20424 --- [appverse-ai] [http-nio-8080-exec-5] c.w.service.impl.AppVersionServiceImpl   : Fetching versions for app id: 11
2026-06-17T23:49:46.884+05:30  INFO 20424 --- [appverse-ai] [http-nio-8080-exec-3] com.wipro.service.impl.AppServiceImpl    : Fetching app by id: 11
2026-06-17T23:49:46.891+05:30  INFO 20424 --- [appverse-ai] [http-nio-8080-exec-1] c.w.service.impl.DownloadServiceImpl     : Fetching downloads for user id: 3
2026-06-17T23:49:46.913+05:30  INFO 20424 --- [appverse-ai] [http-nio-8080-exec-4] c.w.service.impl.DownloadServiceImpl     : Fetching downloads for user id: 3
2026-06-17T23:50:04.146+05:30  INFO 20424 --- [appverse-ai] [http-nio-8080-exec-6] c.wipro.service.impl.ReviewServiceImpl   : Creating review for app id: 11
2026-06-17T23:50:04.178+05:30  INFO 20424 --- [appverse-ai] [http-nio-8080-exec-9] c.wipro.service.impl.ReviewServiceImpl   : Fetching reviews for app id: 11
2026-06-17T23:50:41.829+05:30  INFO 20424 --- [appverse-ai] [http-nio-8080-exec-2] com.wipro.service.impl.AppServiceImpl    : Fetching all apps
2026-06-17T23:50:41.829+05:30  INFO 20424 --- [appverse-ai] [http-nio-8080-exec-10] c.w.service.impl.CategoryServiceImpl     : Fetching all categories
2026-06-17T23:50:41.847+05:30  INFO 20424 --- [appverse-ai] [http-nio-8080-exec-8] c.w.service.impl.CategoryServiceImpl     : Fetching all categories
2026-06-17T23:50:41.853+05:30  INFO 20424 --- [appverse-ai] [http-nio-8080-exec-3] com.wipro.service.impl.AppServiceImpl    : Fetching all apps
2026-06-17T23:50:47.360+05:30  INFO 20424 --- [appverse-ai] [http-nio-8080-exec-6] com.wipro.service.impl.AppServiceImpl    : Searching apps with keyword: t
2026-06-17T23:50:50.720+05:30  INFO 20424 --- [appverse-ai] [http-nio-8080-exec-9] com.wipro.service.impl.AppServiceImpl    : Fetching all apps
2026-06-17T23:50:51.794+05:30  INFO 20424 --- [appverse-ai] [http-nio-8080-exec-2] com.wipro.service.impl.AppServiceImpl    : Searching apps with keyword: Y
2026-06-17T23:50:52.830+05:30  INFO 20424 --- [appverse-ai] [http-nio-8080-exec-8] com.wipro.service.impl.AppServiceImpl    : Fetching all apps
2026-06-17T23:50:54.323+05:30  INFO 20424 --- [appverse-ai] [http-nio-8080-exec-5] com.wipro.service.impl.AppServiceImpl    : Searching apps with keyword: T
2026-06-17T23:50:57.805+05:30  INFO 20424 --- [appverse-ai] [http-nio-8080-exec-4] com.wipro.service.impl.AppServiceImpl    : Searching apps with keyword: Te
2026-06-17T23:50:59.956+05:30  INFO 20424 --- [appverse-ai] [http-nio-8080-exec-7] com.wipro.service.impl.AppServiceImpl    : Searching apps with keyword: T
2026-06-17T23:51:00.142+05:30  INFO 20424 --- [appverse-ai] [http-nio-8080-exec-6] com.wipro.service.impl.AppServiceImpl    : Fetching all apps
2026-06-17T23:52:46.522+05:30  INFO 20424 --- [appverse-ai] [http-nio-8080-exec-1] com.wipro.service.impl.AppServiceImpl    : Fetching all apps
2026-06-17T23:52:46.522+05:30  INFO 20424 --- [appverse-ai] [http-nio-8080-exec-3] c.w.service.impl.DownloadServiceImpl     : Fetching downloads for user id: 3
2026-06-17T23:52:46.522+05:30  INFO 20424 --- [appverse-ai] [http-nio-8080-exec-4] c.wipro.service.impl.ReviewServiceImpl   : Fetching all reviews
2026-06-17T23:52:46.526+05:30  INFO 20424 --- [appverse-ai] [http-nio-8080-exec-7] c.w.s.impl.RecommendationServiceImpl     : Fetching recommendations for user id: 3
2026-06-17T23:52:46.538+05:30  INFO 20424 --- [appverse-ai] [http-nio-8080-exec-9] com.wipro.service.impl.AppServiceImpl    : Fetching all apps
2026-06-17T23:52:46.538+05:30  INFO 20424 --- [appverse-ai] [http-nio-8080-exec-6] c.w.service.impl.DownloadServiceImpl     : Fetching downloads for user id: 3
2026-06-17T23:52:46.555+05:30  INFO 20424 --- [appverse-ai] [http-nio-8080-exec-10] c.w.s.impl.RecommendationServiceImpl     : Fetching recommendations for user id: 3
2026-06-17T23:52:46.557+05:30  INFO 20424 --- [appverse-ai] [http-nio-8080-exec-2] c.wipro.service.impl.ReviewServiceImpl   : Fetching all reviews
2026-06-17T23:53:02.579+05:30  INFO 20424 --- [appverse-ai] [http-nio-8080-exec-5] com.wipro.service.impl.AppServiceImpl    : Fetching all apps
2026-06-17T23:53:02.579+05:30  INFO 20424 --- [appverse-ai] [http-nio-8080-exec-8] c.w.s.impl.RecommendationServiceImpl     : Fetching recommendations for user id: 3
2026-06-17T23:53:02.595+05:30  INFO 20424 --- [appverse-ai] [http-nio-8080-exec-3] c.w.s.impl.RecommendationServiceImpl     : Fetching recommendations for user id: 3
2026-06-17T23:53:02.601+05:30  INFO 20424 --- [appverse-ai] [http-nio-8080-exec-1] com.wipro.service.impl.AppServiceImpl    : Fetching all apps
2026-06-17T23:53:48.704+05:30  INFO 20424 --- [appverse-ai] [http-nio-8080-exec-4] c.w.s.impl.RecommendationServiceImpl     : Creating recommendation for user id: 3
2026-06-17T23:53:48.739+05:30  INFO 20424 --- [appverse-ai] [http-nio-8080-exec-2] com.wipro.service.impl.AppServiceImpl    : Fetching all apps
2026-06-17T23:53:48.739+05:30  INFO 20424 --- [appverse-ai] [http-nio-8080-exec-10] c.w.s.impl.RecommendationServiceImpl     : Fetching recommendations for user id: 3
2026-06-17T23:53:48.764+05:30  INFO 20424 --- [appverse-ai] [http-nio-8080-exec-5] com.wipro.service.impl.AppServiceImpl    : Fetching app by id: 19
2026-06-17T23:54:02.122+05:30  INFO 20424 --- [appverse-ai] [http-nio-8080-exec-3] c.w.service.impl.DownloadServiceImpl     : Fetching downloads for user id: 3
2026-06-17T23:54:02.142+05:30  INFO 20424 --- [appverse-ai] [http-nio-8080-exec-1] c.w.service.impl.DownloadServiceImpl     : Fetching downloads for user id: 3
2026-06-17T23:54:02.144+05:30  INFO 20424 --- [appverse-ai] [http-nio-8080-exec-6] com.wipro.service.impl.AppServiceImpl    : Fetching app by id: 11
2026-06-17T23:54:02.145+05:30  INFO 20424 --- [appverse-ai] [http-nio-8080-exec-4] com.wipro.service.impl.AppServiceImpl    : Fetching app by id: 12
2026-06-17T23:54:02.149+05:30  INFO 20424 --- [appverse-ai] [http-nio-8080-exec-2] com.wipro.service.impl.AppServiceImpl    : Fetching app by id: 15
2026-06-17T23:54:02.149+05:30  INFO 20424 --- [appverse-ai] [http-nio-8080-exec-10] com.wipro.service.impl.AppServiceImpl    : Fetching app by id: 13
2026-06-17T23:54:02.160+05:30  INFO 20424 --- [appverse-ai] [http-nio-8080-exec-5] com.wipro.service.impl.AppServiceImpl    : Fetching app by id: 12
2026-06-17T23:54:02.160+05:30  INFO 20424 --- [appverse-ai] [http-nio-8080-exec-7] com.wipro.service.impl.AppServiceImpl    : Fetching app by id: 13
2026-06-17T23:54:02.160+05:30  INFO 20424 --- [appverse-ai] [http-nio-8080-exec-3] com.wipro.service.impl.AppServiceImpl    : Fetching app by id: 15
2026-06-17T23:54:02.160+05:30  INFO 20424 --- [appverse-ai] [http-nio-8080-exec-8] com.wipro.service.impl.AppServiceImpl    : Fetching app by id: 11
2026-06-17T23:54:08.005+05:30  INFO 20424 --- [appverse-ai] [http-nio-8080-exec-6] com.wipro.service.impl.AppServiceImpl    : Fetching all apps
2026-06-17T23:54:08.005+05:30  INFO 20424 --- [appverse-ai] [http-nio-8080-exec-9] c.w.s.impl.RecommendationServiceImpl     : Fetching recommendations for user id: 3
2026-06-17T23:54:08.030+05:30  INFO 20424 --- [appverse-ai] [http-nio-8080-exec-1] c.w.s.impl.RecommendationServiceImpl     : Fetching recommendations for user id: 3
2026-06-17T23:54:08.034+05:30  INFO 20424 --- [appverse-ai] [http-nio-8080-exec-4] com.wipro.service.impl.AppServiceImpl    : Fetching all apps
2026-06-17T23:54:08.036+05:30  INFO 20424 --- [appverse-ai] [http-nio-8080-exec-10] com.wipro.service.impl.AppServiceImpl    : Fetching app by id: 19
2026-06-17T23:54:08.058+05:30  INFO 20424 --- [appverse-ai] [http-nio-8080-exec-2] com.wipro.service.impl.AppServiceImpl    : Fetching app by id: 19
2026-06-17T23:54:25.073+05:30  INFO 20424 --- [appverse-ai] [http-nio-8080-exec-7] com.wipro.service.impl.UserServiceImpl   : Login attempt for email: admin@example.com
2026-06-17T23:54:25.152+05:30  INFO 20424 --- [appverse-ai] [http-nio-8080-exec-7] com.wipro.service.impl.UserServiceImpl   : Login successful for email: admin@example.com
2026-06-17T23:54:25.162+05:30  INFO 20424 --- [appverse-ai] [http-nio-8080-exec-3] com.wipro.service.impl.UserServiceImpl   : Fetching all users
2026-06-17T23:54:25.194+05:30  INFO 20424 --- [appverse-ai] [http-nio-8080-exec-5] c.w.service.impl.CategoryServiceImpl     : Fetching all categories
2026-06-17T23:54:25.194+05:30  INFO 20424 --- [appverse-ai] [http-nio-8080-exec-9] com.wipro.service.impl.AppServiceImpl    : Fetching all apps
2026-06-17T23:54:25.194+05:30  INFO 20424 --- [appverse-ai] [http-nio-8080-exec-8] com.wipro.service.impl.AppServiceImpl    : Fetching all apps
2026-06-17T23:54:25.216+05:30  INFO 20424 --- [appverse-ai] [http-nio-8080-exec-6] c.w.service.impl.CategoryServiceImpl     : Fetching all categories
2026-06-17T23:54:25.221+05:30  INFO 20424 --- [appverse-ai] [http-nio-8080-exec-1] com.wipro.service.impl.AppServiceImpl    : Fetching all apps
2026-06-17T23:54:25.221+05:30  INFO 20424 --- [appverse-ai] [http-nio-8080-exec-10] com.wipro.service.impl.AppServiceImpl    : Fetching all apps
2026-06-17T23:54:41.733+05:30  INFO 20424 --- [appverse-ai] [http-nio-8080-exec-3] c.w.service.impl.CategoryServiceImpl     : Fetching all categories
2026-06-17T23:54:41.733+05:30  INFO 20424 --- [appverse-ai] [http-nio-8080-exec-2] com.wipro.service.impl.UserServiceImpl   : Fetching all users
2026-06-17T23:54:41.733+05:30  INFO 20424 --- [appverse-ai] [http-nio-8080-exec-7] com.wipro.service.impl.AppServiceImpl    : Fetching all apps
2026-06-17T23:54:41.733+05:30  INFO 20424 --- [appverse-ai] [http-nio-8080-exec-9] c.wipro.service.impl.ReviewServiceImpl   : Fetching all reviews
2026-06-17T23:54:41.746+05:30  INFO 20424 --- [appverse-ai] [http-nio-8080-exec-8] c.w.service.impl.DownloadServiceImpl     : Fetching all downloads
2026-06-17T23:54:41.749+05:30  INFO 20424 --- [appverse-ai] [http-nio-8080-exec-6] c.w.service.impl.CategoryServiceImpl     : Fetching all categories
2026-06-17T23:54:41.760+05:30  INFO 20424 --- [appverse-ai] [http-nio-8080-exec-1] com.wipro.service.impl.AppServiceImpl    : Fetching all apps
2026-06-17T23:54:41.760+05:30  INFO 20424 --- [appverse-ai] [http-nio-8080-exec-10] com.wipro.service.impl.UserServiceImpl   : Fetching all users
2026-06-17T23:54:41.763+05:30  INFO 20424 --- [appverse-ai] [http-nio-8080-exec-5] c.wipro.service.impl.ReviewServiceImpl   : Fetching all reviews
2026-06-17T23:54:41.775+05:30  INFO 20424 --- [appverse-ai] [http-nio-8080-exec-4] c.w.service.impl.DownloadServiceImpl     : Fetching all downloads
2026-06-17T23:55:46.344+05:30  INFO 20424 --- [appverse-ai] [http-nio-8080-exec-5] c.w.service.impl.DownloadServiceImpl     : Fetching downloads for user id: 2
2026-06-17T23:55:46.356+05:30  INFO 20424 --- [appverse-ai] [http-nio-8080-exec-4] c.w.service.impl.DownloadServiceImpl     : Fetching downloads for user id: 2
2026-06-17T23:55:47.706+05:30  INFO 20424 --- [appverse-ai] [http-nio-8080-exec-2] com.wipro.service.impl.AppServiceImpl    : Fetching all apps
2026-06-17T23:55:47.706+05:30  INFO 20424 --- [appverse-ai] [http-nio-8080-exec-6] c.w.service.impl.DownloadServiceImpl     : Fetching all downloads
2026-06-17T23:55:47.730+05:30  INFO 20424 --- [appverse-ai] [http-nio-8080-exec-9] com.wipro.service.impl.AppServiceImpl    : Fetching all apps
2026-06-17T23:55:47.740+05:30  INFO 20424 --- [appverse-ai] [http-nio-8080-exec-10] c.w.service.impl.DownloadServiceImpl     : Fetching all downloads
2026-06-17T23:55:52.892+05:30  INFO 20424 --- [appverse-ai] [http-nio-8080-exec-8] com.wipro.service.impl.AppServiceImpl    : Fetching all apps
2026-06-17T23:55:52.892+05:30  INFO 20424 --- [appverse-ai] [http-nio-8080-exec-1] c.w.service.impl.CategoryServiceImpl     : Fetching all categories
2026-06-17T23:55:52.908+05:30  INFO 20424 --- [appverse-ai] [http-nio-8080-exec-5] c.w.service.impl.CategoryServiceImpl     : Fetching all categories
2026-06-17T23:55:52.909+05:30  INFO 20424 --- [appverse-ai] [http-nio-8080-exec-4] com.wipro.service.impl.AppServiceImpl    : Fetching all apps
2026-06-17T23:55:52.921+05:30  INFO 20424 --- [appverse-ai] [http-nio-8080-exec-7] c.w.s.impl.DeveloperProfileServiceImpl   : Fetching developer profile for user id: 2
2026-06-17T23:55:52.945+05:30  INFO 20424 --- [appverse-ai] [http-nio-8080-exec-2] c.w.s.impl.DeveloperProfileServiceImpl   : Fetching developer profile for user id: 2
2026-06-17T23:55:53.908+05:30  INFO 20424 --- [appverse-ai] [http-nio-8080-exec-9] com.wipro.service.impl.AppServiceImpl    : Fetching all apps
2026-06-17T23:55:53.908+05:30  INFO 20424 --- [appverse-ai] [http-nio-8080-exec-6] com.wipro.service.impl.UserServiceImpl   : Fetching all users
2026-06-17T23:55:53.908+05:30  INFO 20424 --- [appverse-ai] [http-nio-8080-exec-10] c.w.service.impl.CategoryServiceImpl     : Fetching all categories
2026-06-17T23:55:53.911+05:30  INFO 20424 --- [appverse-ai] [http-nio-8080-exec-1] c.w.service.impl.DownloadServiceImpl     : Fetching all downloads
2026-06-17T23:55:53.911+05:30  INFO 20424 --- [appverse-ai] [http-nio-8080-exec-8] c.wipro.service.impl.ReviewServiceImpl   : Fetching all reviews
2026-06-17T23:55:53.924+05:30  INFO 20424 --- [appverse-ai] [http-nio-8080-exec-3] c.w.service.impl.CategoryServiceImpl     : Fetching all categories
2026-06-17T23:55:53.926+05:30  INFO 20424 --- [appverse-ai] [http-nio-8080-exec-5] com.wipro.service.impl.UserServiceImpl   : Fetching all users
2026-06-17T23:55:53.927+05:30  INFO 20424 --- [appverse-ai] [http-nio-8080-exec-4] com.wipro.service.impl.AppServiceImpl    : Fetching all apps
2026-06-17T23:55:53.934+05:30  INFO 20424 --- [appverse-ai] [http-nio-8080-exec-7] c.wipro.service.impl.ReviewServiceImpl   : Fetching all reviews
2026-06-17T23:55:53.936+05:30  INFO 20424 --- [appverse-ai] [http-nio-8080-exec-2] c.w.service.impl.DownloadServiceImpl     : Fetching all downloads
2026-06-17T23:56:23.646+05:30  INFO 20424 --- [appverse-ai] [http-nio-8080-exec-8] com.wipro.service.impl.AppServiceImpl    : Fetching all apps
2026-06-17T23:56:23.646+05:30  INFO 20424 --- [appverse-ai] [http-nio-8080-exec-1] c.wipro.service.impl.ReviewServiceImpl   : Fetching all reviews
2026-06-17T23:56:23.646+05:30  INFO 20424 --- [appverse-ai] [http-nio-8080-exec-6] c.w.service.impl.DownloadServiceImpl     : Fetching downloads for user id: 2
2026-06-17T23:56:23.653+05:30  INFO 20424 --- [appverse-ai] [http-nio-8080-exec-3] c.w.s.impl.RecommendationServiceImpl     : Fetching recommendations for user id: 2
2026-06-17T23:56:23.665+05:30  INFO 20424 --- [appverse-ai] [http-nio-8080-exec-5] c.w.service.impl.DownloadServiceImpl     : Fetching downloads for user id: 2
2026-06-17T23:56:23.666+05:30  INFO 20424 --- [appverse-ai] [http-nio-8080-exec-4] c.w.s.impl.RecommendationServiceImpl     : Fetching recommendations for user id: 2
2026-06-17T23:56:23.673+05:30  INFO 20424 --- [appverse-ai] [http-nio-8080-exec-7] com.wipro.service.impl.AppServiceImpl    : Fetching all apps
2026-06-17T23:56:23.675+05:30  INFO 20424 --- [appverse-ai] [http-nio-8080-exec-2] c.wipro.service.impl.ReviewServiceImpl   : Fetching all reviews
2026-06-17T23:56:31.721+05:30  INFO 20424 --- [appverse-ai] [http-nio-8080-exec-10] c.wipro.service.impl.ReviewServiceImpl   : Fetching all reviews
2026-06-17T23:56:31.721+05:30  INFO 20424 --- [appverse-ai] [http-nio-8080-exec-9] c.w.service.impl.DownloadServiceImpl     : Fetching downloads for user id: 2
2026-06-17T23:56:31.733+05:30  INFO 20424 --- [appverse-ai] [http-nio-8080-exec-6] c.w.service.impl.DownloadServiceImpl     : Fetching downloads for user id: 2
2026-06-17T23:56:31.742+05:30  INFO 20424 --- [appverse-ai] [http-nio-8080-exec-3] c.wipro.service.impl.ReviewServiceImpl   : Fetching all reviews
2026-06-17T23:56:42.655+05:30  INFO 20424 --- [appverse-ai] [http-nio-8080-exec-8] com.wipro.service.impl.UserServiceImpl   : Login attempt for email: john@example.com
2026-06-17T23:56:42.717+05:30  INFO 20424 --- [appverse-ai] [http-nio-8080-exec-8] com.wipro.service.impl.UserServiceImpl   : Login successful for email: john@example.com
2026-06-17T23:56:42.733+05:30  INFO 20424 --- [appverse-ai] [http-nio-8080-exec-1] com.wipro.service.impl.UserServiceImpl   : Fetching all users
2026-06-17T23:56:42.789+05:30  INFO 20424 --- [appverse-ai] [http-nio-8080-exec-4] c.w.service.impl.CategoryServiceImpl     : Fetching all categories
2026-06-17T23:56:42.789+05:30  INFO 20424 --- [appverse-ai] [http-nio-8080-exec-7] com.wipro.service.impl.AppServiceImpl    : Fetching all apps
2026-06-17T23:56:42.789+05:30  INFO 20424 --- [appverse-ai] [http-nio-8080-exec-5] com.wipro.service.impl.AppServiceImpl    : Fetching all apps
2026-06-17T23:56:42.828+05:30  INFO 20424 --- [appverse-ai] [http-nio-8080-exec-2] c.w.service.impl.CategoryServiceImpl     : Fetching all categories
2026-06-17T23:56:42.828+05:30  INFO 20424 --- [appverse-ai] [http-nio-8080-exec-10] com.wipro.service.impl.AppServiceImpl    : Fetching all apps
2026-06-17T23:56:42.830+05:30  INFO 20424 --- [appverse-ai] [http-nio-8080-exec-9] com.wipro.service.impl.AppServiceImpl    : Fetching all apps
2026-06-17T23:56:49.240+05:30  INFO 20424 --- [appverse-ai] [http-nio-8080-exec-6] com.wipro.service.impl.AppServiceImpl    : Fetching all apps
2026-06-17T23:56:49.240+05:30  INFO 20424 --- [appverse-ai] [http-nio-8080-exec-3] c.w.service.impl.CategoryServiceImpl     : Fetching all categories
2026-06-17T23:56:49.257+05:30  INFO 20424 --- [appverse-ai] [http-nio-8080-exec-8] c.w.service.impl.CategoryServiceImpl     : Fetching all categories
2026-06-17T23:56:49.264+05:30  INFO 20424 --- [appverse-ai] [http-nio-8080-exec-1] com.wipro.service.impl.AppServiceImpl    : Fetching all apps
2026-06-17T23:56:49.271+05:30  INFO 20424 --- [appverse-ai] [http-nio-8080-exec-7] c.w.s.impl.DeveloperProfileServiceImpl   : Fetching developer profile for user id: 1
2026-06-17T23:56:49.285+05:30  INFO 20424 --- [appverse-ai] [http-nio-8080-exec-5] c.w.s.impl.DeveloperProfileServiceImpl   : Fetching developer profile for user id: 1
2026-06-17T23:57:03.060+05:30  INFO 20424 --- [appverse-ai] [http-nio-8080-exec-10] c.w.service.impl.DownloadServiceImpl     : Fetching all downloads
2026-06-17T23:57:03.060+05:30  INFO 20424 --- [appverse-ai] [http-nio-8080-exec-9] com.wipro.service.impl.AppServiceImpl    : Fetching all apps
